date,rank,movieCd,movieNm,openDt,audiCnt,audiAcc,salesAmt,salesAcc,scrnCnt,showCnt
2025-08-15,1,20241941,좀비딸,2025-07-30,290709,4046131,2835148970,38201765980,1438,6343
2025-08-15,2,20254501,F1 더 무비,2025-06-25,140886,3971606,1598074170,42788953890,937,2792
2025-08-15,3,20210546,악마가 이사왔다,2025-08-13,73914,166307,720667880,1567588050,839,3181
2025-08-15,4,20256701,긴키 지방의 어느 장소에 대하여,2025-08-13,24374,52879,251920180,530160100,411,613
2025-08-15,5,20254275,킹 오브 킹스,2025-07-16,21818,1206408,210550250,11395045306,526,707
2025-08-15,6,20252680,스머프,2025-08-06,19243,131397,177210590,1166291440,535,693
2025-08-15,7,20248711,발레리나,2025-08-06,19142,256380,196316400,2546248560,532,871
2025-08-15,8,20247460,배드 가이즈 2,2025-07-30,17719,344332,163500090,3101990430,481,614
2025-08-15,9,20255655,식스데이즈,2025-08-13,5415,26096,119130000,570164000,113,256
2025-08-15,10,20254603,베베핀 극장판: 사라진 베베핀과 핑크퐁 대모험,2025-07-24,5057,202760,50994500,1883312110,186,210
2025-08-16,1,20241941,좀비딸,2025-07-30,261583,4307714,2569869840,40771635820,1477,6413
2025-08-16,2,20254501,F1 더 무비,2025-06-25,130471,4102077,1462043500,44250997390,981,2845
2025-08-16,3,20210546,악마가 이사왔다,2025-08-13,57897,224204,572753440,2140341490,814,2933
2025-08-16,4,20256701,긴키 지방의 어느 장소에 대하여,2025-08-13,25833,78712,269824960,799985060,437,686
2025-08-16,5,20248711,발레리나,2025-08-06,18151,274531,186195060,2732443620,540,859
2025-08-16,6,20254275,킹 오브 킹스,2025-07-16,17779,1224187,168246630,11563291936,536,709
2025-08-16,7,20247460,배드 가이즈 2,2025-07-30,12506,356838,116708880,3218699310,500,622
2025-08-16,8,20252680,스머프,2025-08-06,12034,143431,110673980,1276965420,517,659
2025-08-16,9,20253289,극장판 귀멸의 칼날: 무한성편,2025-08-22,11548,12172,191858500,202466500,37,37
2025-08-16,10,20255655,식스데이즈,2025-08-13,5258,31354,115676000,685840000,117,250
2025-08-17,1,20241941,좀비딸,2025-07-30,211059,4518773,2063574260,42835210080,1442,6003
2025-08-17,2,20254501,F1 더 무비,2025-06-25,103896,4205973,1159259850,45410257240,969,2674
2025-08-17,3,20210546,악마가 이사왔다,2025-08-13,45855,270059,457626580,2597968070,789,2666
2025-08-17,4,20256701,긴키 지방의 어느 장소에 대하여,2025-08-13,22932,101644,238754430,1038739490,432,694
2025-08-17,5,20254275,킹 오브 킹스,2025-07-16,19531,1243718,179133800,11742425736,539,671
2025-08-17,6,20248711,발레리나,2025-08-06,12350,286881,126387710,2858831330,526,800
2025-08-17,7,20247460,배드 가이즈 2,2025-07-30,11878,368716,110313980,3329013290,476,596
2025-08-17,8,20252680,스머프,2025-08-06,11798,155229,108147630,1385113050,507,643
2025-08-17,9,20253289,극장판 귀멸의 칼날: 무한성편,2025-08-22,11460,23632,190379000,392845500,37,37
2025-08-17,10,20251543,독립군: 끝나지 않은 전쟁,2025-08-13,4606,16392,42516500,151422400,163,176
2025-08-18,1,20241941,좀비딸,2025-07-30,61234,4580007,581856240,43417066320,1207,5004
2025-08-18,2,20254501,F1 더 무비,2025-06-25,36659,4242632,402818550,45813075790,879,2464
2025-08-18,3,20210546,악마가 이사왔다,2025-08-13,15199,285258,140077380,2738045450,702,2288
2025-08-18,4,20256701,긴키 지방의 어느 장소에 대하여,2025-08-13,10956,112600,110435160,1149174650,388,691
2025-08-18,5,20248711,발레리나,2025-08-06,5658,292539,54797000,2913628330,494,824
2025-08-18,6,20254275,킹 오브 킹스,2025-07-16,3263,1246981,30437450,11772863186,363,447
2025-08-18,7,20252680,스머프,2025-08-06,2664,157893,22952700,1408065750,285,317
2025-08-18,8,20247460,배드 가이즈 2,2025-07-30,2522,371238,22227700,3351240990,299,343
2025-08-18,9,20251543,독립군: 끝나지 않은 전쟁,2025-08-13,2317,18709,20602820,172025220,160,177
2025-08-18,10,20256149,머티리얼리스트,2025-08-08,1762,43685,14620000,412885340,130,238
2025-08-19,1,20241941,좀비딸,2025-07-30,53951,4633958,506850180,43923916500,1234,4949
2025-08-19,2,20254501,F1 더 무비,2025-06-25,34652,4277284,388850910,46201926700,878,2445
2025-08-19,3,20210546,악마가 이사왔다,2025-08-13,15336,300594,138681960,2876727410,706,2281
2025-08-19,4,20256701,긴키 지방의 어느 장소에 대하여,2025-08-13,10584,123184,106584850,1255759500,433,754
2025-08-19,5,20248711,발레리나,2025-08-06,5271,297810,51198500,2964826830,514,829
2025-08-19,6,20254275,킹 오브 킹스,2025-07-16,3350,1250331,30358300,11803221486,350,428
2025-08-19,7,20252680,스머프,2025-08-06,2578,160471,21193700,1429259450,294,333
2025-08-19,8,20251543,독립군: 끝나지 않은 전쟁,2025-08-13,2476,21185,22936100,194961320,177,194
2025-08-19,9,20247460,배드 가이즈 2,2025-07-30,2385,373623,20632650,3371873640,273,311
2025-08-19,10,20256522,백! 스테이지,,2286,3881,11430000,19413000,25,42
2025-08-20,1,20241941,좀비딸,2025-07-30,50380,4684338,475149940,44399066440,1267,4932
2025-08-20,2,20254501,F1 더 무비,2025-06-25,37646,4314930,420377440,46622304140,889,2522
2025-08-20,3,20210546,악마가 이사왔다,2025-08-13,17549,318143,153599560,3030326970,707,2139
2025-08-20,4,20256701,긴키 지방의 어느 장소에 대하여,2025-08-13,10273,133457,104476950,1360236450,420,766
2025-08-20,5,20248711,발레리나,2025-08-06,5155,302965,50606800,3015433630,466,770
2025-08-20,6,20255937,어글리 시스터,2025-08-20,5011,5211,45932400,47332400,187,413
2025-08-20,7,20254275,킹 오브 킹스,2025-07-16,2465,1252796,22495300,11825716786,319,380
2025-08-20,8,20110026,로마의 휴일,2025-08-20,2319,28254,20943600,131646600,77,123
2025-08-20,9,20252680,스머프,2025-08-06,2227,162698,17149300,1446408750,211,229
2025-08-20,10,20255655,식스데이즈,2025-08-13,1903,37119,41866000,812670000,109,226
2025-08-21,1,20241941,좀비딸,2025-07-30,46998,4731336,438391990,44837458430,1255,4871
2025-08-21,2,20254501,F1 더 무비,2025-06-25,39199,4354129,441919350,47064223490,879,2496
2025-08-21,3,20210546,악마가 이사왔다,2025-08-13,15634,333777,140690780,3171017750,709,2136
2025-08-21,4,20256701,긴키 지방의 어느 장소에 대하여,2025-08-13,9463,142920,97096740,1457333190,438,783
2025-08-21,5,20248711,발레리나,2025-08-06,4975,307940,48354140,3063787770,453,786
2025-08-21,6,20255937,어글리 시스터,2025-08-20,3001,8212,28578700,75911100,182,365
2025-08-21,7,20254275,킹 오브 킹스,2025-07-16,2854,1255650,25786250,11851503036,338,408
2025-08-21,8,20253289,극장판 귀멸의 칼날: 무한성편,2025-08-22,2330,25962,37098000,429943500,9,9
2025-08-21,9,20245055,백산 - 의령에서 발해까지,2025-02-05,2087,10470,11978500,75710500,42,55
2025-08-21,10,20252680,스머프,2025-08-06,1700,164398,12877300,1459286050,204,216
2025-08-22,1,20253289,극장판 귀멸의 칼날: 무한성편,2025-08-22,517922,543884,5674122640,6104066140,2298,8510
2025-08-22,2,20241941,좀비딸,2025-07-30,48263,4779599,468655590,45306114020,888,2353
2025-08-22,3,20254501,F1 더 무비,2025-06-25,27337,4381466,284507800,47348731290,602,1213
2025-08-22,4,20210546,악마가 이사왔다,2025-08-13,8380,342157,76451850,3247469600,531,745
2025-08-22,5,20256701,긴키 지방의 어느 장소에 대하여,2025-08-13,8285,151205,88393020,1545726210,261,363
2025-08-22,6,20231024,온리 갓 노우즈 에브리띵,2025-08-22,4318,7376,38219600,63324200,336,442
2025-08-22,7,20255937,어글리 시스터,2025-08-20,2531,10743,26733200,102644300,153,209
2025-08-22,8,20251543,독립군: 끝나지 않은 전쟁,2025-08-13,2018,26296,18052900,240474020,149,168
2025-08-22,9,20252680,스머프,2025-08-06,1904,166302,13798000,1473084050,118,120
2025-08-22,10,20254603,베베핀 극장판: 사라진 베베핀과 핑크퐁 대모험,2025-07-24,1886,216604,11416200,1998903410,61,65
2025-08-23,1,20253289,극장판 귀멸의 칼날: 무한성편,2025-08-22,606257,1150141,6504297540,12608363680,2279,8840
2025-08-23,2,20241941,좀비딸,2025-07-30,116869,4896468,1144051270,46450165290,897,2438
2025-08-23,3,20254501,F1 더 무비,2025-06-25,64044,4445510,656185450,48004916740,625,1286
2025-08-23,4,20210546,악마가 이사왔다,2025-08-13,19304,361461,196554320,3444023920,525,744
2025-08-23,5,20256701,긴키 지방의 어느 장소에 대하여,2025-08-13,18908,170113,195663580,1741389790,288,420
2025-08-23,6,20254275,킹 오브 킹스,2025-07-16,8748,1266129,83937900,11951180136,268,289
2025-08-23,7,20252680,스머프,2025-08-06,5327,171629,48093840,1521177890,260,285
2025-08-23,8,20247460,배드 가이즈 2,2025-07-30,5072,382385,46352600,3449716210,202,224
2025-08-23,9,20255937,어글리 시스터,2025-08-20,4058,14801,43275200,145919500,155,200
2025-08-23,10,20231024,온리 갓 노우즈 에브리띵,2025-08-22,3829,11205,36361800,99686000,298,351
2025-08-24,1,20253289,극장판 귀멸의 칼날: 무한성편,2025-08-22,498936,1649077,5355541070,17963904750,2237,8413
2025-08-24,2,20241941,좀비딸,2025-07-30,107084,5003552,1041088460,47491253750,912,2352
2025-08-24,3,20254501,F1 더 무비,2025-06-25,59898,4505408,608919580,48613836320,630,1275
2025-08-24,4,20256701,긴키 지방의 어느 장소에 대하여,2025-08-13,18460,188573,190485420,1931875210,289,427
2025-08-24,5,20210546,악마가 이사왔다,2025-08-13,17146,378607,173535630,3617559550,508,715
2025-08-24,6,20254275,킹 오브 킹스,2025-07-16,11993,1278122,114990200,12066170336,288,314
2025-08-24,7,20247460,배드 가이즈 2,2025-07-30,5383,387768,50541120,3500257330,204,224
2025-08-24,8,20252680,스머프,2025-08-06,5242,176871,47527250,1568705140,250,266
2025-08-24,9,20231024,온리 갓 노우즈 에브리띵,2025-08-22,2852,14057,27718500,127404500,269,311
2025-08-24,10,20255937,어글리 시스터,2025-08-20,2667,17468,27887900,173807400,139,176
2025-08-25,1,20253289,극장판 귀멸의 칼날: 무한성편,2025-08-22,215368,1864445,2331854220,20295758970,2011,7013
2025-08-25,2,20241941,좀비딸,2025-07-30,28928,5032480,275759600,47767013350,777,2210
2025-08-25,3,20254501,F1 더 무비,2025-06-25,20195,4525603,201183230,48815019550,623,1369
2025-08-25,4,20256701,긴키 지방의 어느 장소에 대하여,2025-08-13,6675,195248,68443960,2000319170,305,458
2025-08-25,5,20210546,악마가 이사왔다,2025-08-13,5390,383997,50166500,3667726050,479,661
2025-08-25,6,20255937,어글리 시스터,2025-08-20,1493,18961,15494200,189301600,156,208
2025-08-25,7,20231024,온리 갓 노우즈 에브리띵,2025-08-22,1266,15323,10538200,137942700,239,292
2025-08-25,8,20251543,독립군: 끝나지 않은 전쟁,2025-08-13,1243,32828,11456600,299169820,139,170
2025-08-25,9,20248711,발레리나,2025-08-06,1024,315120,10060500,3136326770,110,135
2025-08-25,10,20254275,킹 오브 킹스,2025-07-16,1004,1279126,9245200,12075415536,160,168
2025-08-26,1,20253289,극장판 귀멸의 칼날: 무한성편,2025-08-22,152305,2016750,1681574480,21977333450,2014,6942
2025-08-26,2,20241941,좀비딸,2025-07-30,27583,5060063,259026240,48026039590,820,2284
2025-08-26,3,20254501,F1 더 무비,2025-06-25,19280,4544883,191249650,49006269200,639,1390
2025-08-26,4,20210546,악마가 이사왔다,2025-08-13,6165,390162,54141200,3721867250,498,684
2025-08-26,5,20256701,긴키 지방의 어느 장소에 대하여,2025-08-13,6089,201337,62221690,2062540860,299,451
2025-08-26,6,20255937,어글리 시스터,2025-08-20,1453,20414,15230600,204532200,152,206
2025-08-26,7,20248711,발레리나,2025-08-06,1317,316437,13008000,3149334770,122,153
2025-08-26,8,20231024,온리 갓 노우즈 에브리띵,2025-08-22,1292,16615,10956900,148899600,262,309
2025-08-26,9,20254275,킹 오브 킹스,2025-07-16,1191,1280317,10604840,12086020376,161,169
2025-08-26,10,20251543,독립군: 끝나지 않은 전쟁,2025-08-13,1170,33998,10704800,309874620,146,174
2025-08-27,1,20253289,극장판 귀멸의 칼날: 무한성편,2025-08-22,217627,2234377,1940977120,23918310570,2155,6877
2025-08-27,2,20241941,좀비딸,2025-07-30,57529,5117592,440955280,48466994870,865,2092
2025-08-27,3,20254501,F1 더 무비,2025-06-25,43315,4588198,347637610,49353906810,742,1319
2025-08-27,4,20256202,노바디2,2025-08-27,17097,21121,128823800,156991800,331,945
2025-08-27,5,20256281,첫사랑 엔딩,2025-08-27,15615,15615,125520740,125520740,489,717
2025-08-27,6,20256701,긴키 지방의 어느 장소에 대하여,2025-08-13,8226,209563,66291140,2128832000,277,367
2025-08-27,7,20210546,악마가 이사왔다,2025-08-13,7109,397271,54868600,3776735850,363,446
2025-08-27,8,20256185,프리키 프라이데이 2,2025-08-27,6244,6941,49495500,56465500,416,601
2025-08-27,9,20256301,그랑 메종 파리,2025-08-27,3098,3404,21364500,24118500,135,217
2025-08-27,10,20251543,독립군: 끝나지 않은 전쟁,2025-08-13,2431,36429,18799900,328674520,95,100
2025-08-28,1,20253289,극장판 귀멸의 칼날: 무한성편,2025-08-22,118642,2353019,1319118880,25237429450,1935,6423
2025-08-28,2,20257209,임영웅 [아임 히어로 2] 청음회,2025-08-28,50068,50068,200272000,200272000,57,331
2025-08-28,3,20241941,좀비딸,2025-07-30,27948,5145540,256452190,48723447060,815,2061
2025-08-28,4,20254501,F1 더 무비,2025-06-25,20559,4608757,209032980,49562939790,713,1355
2025-08-28,5,20256281,첫사랑 엔딩,2025-08-27,8238,23853,77167100,202687840,485,721
2025-08-28,6,20256701,긴키 지방의 어느 장소에 대하여,2025-08-13,4874,214437,50507840,2179339840,283,391
2025-08-28,7,20256202,노바디2,2025-08-27,4290,25411,40405300,197397100,326,792
2025-08-28,8,20210546,악마가 이사왔다,2025-08-13,4187,401458,37702300,3814438150,347,425
2025-08-28,9,20256185,프리키 프라이데이 2,2025-08-27,3244,10185,29831350,86296850,391,563
2025-08-28,10,20231024,온리 갓 노우즈 에브리띵,2025-08-22,1677,18861,13286200,166950820,194,203
2025-08-29,1,20253289,극장판 귀멸의 칼날: 무한성편,2025-08-22,164974,2517993,1889585970,27127015420,1969,6942
2025-08-29,2,20241941,좀비딸,2025-07-30,35788,5181328,342473970,49065921030,814,2215
2025-08-29,3,20254501,F1 더 무비,2025-06-25,28938,4637695,306959710,49869899500,743,1472
2025-08-29,4,20256281,첫사랑 엔딩,2025-08-27,8755,32608,85489200,288177040,494,724
2025-08-29,5,20256701,긴키 지방의 어느 장소에 대하여,2025-08-13,7131,221568,75857670,2255197510,308,430
2025-08-29,6,20256202,노바디2,2025-08-27,5032,30443,51100300,248497400,335,814
2025-08-29,7,20210546,악마가 이사왔다,2025-08-13,4564,406022,41600640,3856038790,357,455
2025-08-29,8,20160942,슈퍼소닉,2016-11-24,3774,22980,41800560,206386488,124,216
2025-08-29,9,20256185,프리키 프라이데이 2,2025-08-27,3616,13801,34198060,120494910,391,555
2025-08-29,10,20256301,그랑 메종 파리,2025-08-27,1722,6676,13014900,48278900,119,210
2025-08-30,1,20253289,극장판 귀멸의 칼날: 무한성편,2025-08-22,350763,2868756,3833946550,30960961970,2018,7597
2025-08-30,2,20241941,좀비딸,2025-07-30,87155,5268483,850503090,49916424120,823,2462
2025-08-30,3,20254501,F1 더 무비,2025-06-25,64041,4701736,667008610,50536908110,749,1678
2025-08-30,4,20256701,긴키 지방의 어느 장소에 대하여,2025-08-13,16039,237607,167444200,2422641710,305,461
2025-08-30,5,20256281,첫사랑 엔딩,2025-08-27,15295,47903,153105370,441282410,457,640
2025-08-30,6,20256202,노바디2,2025-08-27,8519,38962,85923700,334421100,331,700
2025-08-30,7,20210546,악마가 이사왔다,2025-08-13,6118,412140,58731600,3914770390,321,408
2025-08-30,8,20254275,킹 오브 킹스,2025-07-16,4980,1288168,46215700,12156267076,168,179
2025-08-30,9,20256185,프리키 프라이데이 2,2025-08-27,4651,18452,44777800,165272710,366,477
2025-08-30,10,20252680,스머프,2025-08-06,2961,183027,26034600,1616861340,154,158
2025-08-31,1,20253289,극장판 귀멸의 칼날: 무한성편,2025-08-22,284962,3153718,3086078010,34047039980,1995,7186
2025-08-31,2,20241941,좀비딸,2025-07-30,78593,5347076,761048990,50677473110,824,2343
2025-08-31,3,20254501,F1 더 무비,2025-06-25,58648,4760384,597184990,51134093100,761,1623
2025-08-31,4,20256281,첫사랑 엔딩,2025-08-27,16434,64337,163152210,604434620,458,628
2025-08-31,5,20256701,긴키 지방의 어느 장소에 대하여,2025-08-13,12949,250556,135236880,2557878590,303,445
2025-08-31,6,20254275,킹 오브 킹스,2025-07-16,7867,1296035,70634000,12226901076,188,199
2025-08-31,7,20256202,노바디2,2025-08-27,7082,46044,69913400,404334500,321,636
2025-08-31,8,20210546,악마가 이사왔다,2025-08-13,5086,417226,48449920,3963220310,315,386
2025-08-31,9,20256185,프리키 프라이데이 2,2025-08-27,4104,22556,39443640,204716350,368,476
2025-08-31,10,20252680,스머프,2025-08-06,3249,186276,29760500,1646621840,144,149
2025-09-01,1,20253289,극장판 귀멸의 칼날: 무한성편,2025-08-22,88577,3242295,976910710,35023950690,1729,5807
2025-09-01,2,20254501,F1 더 무비,2025-06-25,19327,4779711,192918670,51327011770,730,1563
2025-09-01,3,20241941,좀비딸,2025-07-30,17756,5364832,168179300,50845652410,666,2053
2025-09-01,4,20256281,첫사랑 엔딩,2025-08-27,5894,70231,56511850,660946470,440,647
2025-09-01,5,20256701,긴키 지방의 어느 장소에 대하여,2025-08-13,3648,254204,37375500,2595254090,268,394
2025-09-01,6,20256202,노바디2,2025-08-27,2657,48701,25009400,429343900,286,595
2025-09-01,7,20210546,악마가 이사왔다,2025-08-13,1939,419165,18471100,3981691410,280,354
2025-09-01,8,20256185,프리키 프라이데이 2,2025-08-27,1828,24384,16846000,221562350,309,403
2025-09-01,9,20256149,머티리얼리스트,2025-08-08,1258,59640,7649600,551962520,70,89
2025-09-01,10,20245055,백산 - 의령에서 발해까지,2025-02-05,1247,20048,6541500,131635000,26,31
2025-09-02,1,20253289,극장판 귀멸의 칼날: 무한성편,2025-08-22,73984,3316279,813518760,35837469450,1761,5784
2025-09-02,2,20254501,F1 더 무비,2025-06-25,18309,4798020,186635840,51513647610,730,1553
2025-09-02,3,20241941,좀비딸,2025-07-30,16746,5381578,154255280,50999907690,696,2039
2025-09-02,4,20256281,첫사랑 엔딩,2025-08-27,6616,76847,62830300,723776770,452,671
2025-09-02,5,20256701,긴키 지방의 어느 장소에 대하여,2025-08-13,3114,257318,31681200,2626935290,265,370
2025-09-02,6,20210546,악마가 이사왔다,2025-08-13,2939,422104,26802700,4008494110,293,371
2025-09-02,7,20256202,노바디2,2025-08-27,2668,51369,25001900,454345800,300,595
2025-09-02,8,20256185,프리키 프라이데이 2,2025-08-27,2366,26750,21487300,243049650,342,444
2025-09-02,9,20231024,온리 갓 노우즈 에브리띵,2025-08-22,749,23176,6075500,203002120,63,66
2025-09-02,10,20030047,모노노케 히메,2003-04-25,624,1219,10608000,15606000,1,1
2025-09-03,1,20253289,극장판 귀멸의 칼날: 무한성편,2025-08-22,79539,3395818,838092040,36675561490,1609,5027
2025-09-03,2,20256702,컨저링: 마지막 의식,2025-09-03,39581,39926,397341310,400878310,843,2219
2025-09-03,3,20254501,F1 더 무비,2025-06-25,14607,4812627,141457480,51655105090,635,1337
2025-09-03,4,20241941,좀비딸,2025-07-30,14602,5396180,133630700,51133538390,688,1804
2025-09-03,5,20256071,투게더,2025-09-03,7925,10504,56333900,79440100,251,646
2025-09-03,6,20256281,첫사랑 엔딩,2025-08-27,4071,80918,38704600,762481370,273,394
2025-09-03,7,20020328,이티,1984-06-23,2409,10448,23080700,84396200,117,189
2025-09-03,8,20233039,살인자 리포트,2025-09-05,1892,2790,17028000,25110000,10,10
2025-09-03,9,20256701,긴키 지방의 어느 장소에 대하여,2025-08-13,1558,258876,15535300,2642470590,162,207
2025-09-03,10,20210546,악마가 이사왔다,2025-08-13,1517,423621,13782100,4022276210,120,149
2025-09-04,1,20253289,극장판 귀멸의 칼날: 무한성편,2025-08-22,62698,3458516,678161700,37353723190,1582,4875
2025-09-04,2,20256702,컨저링: 마지막 의식,2025-09-03,28534,68460,286830930,687709240,837,2153
2025-09-04,3,20254501,F1 더 무비,2025-06-25,13230,4825857,132347510,51787452600,644,1330
2025-09-04,4,20241941,좀비딸,2025-07-30,12987,5409167,119625700,51253164090,676,1730
2025-09-04,5,20256071,투게더,2025-09-03,4515,15019,34885600,114325700,239,603
2025-09-04,6,20256281,첫사랑 엔딩,2025-08-27,3468,84386,32606400,795087770,271,386
2025-09-04,7,20210546,악마가 이사왔다,2025-08-13,1534,425155,12818700,4035094910,88,109
2025-09-04,8,20256701,긴키 지방의 어느 장소에 대하여,2025-08-13,1307,260183,13145900,2655616490,156,188
2025-09-04,9,20256202,노바디2,2025-08-27,1200,53898,10973700,477303800,199,277
2025-09-04,10,20020328,이티,1984-06-23,1044,11492,10006600,94402800,110,174
2025-09-05,1,20253289,극장판 귀멸의 칼날: 무한성편,2025-08-22,100151,3558667,1129519280,38483242470,1486,4865
2025-09-05,2,20256702,컨저링: 마지막 의식,2025-09-03,38202,106662,395645550,1083354790,839,1959
2025-09-05,3,20233039,살인자 리포트,2025-09-05,36081,38871,347284730,372394730,749,2647
2025-09-05,4,20254501,F1 더 무비,2025-06-25,17289,4843146,174907920,51962360520,617,1194
2025-09-05,5,20241941,좀비딸,2025-07-30,15723,5424890,147751490,51400915580,696,1486
2025-09-05,6,20256281,첫사랑 엔딩,2025-08-27,4764,89150,46550620,841638390,268,353
2025-09-05,7,20256071,투게더,2025-09-03,3646,18665,33246200,147571900,228,508
2025-09-05,8,20240206,전력질주,2025-09-10,1813,1813,18692900,18692900,5,7
2025-09-05,9,20256701,긴키 지방의 어느 장소에 대하여,2025-08-13,1705,261888,18292180,2673908670,143,173
2025-09-05,10,20210546,악마가 이사왔다,2025-08-13,1127,426282,9537200,4044632110,74,87
2025-09-06,1,20253289,극장판 귀멸의 칼날: 무한성편,2025-08-22,219105,3777772,2357291100,40840533570,1576,5426
2025-09-06,2,20256702,컨저링: 마지막 의식,2025-09-03,72228,178890,750656230,1834011020,917,2213
2025-09-06,3,20233039,살인자 리포트,2025-09-05,60626,99497,593778900,966173630,752,2561
2025-09-06,4,20254501,F1 더 무비,2025-06-25,38671,4881817,389718510,52352079030,648,1344
2025-09-06,5,20241941,좀비딸,2025-07-30,38508,5463398,372593370,51773508950,761,1716
2025-09-06,6,20256281,첫사랑 엔딩,2025-08-27,9976,99126,97001420,938639810,273,381
2025-09-06,7,20256071,투게더,2025-09-03,6046,24711,55155500,202727400,227,530
2025-09-06,8,20256741,아기돼지 3형제: 도넛별 대모험,2025-09-04,4613,8658,40827400,78410000,267,302
2025-09-06,9,20256701,긴키 지방의 어느 장소에 대하여,2025-08-13,3688,265576,38136000,2712044670,142,188
2025-09-06,10,20254275,킹 오브 킹스,2025-07-16,2531,1300533,24189950,12268544726,86,89
2025-09-07,1,20253289,극장판 귀멸의 칼날: 무한성편,2025-08-22,179831,3957603,1922652800,42763186370,1541,5156
2025-09-07,2,20256702,컨저링: 마지막 의식,2025-09-03,54257,233147,562117020,2396128040,900,2108
2025-09-07,3,20233039,살인자 리포트,2025-09-05,53247,152744,522845670,1489019300,771,2441
2025-09-07,4,20241941,좀비딸,2025-07-30,33055,5496453,318832730,52092341680,762,1639
2025-09-07,5,20254501,F1 더 무비,2025-06-25,31654,4913471,316817320,52668896350,640,1286
2025-09-07,6,20256281,첫사랑 엔딩,2025-08-27,10512,109638,102632790,1041272600,292,395
2025-09-07,7,20256741,아기돼지 3형제: 도넛별 대모험,2025-09-04,5166,13824,45318800,123728800,281,312
2025-09-07,8,20256071,투게더,2025-09-03,4323,29034,39760800,242488200,215,480
2025-09-07,9,20256701,긴키 지방의 어느 장소에 대하여,2025-08-13,2953,268529,30588330,2742633000,130,171
2025-09-07,10,20254275,킹 오브 킹스,2025-07-16,1993,1302526,19361200,12287905926,85,88
2025-09-08,1,20253289,극장판 귀멸의 칼날: 무한성편,2025-08-22,54196,4011799,612811690,43375998060,1352,4261
2025-09-08,2,20233039,살인자 리포트,2025-09-05,20685,173429,207773020,1696792320,668,2191
2025-09-08,3,20256702,컨저링: 마지막 의식,2025-09-03,18404,251551,196515700,2592643740,780,1796
2025-09-08,4,20254501,F1 더 무비,2025-06-25,10008,4923479,104975240,52773871590,593,1186
2025-09-08,5,20241941,좀비딸,2025-07-30,7144,5503597,70148910,52162490590,597,1242
2025-09-08,6,20256281,첫사랑 엔딩,2025-08-27,3001,112639,30789000,1072061600,246,337
2025-09-08,7,20256071,투게더,2025-09-03,1734,30768,16666300,259154500,194,382
2025-09-08,8,20210546,악마가 이사왔다,2025-08-13,768,429431,7314500,4073883010,58,68
2025-09-08,9,20246333,3670,2025-09-03,720,8272,7312200,79788200,62,82
2025-09-08,10,20256701,긴키 지방의 어느 장소에 대하여,2025-08-13,693,269222,7408600,2750041600,110,129
2025-09-09,1,20253289,극장판 귀멸의 칼날: 무한성편,2025-08-22,48732,4060531,558482810,43934480870,1370,4223
2025-09-09,2,20233039,살인자 리포트,2025-09-05,21398,194827,211423950,1908216270,691,2231
2025-09-09,3,20256702,컨저링: 마지막 의식,2025-09-03,15407,266958,165257400,2757901140,777,1788
2025-09-09,4,20254501,F1 더 무비,2025-06-25,9733,4933212,100349940,52874221530,612,1184
2025-09-09,5,20241941,좀비딸,2025-07-30,7944,5511541,74741800,52237232390,615,1233
2025-09-09,6,20256281,첫사랑 엔딩,2025-08-27,2697,115336,27849400,1099911000,262,351
2025-09-09,7,20256071,투게더,2025-09-03,2505,33273,20294000,279448500,196,394
2025-09-09,8,20249072,3학년 2학기,2025-09-03,1268,8207,9674900,69100100,74,85
2025-09-09,9,20246333,3670,2025-09-03,1040,9312,10005200,89793400,71,88
2025-09-09,10,20245485,귀시,2025-09-17,1017,1211,9153000,11093000,4,5
2025-09-10,1,20253289,극장판 귀멸의 칼날: 무한성편,2025-08-22,41176,4101707,436879480,44371360350,1268,3809
2025-09-10,2,20233039,살인자 리포트,2025-09-05,18792,213619,185781790,2093998060,741,1798
2025-09-10,3,20254501,F1 더 무비,2025-06-25,16125,4949337,123804950,52998026480,634,1226
2025-09-10,4,20256702,컨저링: 마지막 의식,2025-09-03,14507,281465,154014470,2911915610,700,1529
2025-09-10,5,20247245,홈캠,2025-09-10,13306,14709,108178400,119461400,260,894
2025-09-10,6,20030047,모노노케 히메,2003-04-25,9939,11158,171259500,186865500,26,114
2025-09-10,7,20241941,좀비딸,2025-07-30,9807,5521348,69341200,52306573590,625,1062
2025-09-10,8,20257083,건국전쟁2 ,2025-09-10,3405,4154,32634900,39879400,379,693
2025-09-10,9,20240206,전력질주,2025-09-10,3229,5042,23071700,41764600,168,441
2025-09-10,10,19950366,토이 스토리 ,1995-12-30,2950,4282,27860200,39211278,54,95
2025-09-11,1,20242964,얼굴,2025-09-11,35018,35316,343731750,346711750,940,3368
2025-09-11,2,20253289,극장판 귀멸의 칼날: 무한성편,2025-08-22,33824,4135531,365172380,44736532730,1073,3115
2025-09-11,3,20233039,살인자 리포트,2025-09-05,13595,227214,134253290,2228251350,700,1336
2025-09-11,4,20254501,F1 더 무비,2025-06-25,11605,4960942,87272440,53085298920,553,928
2025-09-11,5,20256702,컨저링: 마지막 의식,2025-09-03,11276,292741,121099120,3033014730,601,1108
2025-09-11,6,20247245,홈캠,2025-09-10,7320,22029,61665700,181127100,245,723
2025-09-11,7,20241941,좀비딸,2025-07-30,6919,5528267,47559300,52354132890,492,715
2025-09-11,8,20030047,모노노케 히메,2003-04-25,4864,16022,88759500,275625000,26,114
2025-09-11,9,20040590,퍼펙트 블루,2004-05-26,4319,4882,48435250,52376250,138,248
2025-09-11,10,20257083,건국전쟁2 ,2025-09-10,2548,6702,23700550,63579950,349,538
2025-09-12,1,20253289,극장판 귀멸의 칼날: 무한성편,2025-08-22,54177,4189708,620638010,45357170740,1125,3407
2025-09-12,2,20242964,얼굴,2025-09-11,53287,88603,558082080,904793830,917,3329
2025-09-12,3,20254501,F1 더 무비,2025-06-25,18067,4979009,134721260,53220020180,616,1056
2025-09-12,4,20256702,컨저링: 마지막 의식,2025-09-03,17146,309887,192378370,3225393100,657,1277
2025-09-12,5,20233039,살인자 리포트,2025-09-05,17090,244304,176195500,2404446850,777,1585
2025-09-12,6,20247245,홈캠,2025-09-10,8972,31001,84454300,265581400,275,774
2025-09-12,7,20241941,좀비딸,2025-07-30,8076,5536343,56009400,52410142290,528,788
2025-09-12,8,20030047,모노노케 히메,2003-04-25,4483,20505,85807000,361432000,26,105
2025-09-12,9,20257083,건국전쟁2 ,2025-09-10,2610,9312,26061100,89641050,336,509
2025-09-12,10,20240206,전력질주,2025-09-10,2462,9175,16838900,70347400,139,360
2025-09-13,1,20253289,극장판 귀멸의 칼날: 무한성편,2025-08-22,156109,4345817,1733762510,47090933250,1270,4118
2025-09-13,2,20242964,얼굴,2025-09-11,120353,208956,1278923630,2183717460,915,3258
2025-09-13,3,20254501,F1 더 무비,2025-06-25,33615,5012624,248071110,53468091290,676,1179
2025-09-13,4,20256702,컨저링: 마지막 의식,2025-09-03,32911,342798,363910120,3589303220,708,1482
2025-09-13,5,20233039,살인자 리포트,2025-09-05,29868,274172,320234500,2724681350,841,1861
2025-09-13,6,20241941,좀비딸,2025-07-30,20709,5557052,145150100,52555292390,578,843
2025-09-13,7,20247245,홈캠,2025-09-10,17274,48275,174705500,440286900,279,801
2025-09-13,8,20030047,모노노케 히메,2003-04-25,7082,27587,136175500,497607500,26,106
2025-09-13,9,20257083,건국전쟁2 ,2025-09-10,5495,14807,56818000,146459050,347,447
2025-09-13,10,20256281,첫사랑 엔딩,2025-08-27,4771,126053,51070660,1213993160,175,228
2025-09-14,1,20253289,극장판 귀멸의 칼날: 무한성편,2025-08-22,120133,4465950,1325036530,48415969780,1241,3943
2025-09-14,2,20242964,얼굴,2025-09-11,108274,317230,1149219950,3332937410,957,3214
2025-09-14,3,20254501,F1 더 무비,2025-06-25,26381,5039005,193667830,53661759120,649,1136
2025-09-14,4,20233039,살인자 리포트,2025-09-05,23411,297583,250152400,2974833750,802,1718
2025-09-14,5,20256702,컨저링: 마지막 의식,2025-09-03,22977,365775,251811270,3841114490,702,1379
2025-09-14,6,20241941,좀비딸,2025-07-30,18241,5575293,128093600,52683385990,564,813
2025-09-14,7,20247245,홈캠,2025-09-10,13801,62076,139293600,579580500,280,760
2025-09-14,8,20257083,건국전쟁2 ,2025-09-10,6042,20849,63769400,210228450,336,419
2025-09-14,9,20030047,모노노케 히메,2003-04-25,5769,33356,109499500,607107000,26,105
2025-09-14,10,20256281,첫사랑 엔딩,2025-08-27,5049,131102,53445200,1267438360,165,220
2025-09-15,1,20242964,얼굴,2025-09-11,39495,356725,401917270,3734854680,878,2935
2025-09-15,2,20253289,극장판 귀멸의 칼날: 무한성편,2025-08-22,33239,4499189,372320260,48788290040,1065,3109
2025-09-15,3,20233039,살인자 리포트,2025-09-05,8974,306557,90213020,3065046770,669,1429
2025-09-15,4,20254501,F1 더 무비,2025-06-25,8616,5047621,63342760,53725101880,602,1052
2025-09-15,5,20256702,컨저링: 마지막 의식,2025-09-03,7298,373073,79315240,3920429730,579,1059
2025-09-15,6,20241941,좀비딸,2025-07-30,4875,5580168,32954600,52716340590,459,653
2025-09-15,7,20247245,홈캠,2025-09-10,4174,66250,41183800,620764300,235,611
2025-09-15,8,20257083,건국전쟁2 ,2025-09-10,2902,23751,26891000,237119450,319,425
2025-09-15,9,20030047,모노노케 히메,2003-04-25,2246,35602,41343000,648450000,25,98
2025-09-15,10,20243864,연의 편지,2025-10-01,1452,2831,13644000,26428600,6,10
2025-09-16,1,20242964,얼굴,2025-09-11,37127,393852,372862560,4107717240,976,3119
2025-09-16,2,20253289,극장판 귀멸의 칼날: 무한성편,2025-08-22,28190,4527379,312521080,49100811120,1053,3018
2025-09-16,3,20254501,F1 더 무비,2025-06-25,7684,5055305,56672480,53781774360,592,1015
2025-09-16,4,20233039,살인자 리포트,2025-09-05,6828,313385,69966350,3135013120,654,1346
2025-09-16,5,20256702,컨저링: 마지막 의식,2025-09-03,6474,379547,69522360,3989952090,559,980
2025-09-16,6,20247245,홈캠,2025-09-10,5393,71643,43504200,664268500,238,602
2025-09-16,7,20241941,좀비딸,2025-07-30,4550,5584718,31759900,52748100490,477,641
2025-09-16,8,20030047,모노노케 히메,2003-04-25,2867,38469,53560000,702010000,25,97
2025-09-16,9,20257083,건국전쟁2 ,2025-09-10,2655,26406,24622400,261741850,314,421
2025-09-16,10,20210546,악마가 이사왔다,2025-08-13,1163,436088,7929500,4125500010,44,51
2025-09-17,1,20242964,얼굴,2025-09-11,39692,433544,395415820,4503133060,985,2839
2025-09-17,2,20253289,극장판 귀멸의 칼날: 무한성편,2025-08-22,35750,4563129,380641060,49481452180,961,2784
2025-09-17,3,20030047,모노노케 히메,2003-04-25,30145,68614,299353480,1001363480,557,1084
2025-09-17,4,20245485,귀시,2025-09-17,9968,11179,97715600,108808600,618,1430
2025-09-17,5,20254501,F1 더 무비,2025-06-25,7734,5063039,58553050,53840327410,521,866
2025-09-17,6,20233039,살인자 리포트,2025-09-05,6569,319954,64561280,3199574400,583,1058
2025-09-17,7,20244606,바로 지금 여기,2025-09-17,6081,7370,51328000,63033000,84,91
2025-09-17,8,20241941,좀비딸,2025-07-30,5020,5589738,34508900,52782609390,339,415
2025-09-17,9,20256702,컨저링: 마지막 의식,2025-09-03,4652,384199,49686900,4039638990,436,602
2025-09-17,10,20161872,너의 이름은.,2017-01-04,4284,3935536,70823700,32064172687,49,55
2025-09-18,1,20242964,얼굴,2025-09-11,34348,467892,342399190,4845532250,989,2896
2025-09-18,2,20253289,극장판 귀멸의 칼날: 무한성편,2025-08-22,25168,4588297,267690170,49749142350,937,2654
2025-09-18,3,20030047,모노노케 히메,2003-04-25,10997,79611,112049160,1113412640,529,1013
2025-09-18,4,20245485,귀시,2025-09-17,8178,19357,78597700,187406300,607,1357
2025-09-18,5,20254501,F1 더 무비,2025-06-25,7080,5070119,50468400,53890795810,516,849
2025-09-18,6,20233039,살인자 리포트,2025-09-05,6639,326593,65008500,3264582900,594,1074
2025-09-18,7,20256864,프랑켄슈타인 : 더 뮤지컬 라이브,2025-09-18,4789,5068,118633100,121423100,19,82
2025-09-18,8,20241941,좀비딸,2025-07-30,4217,5593955,27788800,52810398190,350,424
2025-09-18,9,20256702,컨저링: 마지막 의식,2025-09-03,4173,388372,44538600,4084177590,410,573
2025-09-18,10,20161872,너의 이름은.,2017-01-04,3701,3939237,62721600,32126894287,35,38
2025-09-19,1,20242964,얼굴,2025-09-11,51140,519032,532798380,5378330630,1048,3218
2025-09-19,2,20253289,극장판 귀멸의 칼날: 무한성편,2025-08-22,39840,4628137,445939300,50195081650,971,2829
2025-09-19,3,20257095,명탐정 코난: 17년 전의 진상,2025-09-19,16193,16193,179174300,179174300,245,752
2025-09-19,4,20030047,모노노케 히메,2003-04-25,10809,90420,116354020,1229766660,541,962
2025-09-19,5,20254501,F1 더 무비,2025-06-25,10012,5080131,70537860,53961333670,505,836
2025-09-19,6,20245485,귀시,2025-09-17,9376,28733,97387850,284794150,621,1250
2025-09-19,7,20256864,프랑켄슈타인 : 더 뮤지컬 라이브,2025-09-18,8309,13377,205588100,327011200,176,410
2025-09-19,8,20233039,살인자 리포트,2025-09-05,8202,334795,81098200,3345681100,571,1010
2025-09-19,9,20256702,컨저링: 마지막 의식,2025-09-03,6318,394690,69544300,4153721890,420,592
2025-09-19,10,20161872,너의 이름은.,2017-01-04,4689,3943926,79385800,32206280087,34,39
2025-09-20,1,20242964,얼굴,2025-09-11,113135,632167,1191902180,6570232810,1114,4024
2025-09-20,2,20253289,극장판 귀멸의 칼날: 무한성편,2025-08-22,94619,4722756,1075649120,51270730770,1095,3289
2025-09-20,3,20030047,모노노케 히메,2003-04-25,21595,112015,240145750,1469912410,589,1002
2025-09-20,4,20257095,명탐정 코난: 17년 전의 진상,2025-09-19,17251,33444,185767100,364941400,266,664
2025-09-20,5,20254501,F1 더 무비,2025-06-25,16795,5096926,118468800,54079802470,540,875
2025-09-20,6,20245485,귀시,2025-09-17,14469,43202,148477920,433272070,599,1102
2025-09-20,7,20256864,프랑켄슈타인 : 더 뮤지컬 라이브,2025-09-18,10658,24035,264754500,591765700,169,390
2025-09-20,8,20256702,컨저링: 마지막 의식,2025-09-03,9693,404383,107337600,4261059490,457,634
2025-09-20,9,20233039,살인자 리포트,2025-09-05,9594,344389,100443400,3446124500,557,915
2025-09-20,10,20241941,좀비딸,2025-07-30,7041,5605010,48874300,52887076210,401,522
2025-09-21,1,20242964,얼굴,2025-09-11,90696,722863,950715130,7520947940,1075,3861
2025-09-21,2,20253289,극장판 귀멸의 칼날: 무한성편,2025-08-22,78016,4800772,873262500,52143993270,1067,3149
2025-09-21,3,20030047,모노노케 히메,2003-04-25,16701,128716,186913210,1656825620,578,966
2025-09-21,4,20254501,F1 더 무비,2025-06-25,13646,5110572,96303680,54176106150,540,851
2025-09-21,5,20257095,명탐정 코난: 17년 전의 진상,2025-09-19,13277,46721,143152700,508094100,271,641
2025-09-21,6,20245485,귀시,2025-09-17,11868,55070,122757840,556029910,608,1062
2025-09-21,7,20233039,살인자 리포트,2025-09-05,7557,351946,77984280,3524108780,536,868
2025-09-21,8,20256864,프랑켄슈타인 : 더 뮤지컬 라이브,2025-09-18,7247,31282,178996600,770762300,160,373
2025-09-21,9,20241941,좀비딸,2025-07-30,6474,5611484,45131380,52932207590,385,502
2025-09-21,10,20256702,컨저링: 마지막 의식,2025-09-03,6444,410827,71019800,4332079290,422,563
2025-09-22,1,20242964,얼굴,2025-09-11,29018,751881,292015980,7812963920,942,3293
2025-09-22,2,20253289,극장판 귀멸의 칼날: 무한성편,2025-08-22,19985,4820757,223255570,52367248840,901,2458
2025-09-22,3,20243561,어쩔수가없다,2025-09-24,8261,8325,100172700,101068700,40,48
2025-09-22,4,20030047,모노노케 히메,2003-04-25,4975,133691,52736560,1709562180,491,808
2025-09-22,5,20254501,F1 더 무비,2025-06-25,4845,5115417,34395220,54210501370,496,732
2025-09-22,6,20245485,귀시,2025-09-17,4120,59190,40846400,596876310,477,787
2025-09-22,7,20257095,명탐정 코난: 17년 전의 진상,2025-09-19,3644,50365,38533000,546627100,232,514
2025-09-22,8,20233039,살인자 리포트,2025-09-05,3573,355519,34726780,3558835560,444,727
2025-09-22,9,20241941,좀비딸,2025-07-30,2880,5614364,20444800,52952652390,271,330
2025-09-22,10,20161872,너의 이름은.,2017-01-04,2840,3959033,47300100,32451280587,35,36
2025-09-23,1,20242964,얼굴,2025-09-11,25433,777314,252447960,8065411880,972,3201
2025-09-23,2,20253289,극장판 귀멸의 칼날: 무한성편,2025-08-22,19900,4840657,223505370,52590754210,925,2431
2025-09-23,3,20243561,어쩔수가없다,2025-09-24,14828,23153,169854000,270922700,88,89
2025-09-23,4,20254501,F1 더 무비,2025-06-25,5579,5120996,39298900,54249800270,491,733
2025-09-23,5,20233039,살인자 리포트,2025-09-05,5280,360799,47797100,3606632660,483,760
2025-09-23,6,20030047,모노노케 히메,2003-04-25,5061,138752,52591800,1762153980,503,837
2025-09-23,7,20245485,귀시,2025-09-17,4235,63425,41035000,637911310,503,803
2025-09-23,8,20161872,너의 이름은.,2017-01-04,3510,3962543,57222900,32508503487,47,48
2025-09-23,9,20257095,명탐정 코난: 17년 전의 진상,2025-09-19,3339,53704,34873500,581500600,240,509
2025-09-23,10,20257083,건국전쟁2 ,2025-09-10,2693,43913,26583500,433056360,186,213
2025-09-24,1,20243561,어쩔수가없다,2025-09-24,331495,354648,2645125060,2916047760,2114,7378
2025-09-24,2,20256757,극장판 체인소 맨: 레제편,2025-09-24,108722,108864,917580340,918858340,829,2557
2025-09-24,3,20242964,얼굴,2025-09-11,25216,802530,198021040,8263432920,773,1514
2025-09-24,4,20253289,극장판 귀멸의 칼날: 무한성편,2025-08-22,23432,4864089,195875500,52786629710,601,1078
2025-09-24,5,20030047,모노노케 히메,2003-04-25,5349,144101,45547300,1807701280,288,326
2025-09-24,6,20257095,명탐정 코난: 17년 전의 진상,2025-09-19,4000,57704,30986300,612486900,216,298
2025-09-24,7,20254501,F1 더 무비,2025-06-25,3622,5124618,25165200,54274965470,183,207
2025-09-24,8,20257229,파르테노페,2025-09-24,1228,1370,9626500,10904500,50,53
2025-09-24,9,20241941,좀비딸,2025-07-30,1114,5618146,7721600,52978731590,75,81
2025-09-24,10,20257586,2016 방탄소년단 라이브 화양연화 온 스테이지 : 에필로그 리마스터링,2025-09-23,1082,1232,25796060,29546060,95,157
2025-09-25,1,20243561,어쩔수가없다,2025-09-24,109726,464374,1095493100,4011540860,1860,6848
2025-09-25,2,20256757,극장판 체인소 맨: 레제편,2025-09-24,53902,162766,579670060,1498528400,789,2592
2025-09-25,3,20253289,극장판 귀멸의 칼날: 무한성편,2025-08-22,15312,4879401,163014700,52949644410,577,1145
2025-09-25,4,20242964,얼굴,2025-09-11,14855,817385,148002700,8411435620,757,1553
2025-09-25,5,20254501,F1 더 무비,2025-06-25,3445,5128063,24432000,54299397470,216,248
2025-09-25,6,20030047,모노노케 히메,2003-04-25,3017,147118,31170560,1838871840,290,332
2025-09-25,7,20257095,명탐정 코난: 17년 전의 진상,2025-09-19,2528,60232,26198700,638685600,197,272
2025-09-25,8,20241941,좀비딸,2025-07-30,2520,5620666,17188000,52995919590,85,88
2025-09-25,9,20256864,프랑켄슈타인 : 더 뮤지컬 라이브,2025-09-18,2223,39707,54783300,979098400,118,152
2025-09-25,10,20228988,보스,2025-10-03,1431,2175,13517000,20597000,8,8
2025-09-26,1,20243561,어쩔수가없다,2025-09-24,127023,591397,1335516590,5347057450,1872,7211
2025-09-26,2,20256757,극장판 체인소 맨: 레제편,2025-09-24,83236,246002,962442200,2460970600,881,2930
2025-09-26,3,20253289,극장판 귀멸의 칼날: 무한성편,2025-08-22,23967,4903368,268310190,53217954600,618,1224
2025-09-26,4,20242964,얼굴,2025-09-11,19889,837274,207745950,8619181570,766,1648
2025-09-26,5,20030047,모노노케 히메,2003-04-25,4338,151456,45224200,1884096040,304,359
2025-09-26,6,20254501,F1 더 무비,2025-06-25,4164,5132227,29784700,54329182170,224,258
2025-09-26,7,20257095,명탐정 코난: 17년 전의 진상,2025-09-19,2676,62908,28864700,667550300,205,274
2025-09-26,8,20256864,프랑켄슈타인 : 더 뮤지컬 라이브,2025-09-18,2400,42107,59322800,1038421200,115,150
2025-09-26,9,20241941,좀비딸,2025-07-30,1271,5621937,8290000,53004209590,84,88
2025-09-26,10,20256034,킹 오브 프리즘 -유어 엔드리스 콜- 모두 빛나라! 프리즘 투어즈 ,2025-07-18,1093,31393,9911140,297835630,12,16
2025-09-27,1,20243561,어쩔수가없다,2025-09-24,242013,833410,2587976610,7935034060,1806,7142
2025-09-27,2,20256757,극장판 체인소 맨: 레제편,2025-09-24,122901,368903,1382279290,3843249890,1059,3580
2025-09-27,3,20253289,극장판 귀멸의 칼날: 무한성편,2025-08-22,48069,4951437,524577740,53742532340,695,1276
2025-09-27,4,20242964,얼굴,2025-09-11,36092,873366,381846820,9001028390,804,1570
2025-09-27,5,20256526,브레드이발소: 베이커리타운의 악당들,2025-09-27,26349,40141,240694800,378154200,368,725
2025-09-27,6,20030047,모노노케 히메,2003-04-25,7313,158769,78874250,1962970290,290,344
2025-09-27,7,20254501,F1 더 무비,2025-06-25,5310,5137537,37020720,54366202890,219,245
2025-09-27,8,20256962,바다 탐험대 옥토넛 어보브 앤 비욘드 : 콰지의 깜짝 어드벤처,2025-09-27,4909,6837,49156900,67353600,269,401
2025-09-27,9,20257095,명탐정 코난: 17년 전의 진상,2025-09-19,4414,67322,47168300,714718600,185,241
2025-09-27,10,20256864,프랑켄슈타인 : 더 뮤지컬 라이브,2025-09-18,4015,46122,93433700,1131854900,124,157
2025-09-28,1,20243561,어쩔수가없다,2025-09-24,240255,1073665,2529634790,10464668850,1786,6738
2025-09-28,2,20256757,극장판 체인소 맨: 레제편,2025-09-24,105568,474471,1184017810,5027267700,1064,3500
2025-09-28,3,20253289,극장판 귀멸의 칼날: 무한성편,2025-08-22,44837,4996274,483033460,54225565800,688,1240
2025-09-28,4,20242964,얼굴,2025-09-11,34021,907387,354648210,9355676600,811,1515
2025-09-28,5,20256526,브레드이발소: 베이커리타운의 악당들,2025-09-27,32432,72573,301861800,680016000,369,734
2025-09-28,6,20256962,바다 탐험대 옥토넛 어보브 앤 비욘드 : 콰지의 깜짝 어드벤처,2025-09-27,7266,14103,73007400,140361000,279,400
2025-09-28,7,20030047,모노노케 히메,2003-04-25,6028,164797,64765040,2027735330,274,317
2025-09-28,8,20254501,F1 더 무비,2025-06-25,5296,5142833,37036880,54403239770,220,248
2025-09-28,9,20257095,명탐정 코난: 17년 전의 진상,2025-09-19,4279,71601,45202300,759920900,185,241
2025-09-28,10,20256864,프랑켄슈타인 : 더 뮤지컬 라이브,2025-09-18,3181,49303,78700500,1210555400,123,157
2025-09-29,1,20243561,어쩔수가없다,2025-09-24,79230,1152895,782555190,11247224040,1589,5824
2025-09-29,2,20256757,극장판 체인소 맨: 레제편,2025-09-24,49160,523631,521656450,5548924150,892,3236
2025-09-29,3,20253289,극장판 귀멸의 칼날: 무한성편,2025-08-22,13813,5010087,144893500,54370459300,648,1222
2025-09-29,4,20242964,얼굴,2025-09-11,11510,918897,113012530,9468689130,694,1544
2025-09-29,5,20254501,F1 더 무비,2025-06-25,2892,5145725,20160200,54423399970,228,273
2025-09-29,6,20030047,모노노케 히메,2003-04-25,2683,167480,26101300,2053836630,267,311
2025-09-29,7,20228988,보스,2025-10-03,2418,4593,21762000,42359000,13,13
2025-09-29,8,20256526,브레드이발소: 베이커리타운의 악당들,2025-09-27,1393,73966,11777300,691793300,176,212
2025-09-29,9,20256864,프랑켄슈타인 : 더 뮤지컬 라이브,2025-09-18,1337,50640,33055900,1243611300,122,160
2025-09-29,10,20257095,명탐정 코난: 17년 전의 진상,2025-09-19,1236,72837,13003500,772924400,170,226
2025-09-30,1,20243561,어쩔수가없다,2025-09-24,81342,1234237,789192430,12036416470,1592,5815
2025-09-30,2,20256757,극장판 체인소 맨: 레제편,2025-09-24,55748,579379,579159480,6128083630,900,3266
2025-09-30,3,20253289,극장판 귀멸의 칼날: 무한성편,2025-08-22,16574,5026661,168816320,54539275620,659,1224
2025-09-30,4,20242964,얼굴,2025-09-11,13627,932524,130242880,9598932010,726,1579
2025-09-30,5,20254501,F1 더 무비,2025-06-25,3590,5149315,25341600,54448741570,247,291
2025-09-30,6,20030047,모노노케 히메,2003-04-25,2821,170301,28958440,2082795070,286,327
2025-09-30,7,20256526,브레드이발소: 베이커리타운의 악당들,2025-09-27,1889,75855,14340600,706133900,173,204
2025-09-30,8,20257229,파르테노페,2025-09-24,1542,7534,14081200,67474200,51,60
2025-09-30,9,20257095,명탐정 코난: 17년 전의 진상,2025-09-19,1531,74368,15650200,788574600,175,229
2025-09-30,10,20241941,좀비딸,2025-07-30,1515,5625731,10394000,53030646290,64,66
2025-10-01,1,20243561,어쩔수가없다,2025-09-24,75260,1309497,729159070,12765575540,1353,4767
2025-10-01,2,20256757,극장판 체인소 맨: 레제편,2025-09-24,63086,642465,658238160,6786321790,886,3209
2025-10-01,3,20256397,원 배틀 애프터 어나더,2025-10-01,21492,23776,226745070,260397570,601,1195
2025-10-01,4,20243864,연의 편지,2025-10-01,16340,25139,150122400,229747200,595,1478
2025-10-01,5,20253289,극장판 귀멸의 칼날: 무한성편,2025-08-22,14571,5041232,150083200,54689358820,585,993
2025-10-01,6,20242964,얼굴,2025-09-11,10715,943239,105323940,9704255950,671,1220
2025-10-01,7,20257670,워킹맨,2025-10-01,4459,4459,28952200,28952200,173,408
2025-10-01,8,20225061,아바타: 물의 길,2022-12-14,2092,10807161,35545820,137683274719,123,162
2025-10-01,9,20257321,그저 사고였을 뿐,2025-10-01,2061,2729,20154700,26597700,102,112
2025-10-01,10,20256526,브레드이발소: 베이커리타운의 악당들,2025-09-27,2046,77901,15236900,721370800,185,222
2025-10-02,1,20243561,어쩔수가없다,2025-09-24,89974,1399471,854286180,13619861720,1345,4934
2025-10-02,2,20256757,극장판 체인소 맨: 레제편,2025-09-24,83677,726142,866911990,7653233780,902,3419
2025-10-02,3,20253289,극장판 귀멸의 칼날: 무한성편,2025-08-22,22468,5063700,229185660,54918544480,595,1063
2025-10-02,4,20256397,원 배틀 애프터 어나더,2025-10-01,21949,45725,232840160,493237730,615,1208
2025-10-02,5,20242964,얼굴,2025-09-11,15790,959029,152092740,9856348690,708,1326
2025-10-02,6,20243864,연의 편지,2025-10-01,14376,39515,129050100,358797300,597,1502
2025-10-02,7,20254501,F1 더 무비,2025-06-25,3986,5155294,27447620,54490411190,172,224
2025-10-02,8,20257670,워킹맨,2025-10-01,2751,7210,18996240,47948440,171,373
2025-10-02,9,20225061,아바타: 물의 길,2022-12-14,2359,10809520,37271700,137720546419,121,164
2025-10-02,10,20256526,브레드이발소: 베이커리타운의 악당들,2025-09-27,2261,80162,16676600,738047400,196,232
2025-10-03,1,20228988,보스,2025-10-03,238887,244156,2295221690,2344094190,1163,5416
2025-10-03,2,20243561,어쩔수가없다,2025-09-24,178346,1577817,1786258180,15406119900,1133,3849
2025-10-03,3,20256757,극장판 체인소 맨: 레제편,2025-09-24,138327,864469,1512793520,9166027300,843,2861
2025-10-03,4,20253289,극장판 귀멸의 칼날: 무한성편,2025-08-22,41473,5105173,431416410,55349960890,538,795
2025-10-03,5,20256526,브레드이발소: 베이커리타운의 악당들,2025-09-27,32326,112488,270930200,1008977600,387,762
2025-10-03,6,20256397,원 배틀 애프터 어나더,2025-10-01,27679,73404,308248350,801486080,553,778
2025-10-03,7,20243864,연의 편지,2025-10-01,21227,60742,201178650,559975950,541,968
2025-10-03,8,20257208,개비의 매직하우스 극장판,2025-10-03,18734,29260,176089090,281103090,409,527
2025-10-03,9,20242964,얼굴,2025-09-11,16885,975914,166074840,10022423530,504,709
2025-10-03,10,20257729,배달의 영웅 : 캐리와 슈퍼콜라2,2025-10-03,6864,7214,60542800,64590800,385,463
2025-10-04,1,20228988,보스,2025-10-03,208854,453010,2016991940,4361086130,1167,5375
2025-10-04,2,20243561,어쩔수가없다,2025-09-24,146996,1724813,1465641670,16871761570,1149,3814
2025-10-04,3,20256757,극장판 체인소 맨: 레제편,2025-09-24,119179,983648,1308095290,10474122590,919,2994
2025-10-04,4,20253289,극장판 귀멸의 칼날: 무한성편,2025-08-22,47557,5152730,508407310,55858368200,624,887
2025-10-04,5,20256397,원 배틀 애프터 어나더,2025-10-01,30118,103522,334054180,1135540260,563,784
2025-10-04,6,20256526,브레드이발소: 베이커리타운의 악당들,2025-09-27,22083,134571,186228100,1195205700,381,759
2025-10-04,7,20243864,연의 편지,2025-10-01,17519,78261,170025670,730001620,552,921
2025-10-04,8,20242964,얼굴,2025-09-11,14142,990056,139855770,10162279300,488,652
2025-10-04,9,20257208,개비의 매직하우스 극장판,2025-10-03,11641,40901,107027400,388130490,434,556
2025-10-04,10,20254501,F1 더 무비,2025-06-25,4219,5164084,29508880,54552110940,133,144
2025-10-05,1,20228988,보스,2025-10-03,218913,671923,2141535970,6502622100,1168,5358
2025-10-05,2,20243561,어쩔수가없다,2025-09-24,133229,1858042,1358216670,18229978240,1164,3817
2025-10-05,3,20256757,극장판 체인소 맨: 레제편,2025-09-24,95148,1078796,1050830340,11524952930,932,3064
2025-10-05,4,20253289,극장판 귀멸의 칼날: 무한성편,2025-08-22,36617,5189347,392893160,56251261360,635,928
2025-10-05,5,20256397,원 배틀 애프터 어나더,2025-10-01,30509,134031,339299680,1474839940,576,802
2025-10-05,6,20256526,브레드이발소: 베이커리타운의 악당들,2025-09-27,14834,149405,129609800,1324815500,387,745
2025-10-05,7,20243864,연의 편지,2025-10-01,13006,91267,126302220,856303840,553,881
2025-10-05,8,20242964,얼굴,2025-09-11,12455,1002511,123026200,10285305500,454,609
2025-10-05,9,20257208,개비의 매직하우스 극장판,2025-10-03,7629,48530,70740550,458871040,418,546
2025-10-05,10,20254501,F1 더 무비,2025-06-25,4213,5168297,29530620,54581641560,126,136
2025-10-06,1,20228988,보스,2025-10-03,313448,985371,3065563680,9568185780,1176,5443
2025-10-06,2,20243561,어쩔수가없다,2025-09-24,167675,2025717,1673351300,19903329540,1152,3772
2025-10-06,3,20256757,극장판 체인소 맨: 레제편,2025-09-24,75973,1154769,841867190,12366820120,894,3045
2025-10-06,4,20256397,원 배틀 애프터 어나더,2025-10-01,36598,170629,398993660,1873833600,595,841
2025-10-06,5,20253289,극장판 귀멸의 칼날: 무한성편,2025-08-22,32462,5221809,341439540,56592700900,615,902
2025-10-06,6,20242964,얼굴,2025-09-11,15620,1018131,156747060,10442052560,444,593
2025-10-06,7,20256526,브레드이발소: 베이커리타운의 악당들,2025-09-27,13699,163104,124026500,1448842000,351,702
2025-10-06,8,20243864,연의 편지,2025-10-01,11667,102934,113694860,969998700,532,803
2025-10-06,9,20257208,개비의 매직하우스 극장판,2025-10-03,6911,55441,64885100,523756140,404,530
2025-10-06,10,20254501,F1 더 무비,2025-06-25,5517,5173814,39529300,54621170860,131,139
2025-10-07,1,20228988,보스,2025-10-03,322754,1308125,3108615360,12676801140,1257,5488
2025-10-07,2,20243561,어쩔수가없다,2025-09-24,180798,2206515,1761429190,21664758730,1142,3711
2025-10-07,3,20256757,극장판 체인소 맨: 레제편,2025-09-24,114263,1269032,1260287830,13627107950,859,2881
2025-10-07,4,20256397,원 배틀 애프터 어나더,2025-10-01,46230,216859,506281820,2380115420,618,867
2025-10-07,5,20253289,극장판 귀멸의 칼날: 무한성편,2025-08-22,43479,5265288,447797480,57040498380,601,916
2025-10-07,6,20256526,브레드이발소: 베이커리타운의 악당들,2025-09-27,20203,183307,179499400,1628341400,354,689
2025-10-07,7,20243864,연의 편지,2025-10-01,18172,121106,172877940,1142876640,530,754
2025-10-07,8,20242964,얼굴,2025-09-11,15519,1033650,152199770,10594252330,391,513
2025-10-07,9,20249641,나쁜계집애: 달려라 하니,2025-10-07,14612,16076,129515000,142691000,487,755
2025-10-07,10,20257208,개비의 매직하우스 극장판,2025-10-03,10771,66212,99407200,623163340,394,504
2025-10-08,1,20228988,보스,2025-10-03,247005,1555130,2368619010,15045420150,1296,5393
2025-10-08,2,20243561,어쩔수가없다,2025-09-24,136746,2343261,1326457780,22991216510,1037,3248
2025-10-08,3,20256757,극장판 체인소 맨: 레제편,2025-09-24,131316,1400348,1388293830,15015401780,806,2545
2025-10-08,4,20254021,트론: 아레스,2025-10-08,55680,56304,609043210,619362210,779,2174
2025-10-08,5,20256397,원 배틀 애프터 어나더,2025-10-01,36188,253047,362747740,2742863160,573,813
2025-10-08,6,20253289,극장판 귀멸의 칼날: 무한성편,2025-08-22,33826,5299114,338381310,57378879690,530,743
2025-10-08,7,20256526,브레드이발소: 베이커리타운의 악당들,2025-09-27,17425,200732,155402200,1783743600,314,606
2025-10-08,8,20243864,연의 편지,2025-10-01,14244,135350,134375770,1277252410,401,468
2025-10-08,9,20254501,F1 더 무비,2025-06-25,10224,5189997,84851980,54747664360,162,187
2025-10-08,10,20249641,나쁜계집애: 달려라 하니,2025-10-07,9826,25902,88005910,230696910,461,645
2025-10-09,1,20228988,보스,2025-10-03,174267,1729397,1658627530,16704047680,1286,5416
2025-10-09,2,20256757,극장판 체인소 맨: 레제편,2025-09-24,112140,1512488,1183386940,16198788720,816,2520
2025-10-09,3,20243561,어쩔수가없다,2025-09-24,101120,2444381,980820120,23972036630,1041,3203
2025-10-09,4,20254021,트론: 아레스,2025-10-08,31091,87395,342566750,961928960,715,1825
2025-10-09,5,20256397,원 배틀 애프터 어나더,2025-10-01,30581,283628,307622810,3050485970,585,855
2025-10-09,6,20253289,극장판 귀멸의 칼날: 무한성편,2025-08-22,28952,5328066,287003390,57665883080,535,735
2025-10-09,7,20256526,브레드이발소: 베이커리타운의 악당들,2025-09-27,16612,217344,148483200,1932226800,308,595
2025-10-09,8,20243864,연의 편지,2025-10-01,14062,149412,132588040,1409840450,414,486
2025-10-09,9,20257208,개비의 매직하우스 극장판,2025-10-03,8536,82961,78290180,776321540,350,419
2025-10-09,10,20249641,나쁜계집애: 달려라 하니,2025-10-07,8380,34282,74620680,305317590,454,621
2025-10-10,1,20228988,보스,2025-10-03,91069,1820466,868826090,17572873770,1194,5173
2025-10-10,2,20256757,극장판 체인소 맨: 레제편,2025-09-24,90439,1602927,959953180,17158741900,808,2593
2025-10-10,3,20243561,어쩔수가없다,2025-09-24,56344,2500725,548021450,24520058080,1003,3138
2025-10-10,4,20256397,원 배틀 애프터 어나더,2025-10-01,20781,304409,210135490,3260621460,588,914
2025-10-10,5,20253289,극장판 귀멸의 칼날: 무한성편,2025-08-22,19709,5347775,198403330,57864286410,543,762
2025-10-10,6,20254021,트론: 아레스,2025-10-08,16334,103729,185045220,1146974180,689,1636
2025-10-10,7,20256526,브레드이발소: 베이커리타운의 악당들,2025-09-27,10083,227427,88445200,2020672000,280,469
2025-10-10,8,20243864,연의 편지,2025-10-01,9324,158736,88182530,1498022980,398,479
2025-10-10,9,20257208,개비의 매직하우스 극장판,2025-10-03,6107,89068,56012250,832333790,318,381
2025-10-10,10,20249641,나쁜계집애: 달려라 하니,2025-10-07,4802,39084,42558620,347876210,422,543
2025-10-11,1,20256757,극장판 체인소 맨: 레제편,2025-09-24,129311,1732238,1383056850,18541798750,995,3099
2025-10-11,2,20228988,보스,2025-10-03,122839,1943305,1196019950,18768893720,1149,5135
2025-10-11,3,20243561,어쩔수가없다,2025-09-24,74990,2575715,740584690,25260642770,1004,3092
2025-10-11,4,20256397,원 배틀 애프터 어나더,2025-10-01,35895,340304,363797370,3624418830,646,1069
2025-10-11,5,20253289,극장판 귀멸의 칼날: 무한성편,2025-08-22,27035,5374810,272875410,58137161820,597,881
2025-10-11,6,20254021,트론: 아레스,2025-10-08,20567,124296,240609400,1387583580,725,1495
2025-10-11,7,20243864,연의 편지,2025-10-01,11363,170099,109061570,1607084550,426,523
2025-10-11,8,20256526,브레드이발소: 베이커리타운의 악당들,2025-09-27,11224,238651,101457600,2122129600,302,535
2025-10-11,9,20242964,얼굴,2025-09-11,6539,1061228,64923700,10866141990,276,353
2025-10-11,10,20257208,개비의 매직하우스 극장판,2025-10-03,6082,95150,56921430,889255220,291,334
2025-10-12,1,20256757,극장판 체인소 맨: 레제편,2025-09-24,104389,1836627,1106837640,19648636390,998,3005
2025-10-12,2,20228988,보스,2025-10-03,93257,2036562,910364380,19679258100,1130,4757
2025-10-12,3,20243561,어쩔수가없다,2025-09-24,54706,2630421,541121420,25801764190,982,2907
2025-10-12,4,20256397,원 배틀 애프터 어나더,2025-10-01,27053,367357,272730090,3897148920,657,1052
2025-10-12,5,20253289,극장판 귀멸의 칼날: 무한성편,2025-08-22,24287,5399097,243771230,58380933050,592,877
2025-10-12,6,20254021,트론: 아레스,2025-10-08,15717,140013,180895600,1568479180,722,1386
2025-10-12,7,20256526,브레드이발소: 베이커리타운의 악당들,2025-09-27,11752,250403,105815800,2227945400,293,522
2025-10-12,8,20243864,연의 편지,2025-10-01,10680,180779,101378590,1708463140,423,521
2025-10-12,9,20257208,개비의 매직하우스 극장판,2025-10-03,6263,101413,58039600,947294820,286,332
2025-10-12,10,20249641,나쁜계집애: 달려라 하니,2025-10-07,4800,49192,45623680,443832330,414,470
2025-10-13,1,20256757,극장판 체인소 맨: 레제편,2025-09-24,35256,1871883,366407110,20015043500,833,2622
2025-10-13,2,20228988,보스,2025-10-03,28880,2065442,271515880,19950773980,921,3603
2025-10-13,3,20243561,어쩔수가없다,2025-09-24,17150,2647571,162153200,25963917390,823,2343
2025-10-13,4,20256397,원 배틀 애프터 어나더,2025-10-01,8514,375871,82810540,3979959460,552,997
2025-10-13,5,20253289,극장판 귀멸의 칼날: 무한성편,2025-08-22,5607,5404704,56802940,58437735990,485,740
2025-10-13,6,20254021,트론: 아레스,2025-10-08,4833,144846,53295940,1621775120,600,1119
2025-10-13,7,20243864,연의 편지,2025-10-01,2481,183260,23846900,1732310040,333,416
2025-10-13,8,20257728,중간계,2025-10-15,1782,1948,12474000,14006000,7,9
2025-10-13,9,20249641,나쁜계집애: 달려라 하니,2025-10-07,1613,50805,13013400,456845730,254,279
2025-10-13,10,20244267,사람과 고기,2025-10-07,1181,10816,10150400,97794140,80,93
2025-10-14,1,20256757,극장판 체인소 맨: 레제편,2025-09-24,32531,1904414,335695120,20350738620,843,2609
2025-10-14,2,20228988,보스,2025-10-03,26458,2091900,242215340,20192989320,950,3510
2025-10-14,3,20243561,어쩔수가없다,2025-09-24,18030,2665601,166383690,26130301080,865,2353
2025-10-14,4,20256397,원 배틀 애프터 어나더,2025-10-01,7428,383299,71291070,4051250530,558,982
2025-10-14,5,20253289,극장판 귀멸의 칼날: 무한성편,2025-08-22,5470,5410174,54307980,58492043970,490,727
2025-10-14,6,20254021,트론: 아레스,2025-10-08,5220,150066,55114780,1676889900,591,1075
2025-10-14,7,20243864,연의 편지,2025-10-01,2719,185979,24255980,1756566020,345,432
2025-10-14,8,20242964,얼굴,2025-09-11,1135,1067555,10829800,10928461430,219,270
2025-10-14,9,20257321,그저 사고였을 뿐,2025-10-01,1022,25580,9404500,253185280,52,61
2025-10-14,10,20249641,나쁜계집애: 달려라 하니,2025-10-07,1002,51807,9259040,466104770,246,272
2025-10-15,1,20256757,극장판 체인소 맨: 레제편,2025-09-24,36619,1941033,377149830,20727888450,841,3006
2025-10-15,2,20228988,보스,2025-10-03,25127,2117027,228835670,20421824990,865,2984
2025-10-15,3,20243561,어쩔수가없다,2025-09-24,16965,2682566,154956070,26285257150,819,2121
2025-10-15,4,20256684,웨폰,2025-10-15,12011,12309,113428620,116408620,524,1283
2025-10-15,5,20253289,극장판 귀멸의 칼날: 무한성편,2025-08-22,10144,5420318,97624600,58589668570,494,734
2025-10-15,6,20256397,원 배틀 애프터 어나더,2025-10-01,9209,392508,103568320,4154818850,588,1149
2025-10-15,7,20257728,중간계,2025-10-15,4459,6407,27102800,41108800,229,508
2025-10-15,8,20249641,나쁜계집애: 달려라 하니,2025-10-07,3019,54826,24159300,490264070,128,141
2025-10-15,9,20254021,트론: 아레스,2025-10-08,3016,153082,29149200,1706039100,361,493
2025-10-15,10,20243864,연의 편지,2025-10-01,2745,188724,24611100,1781177120,300,390
2025-10-16,1,20257658,극장판 주술회전: 회옥·옥절,2025-10-16,32333,44059,315389280,450252510,694,2206
2025-10-16,2,20256757,극장판 체인소 맨: 레제편,2025-09-24,28390,1969423,292559460,21020447910,760,2505
2025-10-16,3,20228988,보스,2025-10-03,22675,2139702,203409020,20625234010,811,2606
2025-10-16,4,20243561,어쩔수가없다,2025-09-24,15898,2698464,144243800,26429500950,764,1863
2025-10-16,5,20256397,원 배틀 애프터 어나더,2025-10-01,7966,400474,90148150,4244967000,529,1008
2025-10-16,6,20256684,웨폰,2025-10-15,7514,19823,71864640,188273260,534,1072
2025-10-16,7,20253289,극장판 귀멸의 칼날: 무한성편,2025-08-22,5048,5425366,49221450,58638890020,411,568
2025-10-16,8,20257728,중간계,2025-10-15,3036,9443,17530100,58638900,217,450
2025-10-16,9,20243864,연의 편지,2025-10-01,2277,191001,20099060,1801276180,263,311
2025-10-16,10,20254021,트론: 아레스,2025-10-08,2113,155195,19840800,1725879900,321,407
2025-10-17,1,20256757,극장판 체인소 맨: 레제편,2025-09-24,44906,2014329,485139100,21505587010,812,2796
2025-10-17,2,20228988,보스,2025-10-03,29483,2169185,273686230,20898920240,864,2768
2025-10-17,3,20257658,극장판 주술회전: 회옥·옥절,2025-10-16,19390,63449,199647660,649900170,722,2101
2025-10-17,4,20243561,어쩔수가없다,2025-09-24,19201,2717665,184050250,26613551200,799,1961
2025-10-17,5,20256397,원 배틀 애프터 어나더,2025-10-01,10555,411029,125168570,4370135570,542,1038
2025-10-17,6,20256684,웨폰,2025-10-15,9677,29500,97901690,286174950,551,1117
2025-10-17,7,20253289,극장판 귀멸의 칼날: 무한성편,2025-08-22,7320,5432686,74900660,58713790680,465,659
2025-10-17,8,20243864,연의 편지,2025-10-01,4693,195694,42015760,1843291940,306,355
2025-10-17,9,20254021,트론: 아레스,2025-10-08,3378,158573,32807370,1758687270,354,443
2025-10-17,10,20257728,중간계,2025-10-15,2922,12365,17253000,75891900,217,426
2025-10-18,1,20256757,극장판 체인소 맨: 레제편,2025-09-24,117489,2131818,1256490720,22762077730,911,3386
2025-10-18,2,20228988,보스,2025-10-03,49307,2218492,483770760,21382691000,898,3140
2025-10-18,3,20257658,극장판 주술회전: 회옥·옥절,2025-10-16,39803,103252,408778610,1058678780,742,2272
2025-10-18,4,20243561,어쩔수가없다,2025-09-24,34685,2752350,351026270,26964577470,863,2141
2025-10-18,5,20256397,원 배틀 애프터 어나더,2025-10-01,21005,432034,245241710,4615377280,593,1128
2025-10-18,6,20253289,극장판 귀멸의 칼날: 무한성편,2025-08-22,18329,5451015,185407340,58899198020,509,773
2025-10-18,7,20256684,웨폰,2025-10-15,14902,44402,155525330,441700280,568,984
2025-10-18,8,20256526,브레드이발소: 베이커리타운의 악당들,2025-09-27,8979,261591,69910600,2315334500,261,415
2025-10-18,9,20243864,연의 편지,2025-10-01,5964,201658,57736190,1901028130,320,400
2025-10-18,10,20257728,중간계,2025-10-15,5650,18015,36793800,112685700,245,432
2025-10-19,1,20256757,극장판 체인소 맨: 레제편,2025-09-24,83714,2215532,882979450,23645057180,879,3249
2025-10-19,2,20228988,보스,2025-10-03,39677,2258169,389188700,21771879700,901,2984
2025-10-19,3,20257658,극장판 주술회전: 회옥·옥절,2025-10-16,30491,133743,307944290,1366623070,740,2154
2025-10-19,4,20243561,어쩔수가없다,2025-09-24,25582,2777932,255191570,27219769040,821,2003
2025-10-19,5,20253289,극장판 귀멸의 칼날: 무한성편,2025-08-22,17563,5468578,176273670,59075471690,515,751
2025-10-19,6,20256397,원 배틀 애프터 어나더,2025-10-01,15787,447821,182302900,4797680180,570,1020
2025-10-19,7,20256684,웨폰,2025-10-15,10026,54428,105029910,546730190,544,898
2025-10-19,8,20256526,브레드이발소: 베이커리타운의 악당들,2025-09-27,7548,269139,62427600,2377762100,252,410
2025-10-19,9,20258628,이찬원 정규 2집 ‘찬란’ 청음회,,5892,5892,23568000,23568000,40,40
2025-10-19,10,20243864,연의 편지,2025-10-01,5402,207060,51706660,1952734790,320,404
2025-10-20,1,20256757,극장판 체인소 맨: 레제편,2025-09-24,25166,2240698,257324600,23902381780,787,2780
2025-10-20,2,20228988,보스,2025-10-03,14948,2273117,137742100,21909621800,763,2332
2025-10-20,3,20243561,어쩔수가없다,2025-09-24,10387,2788319,98882490,27318651530,718,1697
2025-10-20,4,20258183,원 인 어 밀리언,2025-10-20,6166,6166,154150000,154150000,35,74
2025-10-20,5,20257658,극장판 주술회전: 회옥·옥절,2025-10-16,5742,139485,57040970,1423664040,589,1361
2025-10-20,6,20256397,원 배틀 애프터 어나더,2025-10-01,5006,452827,51607750,4849287930,503,892
2025-10-20,7,20253852,퍼스트 라이드,2025-10-29,4678,7218,42102000,68932000,30,30
2025-10-20,8,20256684,웨폰,2025-10-15,4071,58499,40383400,587113590,482,757
2025-10-20,9,20253289,극장판 귀멸의 칼날: 무한성편,2025-08-22,3921,5472499,39237500,59114709190,443,649
2025-10-20,10,20243864,연의 편지,2025-10-01,1722,208782,15369440,1968104230,260,312
2025-10-21,1,20256757,극장판 체인소 맨: 레제편,2025-09-24,25047,2265745,257842430,24160224210,785,2762
2025-10-21,2,20228988,보스,2025-10-03,15637,2288754,137729200,22047351000,754,2259
2025-10-21,3,20243561,어쩔수가없다,2025-09-24,10287,2798606,97480020,27416131550,723,1680
2025-10-21,4,20257658,극장판 주술회전: 회옥·옥절,2025-10-16,5073,144558,50536720,1474200760,562,1235
2025-10-21,5,20253289,극장판 귀멸의 칼날: 무한성편,2025-08-22,4935,5477434,49804120,59164513310,450,674
2025-10-21,6,20256397,원 배틀 애프터 어나더,2025-10-01,4811,457638,49572640,4898860570,520,887
2025-10-21,7,20256684,웨폰,2025-10-15,3842,62341,37114700,624228290,474,764
2025-10-21,8,20243864,연의 편지,2025-10-01,1986,210768,17678100,1985782330,275,328
2025-10-21,9,20257728,중간계,2025-10-15,1493,24964,8562100,154238600,194,290
2025-10-21,10,20236434,만남의 집,2025-10-15,1341,10894,9670800,88772200,78,99
2025-10-22,1,20256757,극장판 체인소 맨: 레제편,2025-09-24,40737,2306482,338626560,24498850770,784,2786
2025-10-22,2,20257570,8번 출구,2025-10-22,31965,32711,256188210,266914710,749,2639
2025-10-22,3,20090284,코렐라인,2009-05-21,16440,236751,124155100,1568313100,263,603
2025-10-22,4,20228988,보스,2025-10-03,16431,2305185,131062400,22178413400,734,1955
2025-10-22,5,20243561,어쩔수가없다,2025-09-24,12982,2811588,106871840,27523003390,675,1444
2025-10-22,6,20257658,극장판 주술회전: 회옥·옥절,2025-10-16,10042,154600,77820700,1552021460,546,1019
2025-10-22,7,20256397,원 배틀 애프터 어나더,2025-10-01,6821,464459,58600210,4957460780,450,651
2025-10-22,8,20253289,극장판 귀멸의 칼날: 무한성편,2025-08-22,6592,5484026,53348640,59217861950,438,572
2025-10-22,9,20247429,세계의 주인,2025-10-22,4241,5936,31599250,48546350,358,501
2025-10-22,10,20253852,퍼스트 라이드,2025-10-29,2856,10505,25874000,99116000,13,15
2025-10-23,1,20256757,극장판 체인소 맨: 레제편,2025-09-24,24050,2330532,241330960,24740181730,755,2660
2025-10-23,2,20257570,8번 출구,2025-10-22,16219,48930,159861580,426776290,705,2386
2025-10-23,3,20228988,보스,2025-10-03,14419,2319604,126892300,22305305700,695,1884
2025-10-23,4,20243561,어쩔수가없다,2025-09-24,9783,2821371,90234690,27613238080,646,1427
2025-10-23,5,20090284,코렐라인,2009-05-21,7459,244210,72261600,1640574700,272,642
2025-10-23,6,20256397,원 배틀 애프터 어나더,2025-10-01,4453,468912,44460020,5001920800,419,617
2025-10-23,7,20253289,극장판 귀멸의 칼날: 무한성편,2025-08-22,4340,5488366,42922440,59260784390,432,590
2025-10-23,8,20257658,극장판 주술회전: 회옥·옥절,2025-10-16,4140,158740,40296000,1592317460,495,866
2025-10-23,9,20247429,세계의 주인,2025-10-22,2912,8848,25751540,74297890,335,469
2025-10-23,10,20259028,에이티즈 에이 투 지 온 스크린,2025-10-23,1953,1953,19530000,19530000,12,24
2025-10-24,1,20256757,극장판 체인소 맨: 레제편,2025-09-24,40585,2371117,438226560,25178408290,831,3105
2025-10-24,2,20257570,8번 출구,2025-10-22,26285,75215,267570660,694346950,740,2511
2025-10-24,3,20228988,보스,2025-10-03,16861,2336465,157524540,22462830240,716,1931
2025-10-24,4,20243561,어쩔수가없다,2025-09-24,12310,2833681,120635900,27733873980,680,1504
2025-10-24,5,20090284,코렐라인,2009-05-21,10167,254377,104236000,1744810700,288,736
2025-10-24,6,20257658,극장판 주술회전: 회옥·옥절,2025-10-16,6314,165054,63281640,1655599100,534,981
2025-10-24,7,20253289,극장판 귀멸의 칼날: 무한성편,2025-08-22,6273,5494639,64672760,59325457150,446,609
2025-10-24,8,20256397,원 배틀 애프터 어나더,2025-10-01,5932,474844,65933420,5067854220,444,648
2025-10-24,9,20247429,세계의 주인,2025-10-22,5459,14307,50533340,124831230,351,494
2025-10-24,10,20258681,후지모토 타츠키 17-26 파트 1,2025-10-24,2596,2596,28484300,28484300,20,36
2025-10-25,1,20256757,극장판 체인소 맨: 레제편,2025-09-24,108873,2479990,1177289660,26355697950,932,3687
2025-10-25,2,20257570,8번 출구,2025-10-22,57533,132748,589221670,1283568620,781,2794
2025-10-25,3,20090284,코렐라인,2009-05-21,24217,278594,245522500,1990333200,318,962
2025-10-25,4,20228988,보스,2025-10-03,22632,2359097,222988900,22685819140,760,2092
2025-10-25,5,20243561,어쩔수가없다,2025-09-24,19102,2852783,191258600,27925132580,752,1645
2025-10-25,6,20253289,극장판 귀멸의 칼날: 무한성편,2025-08-22,18511,5513150,203946020,59529403170,500,759
2025-10-25,7,20257658,극장판 주술회전: 회옥·옥절,2025-10-16,14661,179715,146406120,1802005220,598,1215
2025-10-25,8,20256397,원 배틀 애프터 어나더,2025-10-01,10487,485331,116560000,5184414220,477,705
2025-10-25,9,20247429,세계의 주인,2025-10-22,8143,22450,80621700,205452930,352,454
2025-10-25,10,20256684,웨폰,2025-10-15,3962,73110,41323460,730302350,295,362
2025-10-26,1,20256757,극장판 체인소 맨: 레제편,2025-09-24,70211,2550201,753238870,27108936820,899,3477
2025-10-26,2,20257570,8번 출구,2025-10-22,53355,186103,542884630,1826453250,764,2691
2025-10-26,3,20090284,코렐라인,2009-05-21,23744,302338,241483800,2231817000,316,948
2025-10-26,4,20228988,보스,2025-10-03,19345,2378442,190446860,22876266000,736,1959
2025-10-26,5,20253289,극장판 귀멸의 칼날: 무한성편,2025-08-22,17071,5530221,184720270,59714123440,499,739
2025-10-26,6,20243561,어쩔수가없다,2025-09-24,16190,2868973,157223190,28082355770,714,1544
2025-10-26,7,20257658,극장판 주술회전: 회옥·옥절,2025-10-16,12767,192482,126841160,1928846380,617,1186
2025-10-26,8,20256397,원 배틀 애프터 어나더,2025-10-01,8517,493848,91406320,5275820540,447,638
2025-10-26,9,20247429,세계의 주인,2025-10-22,8274,30724,82074150,287527080,357,457
2025-10-26,10,20256526,브레드이발소: 베이커리타운의 악당들,2025-09-27,3192,276229,30060200,2442418700,181,263
2025-10-27,1,20256757,극장판 체인소 맨: 레제편,2025-09-24,21108,2571309,219162430,27328099250,773,2776
2025-10-27,2,20257570,8번 출구,2025-10-22,13532,199635,134281250,1960734500,663,2071
2025-10-27,3,20228988,보스,2025-10-03,8434,2386876,77397720,22953663720,606,1520
2025-10-27,4,20243561,어쩔수가없다,2025-09-24,7749,2876722,71851310,28154207080,635,1351
2025-10-27,5,20090284,코렐라인,2009-05-21,5718,308056,56780100,2288597100,243,728
2025-10-27,6,20253852,퍼스트 라이드,2025-10-29,4108,16005,36972000,154859900,17,17
2025-10-27,7,20247429,세계의 주인,2025-10-22,3990,34714,37595360,325122440,342,491
2025-10-27,8,20253289,극장판 귀멸의 칼날: 무한성편,2025-08-22,3343,5533564,33119500,59747242940,412,587
2025-10-27,9,20256397,원 배틀 애프터 어나더,2025-10-01,3154,497002,32523400,5308343940,410,562
2025-10-27,10,20257658,극장판 주술회전: 회옥·옥절,2025-10-16,2627,195109,25801350,1954647730,412,676
2025-10-28,1,20256757,극장판 체인소 맨: 레제편,2025-09-24,20366,2591675,215131520,27543230770,791,2775
2025-10-28,2,20257570,8번 출구,2025-10-22,12818,212453,126446920,2087181420,673,2031
2025-10-28,3,20243561,어쩔수가없다,2025-09-24,8555,2885277,77865760,28232072840,651,1354
2025-10-28,4,20228988,보스,2025-10-03,8020,2394896,70759300,23024423020,623,1464
2025-10-28,5,20090284,코렐라인,2009-05-21,5588,313644,54874600,2343471700,251,729
2025-10-28,6,20253852,퍼스트 라이드,2025-10-29,5214,21219,52040000,206899900,27,27
2025-10-28,7,20247429,세계의 주인,2025-10-22,4944,39658,46645940,371768380,358,521
2025-10-28,8,20256397,원 배틀 애프터 어나더,2025-10-01,3544,500546,36704800,5345048740,420,576
2025-10-28,9,20253289,극장판 귀멸의 칼날: 무한성편,2025-08-22,3410,5536974,33717100,59780960040,416,593
2025-10-28,10,20257658,극장판 주술회전: 회옥·옥절,2025-10-16,2575,197684,25280970,1979928700,421,654
2025-10-29,1,20253852,퍼스트 라이드,2025-10-29,82690,103909,633628240,840528140,1227,4530
2025-10-29,2,20256757,극장판 체인소 맨: 레제편,2025-09-24,37025,2628700,297225150,27840455920,709,2369
2025-10-29,3,20257570,8번 출구,2025-10-22,16968,229421,129864900,2217046320,617,1231
2025-10-29,4,20090284,코렐라인,2009-05-21,10984,324628,82426700,2425898400,231,543
2025-10-29,5,20243561,어쩔수가없다,2025-09-24,7589,2892866,60252900,28292325740,486,721
2025-10-29,6,20228988,보스,2025-10-03,6833,2401729,51150270,23075573290,476,737
2025-10-29,7,20257795,베이비걸,2025-10-29,5865,6419,38626190,43968190,157,450
2025-10-29,8,20253289,극장판 귀멸의 칼날: 무한성편,2025-08-22,5833,5542807,47616000,59828576040,345,416
2025-10-29,9,20247429,세계의 주인,2025-10-22,5129,44787,40234100,412002480,209,249
2025-10-29,10,20258001,지드래곤 인 시네마 [위버맨쉬],2025-10-29,4859,5059,130040000,135040000,86,305
2025-10-30,1,20253852,퍼스트 라이드,2025-10-29,34118,138027,310048940,1150577080,1151,4095
2025-10-30,2,20256757,극장판 체인소 맨: 레제편,2025-09-24,17962,2646662,178564760,28019020680,651,2296
2025-10-30,3,20257570,8번 출구,2025-10-22,8861,238282,87169090,2304215410,582,1154
2025-10-30,4,20228988,보스,2025-10-03,6382,2408111,51443700,23127016990,452,671
2025-10-30,5,20243561,어쩔수가없다,2025-09-24,5147,2898013,46091300,28338417040,483,695
2025-10-30,6,20090284,코렐라인,2009-05-21,4661,329289,46256200,2472154600,207,474
2025-10-30,7,20257456,말할 수 없는 비밀: 마지막 챕터,2025-10-30,3606,3845,20361800,22509800,158,310
2025-10-30,8,20247429,세계의 주인,2025-10-22,3114,47901,30729440,442731920,212,256
2025-10-30,9,20253289,극장판 귀멸의 칼날: 무한성편,2025-08-22,2636,5545443,25616400,59854192440,316,378
2025-10-30,10,20257658,극장판 주술회전: 회옥·옥절,2025-10-16,2342,203606,22682950,2030706150,250,315
2025-10-31,1,20253852,퍼스트 라이드,2025-10-29,48470,186497,456737480,1607314560,1142,4217
2025-10-31,2,20256757,극장판 체인소 맨: 레제편,2025-09-24,28392,2675054,298580890,28317601570,712,2449
2025-10-31,3,20257570,8번 출구,2025-10-22,15494,253776,158951570,2463166980,599,1317
2025-10-31,4,20090284,코렐라인,2009-05-21,8013,337302,87658100,2559812700,230,480
2025-10-31,5,20259058,신세기 에반게리온 극장판 사도신생,2025-10-31,7066,7066,76226700,76226700,180,349
2025-10-31,6,20243561,어쩔수가없다,2025-09-24,7062,2905075,65343050,28403760090,467,696
2025-10-31,7,20259147,케이팝 데몬 헌터스,2025-10-31,7013,7013,82401300,82401300,123,498
2025-10-31,8,20228988,보스,2025-10-03,4495,2412606,40382000,23167398990,445,651
2025-10-31,9,20253289,극장판 귀멸의 칼날: 무한성편,2025-08-22,4306,5549749,43912570,59898105010,341,420
2025-10-31,10,20247429,세계의 주인,2025-10-22,4020,51921,42808200,485540120,225,292
2025-11-01,1,20253852,퍼스트 라이드,2025-10-29,96313,282810,936309230,2543623790,1166,4674
2025-11-01,2,20256757,극장판 체인소 맨: 레제편,2025-09-24,69058,2744112,728896500,29046498070,817,2896
2025-11-01,3,20257570,8번 출구,2025-10-22,37319,291095,377109140,2840276120,707,1738
2025-11-01,4,20259147,케이팝 데몬 헌터스,2025-10-31,17578,24591,201263900,283665200,143,519
2025-11-01,5,20090284,코렐라인,2009-05-21,16020,353322,163411100,2723223800,257,594
2025-11-01,6,20253289,극장판 귀멸의 칼날: 무한성편,2025-08-22,12536,5562285,138077050,60036182060,429,546
2025-11-01,7,20243561,어쩔수가없다,2025-09-24,7549,2912624,74310310,28478070400,474,699
2025-11-01,8,20247429,세계의 주인,2025-10-22,7102,59023,72902600,558442720,274,368
2025-11-01,9,20257658,극장판 주술회전: 회옥·옥절,2025-10-16,5811,212023,56422370,2112697830,310,411
2025-11-01,10,20256397,원 배틀 애프터 어나더,2025-10-01,4727,514639,47356760,5474800500,234,303
2025-11-02,1,20253852,퍼스트 라이드,2025-10-29,85993,368803,838264300,3381888090,1125,4399
2025-11-02,2,20256757,극장판 체인소 맨: 레제편,2025-09-24,50009,2794121,520588830,29567086900,773,2804
2025-11-02,3,20257570,8번 출구,2025-10-22,31903,322998,322913450,3163189570,710,1656
2025-11-02,4,20090284,코렐라인,2009-05-21,15188,368510,153603100,2876826900,250,590
2025-11-02,5,20259147,케이팝 데몬 헌터스,2025-10-31,14584,39175,174947700,458612900,137,498
2025-11-02,6,20253289,극장판 귀멸의 칼날: 무한성편,2025-08-22,11991,5574276,126075270,60162257330,427,531
2025-11-02,7,20243561,어쩔수가없다,2025-09-24,7272,2919896,70681670,28548752070,472,683
2025-11-02,8,20247429,세계의 주인,2025-10-22,6604,65627,67228050,625670770,276,368
2025-11-02,9,20257658,극장판 주술회전: 회옥·옥절,2025-10-16,5876,217899,58683630,2171381460,329,424
2025-11-02,10,20228988,보스,2025-10-03,3896,2420642,38183460,23246092350,423,601
2025-11-03,1,20253852,퍼스트 라이드,2025-10-29,25178,393981,230382360,3612270450,1006,3450
2025-11-03,2,20256757,극장판 체인소 맨: 레제편,2025-09-24,16125,2810246,160946980,29728033880,644,2284
2025-11-03,3,20257570,8번 출구,2025-10-22,7662,330660,75332400,3238521970,587,1240
2025-11-03,4,20090284,코렐라인,2009-05-21,3699,372209,36373000,2913199900,208,472
2025-11-03,5,20247429,세계의 주인,2025-10-22,3454,69081,33111460,658782230,286,413
2025-11-03,6,20243561,어쩔수가없다,2025-09-24,2866,2922762,26929720,28575681790,412,576
2025-11-03,7,20253289,극장판 귀멸의 칼날: 무한성편,2025-08-22,2470,5576746,24136000,60186393330,359,455
2025-11-03,8,20228988,보스,2025-10-03,2158,2422800,19420000,23265512350,351,484
2025-11-03,9,20256397,원 배틀 애프터 어나더,2025-10-01,1478,519711,14138500,5524879300,201,261
2025-11-03,10,20225855,하얀 차를 탄 여자,2025-10-29,1329,15816,12384200,145309580,306,395
2025-11-04,1,20253852,퍼스트 라이드,2025-10-29,23992,417973,215344100,3827614550,1017,3438
2025-11-04,2,20256757,극장판 체인소 맨: 레제편,2025-09-24,14654,2824900,145836700,29873870580,630,2218
2025-11-04,3,20257570,8번 출구,2025-10-22,7718,338378,73732100,3312254070,571,1218
2025-11-04,4,20247429,세계의 주인,2025-10-22,3507,72588,33095100,691877330,287,413
2025-11-04,5,20090284,코렐라인,2009-05-21,3485,375694,34029000,2947228900,208,463
2025-11-04,6,20243561,어쩔수가없다,2025-09-24,2639,2925401,25282360,28600964150,397,554
2025-11-04,7,20253289,극장판 귀멸의 칼날: 무한성편,2025-08-22,2438,5579184,24007300,60210400630,341,440
2025-11-04,8,20228988,보스,2025-10-03,2003,2424803,17947700,23283460050,344,463
2025-11-04,9,20225855,하얀 차를 탄 여자,2025-10-29,1747,17563,17127900,162437480,304,400
2025-11-04,10,20256397,원 배틀 애프터 어나더,2025-10-01,1551,521262,15017500,5539896800,189,246
2025-11-05,1,20254375,프레데터: 죽음의 땅,2025-11-05,34746,36427,342976290,368377290,952,3456
2025-11-05,2,20256757,극장판 체인소 맨: 레제편,2025-09-24,24605,2849505,254710540,30128581120,642,1738
2025-11-05,3,20253852,퍼스트 라이드,2025-10-29,22418,440391,207468280,4035082830,772,2137
2025-11-05,4,20256320,부고니아,2025-11-05,9092,11191,85688870,104779870,518,1143
2025-11-05,5,20257570,8번 출구,2025-10-22,7033,345411,66406100,3378660170,483,748
2025-11-05,6,20253340,구원자,2025-11-05,5939,7051,51397100,61939100,498,982
2025-11-05,7,20257361,난징사진관,2025-11-05,4585,5765,41456800,52778600,272,358
2025-11-05,8,20010083,반지의 제왕 : 반지원정대,2001-12-31,3845,39470,56491460,488751500,11,49
2025-11-05,9,20258311,엄마를 버리러 갑니다,2025-11-05,3401,4134,29553800,34684800,155,308
2025-11-05,10,20247693,위키드,2024-11-20,3121,2249769,28532900,22216605450,151,350
2025-11-06,1,20254375,프레데터: 죽음의 땅,2025-11-05,24592,61019,246301070,614678360,933,3396
2025-11-06,2,20253852,퍼스트 라이드,2025-10-29,17487,457878,158633430,4193716260,766,2100
2025-11-06,3,20256757,극장판 체인소 맨: 레제편,2025-09-24,14755,2864260,150868610,30279449730,625,1707
2025-11-06,4,20257570,8번 출구,2025-10-22,5908,351319,56502600,3435162770,500,787
2025-11-06,5,20256320,부고니아,2025-11-05,5895,17086,56319600,161099470,498,1001
2025-11-06,6,20253340,구원자,2025-11-05,3755,10806,32889800,94828900,453,840
2025-11-06,7,20257361,난징사진관,2025-11-05,3023,8788,27471300,80249900,268,352
2025-11-06,8,20247693,위키드,2024-11-20,2356,2252125,21343900,22237949350,147,310
2025-11-06,9,20258311,엄마를 버리러 갑니다,2025-11-05,2282,6416,19356800,54041600,156,318
2025-11-06,10,20247429,세계의 주인,2025-10-22,2215,77288,20996660,736311140,202,249
2025-11-07,1,20254375,프레데터: 죽음의 땅,2025-11-05,34221,95240,358590340,973268700,953,3501
2025-11-07,2,20253852,퍼스트 라이드,2025-10-29,25884,483762,238580850,4432297110,862,2445
2025-11-07,3,20256757,극장판 체인소 맨: 레제편,2025-09-24,20812,2885072,220769540,30500219270,709,1984
2025-11-07,4,20257570,8번 출구,2025-10-22,8576,359895,86167700,3521330470,550,944
2025-11-07,5,20256320,부고니아,2025-11-05,6381,23467,63640500,224739970,510,996
2025-11-07,6,20253340,구원자,2025-11-05,3831,14637,34410650,129239550,448,857
2025-11-07,7,20247429,세계의 주인,2025-10-22,3396,80684,34715500,771026640,218,276
2025-11-07,8,20090284,코렐라인,2009-05-21,3072,383305,31394500,3023430600,197,308
2025-11-07,9,20247693,위키드,2024-11-20,2959,2255084,27085200,22265034550,153,336
2025-11-07,10,20257361,난징사진관,2025-11-05,2881,11669,26222300,106472200,260,333
2025-11-08,1,20254375,프레데터: 죽음의 땅,2025-11-05,70867,166107,754608500,1727877200,949,3692
2025-11-08,2,20256757,극장판 체인소 맨: 레제편,2025-09-24,55338,2940410,587890990,31088110260,790,2448
2025-11-08,3,20253852,퍼스트 라이드,2025-10-29,52135,535897,510257050,4942554160,900,2863
2025-11-08,4,20257570,8번 출구,2025-10-22,20451,380346,207855230,3729185700,659,1271
2025-11-08,5,20256320,부고니아,2025-11-05,8583,32050,89058770,313798740,527,953
2025-11-08,6,20090284,코렐라인,2009-05-21,8170,391475,82631600,3106062200,215,422
2025-11-08,7,20253289,극장판 귀멸의 칼날: 무한성편,2025-08-22,8157,5593847,81353010,60355069590,354,415
2025-11-08,8,20258570,극장판 똘똘이: 아기공룡의 비밀,2025-11-07,8053,9692,75576700,90971900,222,405
2025-11-08,9,20247693,위키드,2024-11-20,5558,2260642,51132320,22316166870,162,376
2025-11-08,10,20247429,세계의 주인,2025-10-22,4750,85434,47883600,818910240,214,286
2025-11-09,1,20254375,프레데터: 죽음의 땅,2025-11-05,54996,221103,581646590,2309523790,943,3428
2025-11-09,2,20253852,퍼스트 라이드,2025-10-29,42315,578212,414592670,5357146830,889,2698
2025-11-09,3,20256757,극장판 체인소 맨: 레제편,2025-09-24,36994,2977404,392002410,31480112670,762,2305
2025-11-09,4,20257570,8번 출구,2025-10-22,16015,396361,161871450,3891057150,634,1174
2025-11-09,5,20258570,극장판 똘똘이: 아기공룡의 비밀,2025-11-07,8704,18396,81560700,172532600,240,407
2025-11-09,6,20253289,극장판 귀멸의 칼날: 무한성편,2025-08-22,7601,5601448,74445670,60429515260,331,391
2025-11-09,7,20090284,코렐라인,2009-05-21,7346,398821,73871800,3179934000,219,398
2025-11-09,8,20256320,부고니아,2025-11-05,6658,38708,71051750,384850490,508,840
2025-11-09,9,20247693,위키드,2024-11-20,4665,2265307,42752700,22358919570,175,356
2025-11-09,10,20247429,세계의 주인,2025-10-22,4570,90004,45776540,864686780,215,285
2025-11-10,1,20254375,프레데터: 죽음의 땅,2025-11-05,17628,238731,180241700,2489765490,846,2930
2025-11-10,2,20253852,퍼스트 라이드,2025-10-29,12074,590286,110506000,5467652830,698,1922
2025-11-10,3,20256757,극장판 체인소 맨: 레제편,2025-09-24,11479,2988883,117370830,31597483500,657,1834
2025-11-10,4,20257570,8번 출구,2025-10-22,4616,400977,44624800,3935681950,486,822
2025-11-10,5,20256320,부고니아,2025-11-05,2885,41593,28619620,413470110,453,723
2025-11-10,6,20247429,세계의 주인,2025-10-22,2103,92107,20683100,885369880,211,278
2025-11-10,7,20253289,극장판 귀멸의 칼날: 무한성편,2025-08-22,1836,5603284,18187800,60447703060,275,319
2025-11-10,8,20253340,구원자,2025-11-05,1820,25085,15667000,224025610,364,546
2025-11-10,9,20090284,코렐라인,2009-05-21,1554,400375,15338500,3195272500,176,274
2025-11-10,10,20247693,위키드,2024-11-20,1470,2266777,13524900,22372444470,144,283
2025-11-11,1,20254375,프레데터: 죽음의 땅,2025-11-05,17068,255799,174744020,2664509510,867,2890
2025-11-11,2,20253852,퍼스트 라이드,2025-10-29,13358,603644,121505000,5589157830,717,1962
2025-11-11,3,20256757,극장판 체인소 맨: 레제편,2025-09-24,11108,2999991,113205100,31710688600,664,1829
2025-11-11,4,20256320,부고니아,2025-11-05,3731,45324,35657000,449127110,427,703
2025-11-11,5,20257570,8번 출구,2025-10-22,3695,404672,37817820,3973499770,463,763
2025-11-11,6,20253340,구원자,2025-11-05,2769,27854,23522800,247548410,390,592
2025-11-11,7,20258311,엄마를 버리러 갑니다,2025-11-05,2373,17612,17854300,157968700,142,257
2025-11-11,8,20257361,난징사진관,2025-11-05,2345,20091,18700600,183057420,229,286
2025-11-11,9,20253289,극장판 귀멸의 칼날: 무한성편,2025-08-22,2070,5605354,20485380,60468188440,284,330
2025-11-11,10,20247429,세계의 주인,2025-10-22,2062,94169,19595700,904965580,206,283
2025-11-12,1,20258383,나우 유 씨 미 3,2025-11-12,82300,82951,762366540,768225540,1261,5132
2025-11-12,2,20256757,극장판 체인소 맨: 레제편,2025-09-24,19512,3019503,193784860,31904473460,633,1681
2025-11-12,3,20253852,퍼스트 라이드,2025-10-29,12949,616593,119141890,5708299720,610,1567
2025-11-12,4,20254375,프레데터: 죽음의 땅,2025-11-05,12177,267976,116667860,2781177370,671,1863
2025-11-12,5,20257570,8번 출구,2025-10-22,4092,408764,40230100,4013729870,404,619
2025-11-12,6,20254824,명탐정 코난: 척안의 잔상,2025-07-16,2517,741430,27873500,7300464240,62,218
2025-11-12,7,20247429,세계의 주인,2025-10-22,2500,96669,24307300,929272880,186,242
2025-11-12,8,20256320,부고니아,2025-11-05,2376,47700,22318900,471446010,270,335
2025-11-12,9,20253340,구원자,2025-11-05,1952,29806,17289700,264838110,111,139
2025-11-12,10,20253289,극장판 귀멸의 칼날: 무한성편,2025-08-22,1896,5607250,18628980,60486817420,238,271
2025-11-13,1,20258383,나우 유 씨 미 3,2025-11-12,68497,151448,629849950,1398075490,1251,4993
2025-11-13,2,20256757,극장판 체인소 맨: 레제편,2025-09-24,21558,3041061,210524310,32114997770,656,1770
2025-11-13,3,20253852,퍼스트 라이드,2025-10-29,19091,635684,169110510,5877410230,662,1661
2025-11-13,4,20254375,프레데터: 죽음의 땅,2025-11-05,11990,279966,113694000,2894871370,673,1825
2025-11-13,5,20257570,8번 출구,2025-10-22,4815,413579,46615620,4060345490,412,633
2025-11-13,6,20090284,코렐라인,2009-05-21,2629,406649,24832000,3256258800,149,216
2025-11-13,7,20247429,세계의 주인,2025-10-22,2324,98993,23011960,952284840,201,257
2025-11-13,8,20253289,극장판 귀멸의 칼날: 무한성편,2025-08-22,2266,5609516,21891300,60508708720,244,279
2025-11-13,9,20256320,부고니아,2025-11-05,2113,49813,20780400,492226410,268,325
2025-11-13,10,20254824,명탐정 코난: 척안의 잔상,2025-07-16,1604,743034,17700000,7318164240,62,208
2025-11-14,1,20258383,나우 유 씨 미 3,2025-11-12,92708,244156,888641590,2286717080,1325,5330
2025-11-14,2,20256757,극장판 체인소 맨: 레제편,2025-09-24,22915,3063976,236024880,32351022650,697,1896
2025-11-14,3,20254375,프레데터: 죽음의 땅,2025-11-05,16357,296323,160174770,3055046140,687,1956
2025-11-14,4,20253852,퍼스트 라이드,2025-10-29,15216,650900,133302400,6010712630,658,1645
2025-11-14,5,20257570,8번 출구,2025-10-22,4417,417996,44358870,4104704360,409,640
2025-11-14,6,20256320,부고니아,2025-11-05,3099,52912,30911500,523137910,286,359
2025-11-14,7,20253289,극장판 귀멸의 칼날: 무한성편,2025-08-22,2863,5612379,28721250,60537429970,247,297
2025-11-14,8,20090284,코렐라인,2009-05-21,2462,409111,23483000,3279741800,155,226
2025-11-14,9,20247429,세계의 주인,2025-10-22,2335,101328,23323750,975608590,200,256
2025-11-14,10,20257361,난징사진관,2025-11-05,1877,24213,16435300,217718720,120,132
2025-11-15,1,20258383,나우 유 씨 미 3,2025-11-12,183741,427897,1773221610,4059938690,1339,5973
2025-11-15,2,20256757,극장판 체인소 맨: 레제편,2025-09-24,59580,3123556,624379080,32975401730,795,2273
2025-11-15,3,20254375,프레데터: 죽음의 땅,2025-11-05,34582,330905,341334060,3396380200,700,2115
2025-11-15,4,20253852,퍼스트 라이드,2025-10-29,21818,672718,213540120,6224252750,724,1826
2025-11-15,5,20257570,8번 출구,2025-10-22,8545,426541,86977880,4191682240,468,715
2025-11-15,6,20253289,극장판 귀멸의 칼날: 무한성편,2025-08-22,7828,5620207,78420900,60615850870,309,375
2025-11-15,7,20258385,꼬마돼지 베이브와 타피티,2025-11-13,5307,9957,46266550,80548550,349,406
2025-11-15,8,20256320,부고니아,2025-11-05,4502,57414,48557680,571695590,257,319
2025-11-15,9,20258570,극장판 똘똘이: 아기공룡의 비밀,2025-11-07,4300,25249,41443800,236515400,222,357
2025-11-15,10,20090284,코렐라인,2009-05-21,3975,413086,39714900,3319456700,164,253
2025-11-16,1,20258383,나우 유 씨 미 3,2025-11-12,158846,586743,1532628810,5592567500,1352,5777
2025-11-16,2,20256757,극장판 체인소 맨: 레제편,2025-09-24,35093,3158649,363036100,33338437830,765,2153
2025-11-16,3,20254375,프레데터: 죽음의 땅,2025-11-05,27984,358889,275493460,3671873660,715,2015
2025-11-16,4,20253852,퍼스트 라이드,2025-10-29,18199,690917,172459570,6396712320,715,1726
2025-11-16,5,20253289,극장판 귀멸의 칼날: 무한성편,2025-08-22,7373,5627580,73323700,60689174570,293,355
2025-11-16,6,20257570,8번 출구,2025-10-22,7263,433804,73693250,4265375490,452,672
2025-11-16,7,20258385,꼬마돼지 베이브와 타피티,2025-11-13,5352,15309,46923800,127472350,359,416
2025-11-16,8,20258570,극장판 똘똘이: 아기공룡의 비밀,2025-11-07,4417,29666,42499900,279015300,209,340
2025-11-16,9,20090284,코렐라인,2009-05-21,4225,417311,41332400,3360789100,173,261
2025-11-16,10,20256320,부고니아,2025-11-05,3787,61201,39157660,610853250,248,308
2025-11-17,1,20258383,나우 유 씨 미 3,2025-11-12,53445,640188,499772220,6092339720,1196,4755
2025-11-17,2,20256757,극장판 체인소 맨: 레제편,2025-09-24,14123,3172772,138025220,33476463050,640,1803
2025-11-17,3,20254375,프레데터: 죽음의 땅,2025-11-05,9207,368096,87204340,3759078000,577,1650
2025-11-17,4,20253852,퍼스트 라이드,2025-10-29,7122,698039,62583220,6459295540,555,1271
2025-11-17,5,20257570,8번 출구,2025-10-22,2606,436410,22036700,4287412190,368,519
2025-11-17,6,20256320,부고니아,2025-11-05,2074,63275,20273600,631126850,241,304
2025-11-17,7,20247429,세계의 주인,2025-10-22,2071,110631,19155700,1067440350,184,246
2025-11-17,8,20253289,극장판 귀멸의 칼날: 무한성편,2025-08-22,1988,5629568,19098240,60708272810,268,311
2025-11-17,9,20247693,위키드,2024-11-20,1273,2279391,11454500,22487565570,105,131
2025-11-17,10,20090284,코렐라인,2009-05-21,1122,418433,10574700,3371363800,139,200
2025-11-18,1,20258383,나우 유 씨 미 3,2025-11-12,48871,689059,449898070,6542237790,1234,4688
2025-11-18,2,20256757,극장판 체인소 맨: 레제편,2025-09-24,13006,3185778,128001300,33604464350,661,1787
2025-11-18,3,20254375,프레데터: 죽음의 땅,2025-11-05,8289,376385,78238200,3837316200,597,1603
2025-11-18,4,20253852,퍼스트 라이드,2025-10-29,8103,706142,69687300,6528982840,568,1223
2025-11-18,5,20253289,극장판 귀멸의 칼날: 무한성편,2025-08-22,2578,5632146,23961320,60732234130,278,327
2025-11-18,6,20257570,8번 출구,2025-10-22,2324,438734,19660820,4307073010,371,515
2025-11-18,7,20256320,부고니아,2025-11-05,2251,65526,22551400,653678250,250,317
2025-11-18,8,20247429,세계의 주인,2025-10-22,1621,112252,15826400,1083266750,187,245
2025-11-18,9,20247693,위키드,2024-11-20,1606,2280997,14566900,22502132470,108,132
2025-11-18,10,20257361,난징사진관,2025-11-05,1358,28800,12396600,260204680,86,90
2025-11-19,1,20255381,위키드: 포 굿,2025-11-19,108146,108830,1103970760,1115418760,1699,5740
2025-11-19,2,20258383,나우 유 씨 미 3,2025-11-12,40741,729800,379762160,6921999950,825,2317
2025-11-19,3,20256757,극장판 체인소 맨: 레제편,2025-09-24,17431,3203209,166740440,33771204790,574,1021
2025-11-19,4,20257161,국보,2025-11-19,9569,14184,86754260,141162440,484,802
2025-11-19,5,20243405,나혼자 프린스,2025-11-19,6090,7223,51809500,61674500,535,1099
2025-11-19,6,20254375,프레데터: 죽음의 땅,2025-11-05,4413,380798,40556700,3877872900,432,642
2025-11-19,7,20253852,퍼스트 라이드,2025-10-29,4201,710343,33735500,6562718340,350,474
2025-11-19,8,20259225,포레스텔라 : 더 웨이브 인 시네마,2025-11-19,2025,2025,50625000,50625000,23,33
2025-11-19,9,20090284,코렐라인,2009-05-21,1678,421190,11370600,3392673200,102,116
2025-11-19,10,20257570,8번 출구,2025-10-22,1668,440402,13494000,4320567010,182,204
2025-11-20,1,20255381,위키드: 포 굿,2025-11-19,52475,161305,539994820,1655413580,1589,5176
2025-11-20,2,20258383,나우 유 씨 미 3,2025-11-12,37010,766810,347114010,7269113960,815,2354
2025-11-20,3,20256757,극장판 체인소 맨: 레제편,2025-09-24,10092,3213301,97196580,33868401370,578,1034
2025-11-20,4,20257161,국보,2025-11-19,6746,20930,60792500,201954940,458,752
2025-11-20,5,20243405,나혼자 프린스,2025-11-19,5126,12349,43700900,105375400,519,1047
2025-11-20,6,20254375,프레데터: 죽음의 땅,2025-11-05,3928,384726,37601210,3915474110,424,635
2025-11-20,7,20253852,퍼스트 라이드,2025-10-29,3900,714243,32441000,6595159340,345,472
2025-11-20,8,19980126,가타카,1998-05-02,1388,1474,13581760,14441760,71,126
2025-11-20,9,20247429,세계의 주인,2025-10-22,1373,114715,12761300,1106339250,109,140
2025-11-20,10,20257570,8번 출구,2025-10-22,1340,441742,11146400,4331713410,183,211
2025-11-21,1,20255381,위키드: 포 굿,2025-11-19,77314,238619,837495440,2492909020,1653,5642
2025-11-21,2,20258383,나우 유 씨 미 3,2025-11-12,53165,819975,508239070,7777353030,887,2619
2025-11-21,3,20256757,극장판 체인소 맨: 레제편,2025-09-24,13136,3226437,133466540,34001867910,628,1119
2025-11-21,4,20257161,국보,2025-11-19,9700,30630,91689980,293644920,483,799
2025-11-21,5,20243405,나혼자 프린스,2025-11-19,6816,19165,61057850,166433250,536,1062
2025-11-21,6,20124315,엔드 오브 에반게리온,2024-01-17,5696,38428,61467500,395511836,116,200
2025-11-21,7,20254375,프레데터: 죽음의 땅,2025-11-05,5672,390398,55371250,3970845360,437,661
2025-11-21,8,20253852,퍼스트 라이드,2025-10-29,4810,719053,42624600,6637783940,336,471
2025-11-21,9,20253289,극장판 귀멸의 칼날: 무한성편,2025-08-22,1737,5636347,17600500,60773665440,136,153
2025-11-21,10,20247429,세계의 주인,2025-10-22,1463,116178,15000640,1121339890,105,136
2025-11-22,1,20255381,위키드: 포 굿,2025-11-19,164791,403410,1721143370,4214052390,1700,6554
2025-11-22,2,20258383,나우 유 씨 미 3,2025-11-12,103015,922990,1005065790,8782418820,948,3142
2025-11-22,3,20256757,극장판 체인소 맨: 레제편,2025-09-24,27583,3254020,279317470,34281185380,694,1308
2025-11-22,4,20257161,국보,2025-11-19,14908,45538,145137410,438782330,517,810
2025-11-22,5,20254375,프레데터: 죽음의 땅,2025-11-05,10646,401044,103061090,4073906450,412,594
2025-11-22,6,20243405,나혼자 프린스,2025-11-19,8982,28147,84739600,251172850,533,990
2025-11-22,7,20253852,퍼스트 라이드,2025-10-29,5451,724504,50479650,6688263590,318,444
2025-11-22,8,20247429,세계의 주인,2025-10-22,5329,121507,53961560,1175301450,112,145
2025-11-22,9,20253289,극장판 귀멸의 칼날: 무한성편,2025-08-22,5185,5641532,50567250,60824232690,183,205
2025-11-22,10,20258570,극장판 똘똘이: 아기공룡의 비밀,2025-11-07,2631,33313,25150300,313143000,163,245
2025-11-23,1,20255381,위키드: 포 굿,2025-11-19,133952,537362,1382849190,5596901580,1674,6081
2025-11-23,2,20258383,나우 유 씨 미 3,2025-11-12,90295,1013285,879385410,9661804230,974,3115
2025-11-23,3,20256757,극장판 체인소 맨: 레제편,2025-09-24,22256,3276276,225631570,34506816950,678,1262
2025-11-23,4,20257161,국보,2025-11-19,12792,58330,124703920,563486250,521,804
2025-11-23,5,20254375,프레데터: 죽음의 땅,2025-11-05,8584,409628,82641000,4156547450,395,578
2025-11-23,6,20243405,나혼자 프린스,2025-11-19,7725,35872,73436100,324608950,530,927
2025-11-23,7,20247429,세계의 주인,2025-10-22,6600,128107,68370460,1243671910,112,146
2025-11-23,8,20253289,극장판 귀멸의 칼날: 무한성편,2025-08-22,5249,5646781,51019400,60875252090,179,206
2025-11-23,9,20253852,퍼스트 라이드,2025-10-29,4603,729107,43667000,6731930590,284,391
2025-11-23,10,20258570,극장판 똘똘이: 아기공룡의 비밀,2025-11-07,2881,36194,27513400,340656400,166,243
2025-11-24,1,20255381,위키드: 포 굿,2025-11-19,30179,567541,306957480,5903859060,1405,4391
2025-11-24,2,20258383,나우 유 씨 미 3,2025-11-12,29408,1042693,273025210,9934829440,830,2638
2025-11-24,3,20256757,극장판 체인소 맨: 레제편,2025-09-24,8300,3284576,79798520,34586615470,609,1125
2025-11-24,4,20257161,국보,2025-11-19,6639,64969,61321850,624808100,505,791
2025-11-24,5,20247429,세계의 주인,2025-10-22,3905,132012,38236190,1281908100,125,184
2025-11-24,6,20243405,나혼자 프린스,2025-11-19,3283,39155,29384360,353993310,422,781
2025-11-24,7,20254375,프레데터: 죽음의 땅,2025-11-05,3148,412776,29122860,4185670310,360,517
2025-11-24,8,20253852,퍼스트 라이드,2025-10-29,2278,731385,19517500,6751448090,264,360
2025-11-24,9,20253289,극장판 귀멸의 칼날: 무한성편,2025-08-22,1501,5648282,14539600,60889791690,150,168
2025-11-24,10,19980126,가타카,1998-05-02,926,8158,8837240,91241020,72,113
2025-11-25,1,20258383,나우 유 씨 미 3,2025-11-12,29804,1072497,275166980,10209996420,895,2698
2025-11-25,2,20255381,위키드: 포 굿,2025-11-19,28697,596238,288963260,6192822320,1419,4222
2025-11-25,3,20256757,극장판 체인소 맨: 레제편,2025-09-24,8438,3293014,81341420,34667956890,593,1107
2025-11-25,4,20257161,국보,2025-11-19,7047,72016,64282510,689090610,509,813
2025-11-25,5,20243405,나혼자 프린스,2025-11-19,4365,43520,36333400,390326710,443,786
2025-11-25,6,20247429,세계의 주인,2025-10-22,3971,135983,38965050,1320873150,136,201
2025-11-25,7,20254375,프레데터: 죽음의 땅,2025-11-05,2914,415690,27211800,4212882110,365,528
2025-11-25,8,20249326,윗집 사람들,2025-12-03,2837,2837,30069000,30069000,11,12
2025-11-25,9,20259536,힘,2025-11-26,2614,2614,18298000,18298000,16,16
2025-11-25,10,20253852,퍼스트 라이드,2025-10-29,2606,733991,23342100,6774790190,260,353
2025-11-26,1,20252432,주토피아 2,2025-11-26,309168,310951,2491089050,2512128050,2084,8027
2025-11-26,2,20258383,나우 유 씨 미 3,2025-11-12,35043,1107540,271747320,10481743740,844,1985
2025-11-26,3,20255381,위키드: 포 굿,2025-11-19,34125,630363,281603140,6474425460,1023,2260
2025-11-26,4,20256757,극장판 체인소 맨: 레제편,2025-09-24,9899,3302913,84833480,34752790370,494,668
2025-11-26,5,20257161,국보,2025-11-19,9251,81267,71316300,760406910,372,483
2025-11-26,6,20242374,한란,2025-11-26,3458,4561,24466200,34633800,262,345
2025-11-26,7,20247429,세계의 주인,2025-10-22,3327,139310,26529600,1347402750,106,146
2025-11-26,8,20125316,석류의 빛깔 ,2025-11-26,2983,3874,26474500,32421500,55,68
2025-11-26,9,20243405,나혼자 프린스,2025-11-19,2397,45917,18711300,409038010,232,298
2025-11-26,10,20253852,퍼스트 라이드,2025-10-29,1885,735876,12546300,6787336490,52,55
2025-11-27,1,20252432,주토피아 2,2025-11-26,172048,482999,1647740230,4159868280,1943,7769
2025-11-27,2,20258383,나우 유 씨 미 3,2025-11-12,22414,1129954,208031130,10689774870,775,1991
2025-11-27,3,20255381,위키드: 포 굿,2025-11-19,18213,648576,180130720,6654556180,936,2140
2025-11-27,4,20257161,국보,2025-11-19,6596,87863,59007400,819414310,364,498
2025-11-27,5,20256757,극장판 체인소 맨: 레제편,2025-09-24,5847,3308760,56325320,34809115690,449,642
2025-11-27,6,20242374,한란,2025-11-26,3042,7603,20885900,55519700,255,340
2025-11-27,7,20247429,세계의 주인,2025-10-22,2417,141727,23661540,1371064290,120,172
2025-11-27,8,20249326,윗집 사람들,2025-12-03,2313,5373,20817000,52893000,11,11
2025-11-27,9,20243405,나혼자 프린스,2025-11-19,2070,47987,18768600,427806610,217,293
2025-11-27,10,20253852,퍼스트 라이드,2025-10-29,1959,737835,19067400,6806403890,58,68
2025-11-28,1,20252432,주토피아 2,2025-11-26,258740,741739,2587554610,6747422890,2047,8490
2025-11-28,2,20258383,나우 유 씨 미 3,2025-11-12,29151,1159105,277288910,10967063780,804,2055
2025-11-28,3,20255381,위키드: 포 굿,2025-11-19,27537,676113,291539770,6946095950,949,2222
2025-11-28,4,20257161,국보,2025-11-19,8171,96034,77057700,896472010,376,527
2025-11-28,5,20256757,극장판 체인소 맨: 레제편,2025-09-24,7827,3316587,80006310,34889122000,471,686
2025-11-28,6,20247429,세계의 주인,2025-10-22,3124,144851,30545550,1401609840,123,187
2025-11-28,7,20242374,한란,2025-11-26,2519,10122,21028600,76548300,248,317
2025-11-28,8,20233259,정보원,2025-12-03,2095,2598,23218000,27745000,8,8
2025-11-28,9,20243405,나혼자 프린스,2025-11-19,1418,49405,13658300,441464910,224,294
2025-11-28,10,20249326,윗집 사람들,2025-12-03,1323,6696,14553000,67446000,8,8
2025-11-29,1,20252432,주토피아 2,2025-11-26,700790,1442529,6897143360,13644566250,2383,10719
2025-11-29,2,20255381,위키드: 포 굿,2025-11-19,57798,733911,616043760,7562139710,969,2028
2025-11-29,3,20258383,나우 유 씨 미 3,2025-11-12,48537,1207642,470960480,11438024260,836,1928
2025-11-29,4,20256757,극장판 체인소 맨: 레제편,2025-09-24,20589,3337176,212411390,35101533390,433,588
2025-11-29,5,20257161,국보,2025-11-19,9963,105997,99041300,995513310,313,404
2025-11-29,6,20253289,극장판 귀멸의 칼날: 무한성편,2025-08-22,5012,5657327,52552690,60980590980,118,126
2025-11-29,7,20247429,세계의 주인,2025-10-22,4657,149508,45334720,1446944560,123,175
2025-11-29,8,20233259,정보원,2025-12-03,3275,5873,40076050,67821050,35,35
2025-11-29,9,20242374,한란,2025-11-26,2633,12755,23042650,99590950,228,277
2025-11-29,10,20125316,석류의 빛깔 ,2025-11-26,1914,8571,23958200,85578100,59,66
2025-11-30,1,20252432,주토피아 2,2025-11-26,664337,2106866,6508786460,20153352710,2369,10422
2025-11-30,2,20255381,위키드: 포 굿,2025-11-19,48017,781928,493145190,8055284900,967,1945
2025-11-30,3,20258383,나우 유 씨 미 3,2025-11-12,44450,1252092,424554150,11862578410,805,1852
2025-11-30,4,20256757,극장판 체인소 맨: 레제편,2025-09-24,12507,3349683,124784300,35226317690,429,564
2025-11-30,5,20257161,국보,2025-11-19,9329,115326,90041680,1085554990,315,398
2025-11-30,6,20253289,극장판 귀멸의 칼날: 무한성편,2025-08-22,5370,5662697,56062940,61036653920,117,126
2025-11-30,7,20247429,세계의 주인,2025-10-22,3856,153364,37827350,1484771910,114,166
2025-11-30,8,20233259,정보원,2025-12-03,3368,9241,41025300,108846350,36,36
2025-11-30,9,20242374,한란,2025-11-26,2570,15325,23016160,122607110,229,276
2025-11-30,10,20243405,나혼자 프린스,2025-11-19,1585,52636,16309500,475088310,188,237
2025-12-01,1,20252432,주토피아 2,2025-11-26,152584,2259450,1464831980,21618184690,1872,7839
2025-12-01,2,20258383,나우 유 씨 미 3,2025-11-12,16221,1268313,149432070,12012010480,721,1857
2025-12-01,3,20255381,위키드: 포 굿,2025-11-19,11878,793806,116259930,8171544830,815,1741
2025-12-01,4,20256757,극장판 체인소 맨: 레제편,2025-09-24,5423,3355106,54198050,35280515740,454,646
2025-12-01,5,20257161,국보,2025-11-19,5250,120576,47791820,1133346810,374,531
2025-12-01,6,20247429,세계의 주인,2025-10-22,1734,155098,16048500,1500820410,114,192
2025-12-01,7,20242374,한란,2025-11-26,1278,16603,10612300,133219410,213,266
2025-12-01,8,20259618,콘크리트 마켓,2025-12-03,1233,1616,9399000,12463000,4,7
2025-12-01,9,20125316,석류의 빛깔 ,2025-11-26,930,11045,8837600,111506100,50,65
2025-12-01,10,20253289,극장판 귀멸의 칼날: 무한성편,2025-08-22,924,5663621,8926700,61045580620,81,91
2025-12-02,1,20252432,주토피아 2,2025-11-26,141447,2400897,1338676570,22956861260,1919,7842
2025-12-02,2,20258383,나우 유 씨 미 3,2025-11-12,14702,1283015,132195700,12144206180,728,1798
2025-12-02,3,20255381,위키드: 포 굿,2025-11-19,11803,805609,115043700,8286588530,826,1708
2025-12-02,4,20256757,극장판 체인소 맨: 레제편,2025-09-24,5247,3360353,52289750,35332805490,450,631
2025-12-02,5,20257161,국보,2025-11-19,5142,125718,46754660,1180101470,373,526
2025-12-02,6,20247429,세계의 주인,2025-10-22,1850,156948,16807760,1517628170,126,201
2025-12-02,7,20242374,한란,2025-11-26,1702,18305,12720200,145939610,226,288
2025-12-02,8,20258739,극장판 주술회전: 시부야사변 X 사멸회유,2025-12-03,1286,2945,15773800,35871940,26,26
2025-12-02,9,20125316,석류의 빛깔 ,2025-11-26,937,11982,8596600,120102700,54,69
2025-12-02,10,20253289,극장판 귀멸의 칼날: 무한성편,2025-08-22,909,5664530,8775750,61054356370,80,90
2025-12-03,1,20252432,주토피아 2,2025-11-26,149236,2550133,1406321030,24363182290,1626,6352
2025-12-03,2,20258739,극장판 주술회전: 시부야사변 X 사멸회유,2025-12-03,52366,55311,528175730,564047670,733,1970
2025-12-03,3,20249326,윗집 사람들,2025-12-03,25425,34505,227143070,323591510,752,1765
2025-12-03,4,20233259,정보원,2025-12-03,20726,29967,181033500,289879850,766,1567
2025-12-03,5,20253906,프레디의 피자가게 2,2025-12-03,13096,13238,126838010,128116010,571,1288
2025-12-03,6,20255381,위키드: 포 굿,2025-11-19,7835,813444,77788870,8364377400,547,775
2025-12-03,7,20258383,나우 유 씨 미 3,2025-11-12,7360,1290375,67344770,12211550950,494,718
2025-12-03,8,20256757,극장판 체인소 맨: 레제편,2025-09-24,6192,3366545,62258890,35395064380,215,234
2025-12-03,9,20020234,반지의 제왕 : 두 개의 탑,2002-12-19,4360,42495,64339930,529080900,12,46
2025-12-03,10,20259618,콘크리트 마켓,2025-12-03,3887,5503,27775600,40238600,188,344
2025-12-04,1,20252432,주토피아 2,2025-11-26,128427,2678560,1207486370,25570668660,1675,6399
2025-12-04,2,20258739,극장판 주술회전: 시부야사변 X 사멸회유,2025-12-03,22473,77784,224413160,788460830,733,1830
2025-12-04,3,20249326,윗집 사람들,2025-12-03,21533,56038,194658610,518250120,753,1749
2025-12-04,4,20233259,정보원,2025-12-03,17561,47528,153184560,443064410,741,1508
2025-12-04,5,20255381,위키드: 포 굿,2025-11-19,8210,821654,80151630,8444529030,543,785
2025-12-04,6,20258383,나우 유 씨 미 3,2025-11-12,7998,1298373,71962600,12283513550,509,742
2025-12-04,7,20253906,프레디의 피자가게 2,2025-12-03,7409,20647,72398550,200514560,542,1076
2025-12-04,8,20256757,극장판 체인소 맨: 레제편,2025-09-24,3178,3369723,32045420,35427109800,212,237
2025-12-04,9,20257161,국보,2025-11-19,2758,131472,25981700,1234057970,228,247
2025-12-04,10,20259618,콘크리트 마켓,2025-12-03,2388,7891,16842100,57080700,172,319
2025-12-05,1,20252432,주토피아 2,2025-11-26,189916,2868476,1868754350,27439423010,1771,7335
2025-12-05,2,20249326,윗집 사람들,2025-12-03,28539,84577,268576600,786826720,762,1777
2025-12-05,3,20258739,극장판 주술회전: 시부야사변 X 사멸회유,2025-12-03,25747,103531,269690490,1058151320,728,1869
2025-12-05,4,20233259,정보원,2025-12-03,17237,64765,156158960,599223370,746,1555
2025-12-05,5,20253906,프레디의 피자가게 2,2025-12-03,12096,32743,123358300,323872860,566,1122
2025-12-05,6,20255381,위키드: 포 굿,2025-11-19,9518,831172,96049670,8540578700,524,762
2025-12-05,7,20258383,나우 유 씨 미 3,2025-11-12,7281,1305654,69884900,12353398450,494,726
2025-12-05,8,20257161,국보,2025-11-19,3390,134862,34165300,1268223270,246,261
2025-12-05,9,20256757,극장판 체인소 맨: 레제편,2025-09-24,3068,3372791,32725420,35459835220,214,241
2025-12-05,10,20259618,콘크리트 마켓,2025-12-03,2581,10472,18716100,75796800,167,306
2025-12-06,1,20252432,주토피아 2,2025-11-26,563535,3432011,5529134680,32968557690,2282,10308
2025-12-06,2,20258739,극장판 주술회전: 시부야사변 X 사멸회유,2025-12-03,53205,156736,556027790,1614179110,756,1781
2025-12-06,3,20249326,윗집 사람들,2025-12-03,50178,134755,493171810,1279998530,732,1520
2025-12-06,4,20253906,프레디의 피자가게 2,2025-12-03,28847,61590,286855820,610728680,541,900
2025-12-06,5,20255381,위키드: 포 굿,2025-11-19,21419,852591,217697010,8758275710,472,678
2025-12-06,6,20233259,정보원,2025-12-03,19780,84545,187324010,786547380,670,1229
2025-12-06,7,20256757,극장판 체인소 맨: 레제편,2025-09-24,14485,3387276,150783120,35610618340,234,272
2025-12-06,8,20258383,나우 유 씨 미 3,2025-11-12,11481,1317135,115510820,12468909270,405,554
2025-12-06,9,20259618,콘크리트 마켓,2025-12-03,5097,15569,53761300,129558100,208,277
2025-12-06,10,20257161,국보,2025-11-19,4515,139377,45853020,1314076290,171,186
2025-12-07,1,20252432,주토피아 2,2025-11-26,499205,3931216,4857541390,37826099080,2240,9920
2025-12-07,2,20249326,윗집 사람들,2025-12-03,50746,185501,500959900,1780958430,730,1527
2025-12-07,3,20258739,극장판 주술회전: 시부야사변 X 사멸회유,2025-12-03,42744,199480,451306400,2065485510,728,1705
2025-12-07,4,20253906,프레디의 피자가게 2,2025-12-03,24544,86134,241684230,852412910,523,857
2025-12-07,5,20255381,위키드: 포 굿,2025-11-19,18501,871092,185034110,8943309820,458,645
2025-12-07,6,20233259,정보원,2025-12-03,16719,101264,157540630,944088010,651,1164
2025-12-07,7,20258383,나우 유 씨 미 3,2025-11-12,9576,1326711,94955400,12563864670,387,521
2025-12-07,8,20256757,극장판 체인소 맨: 레제편,2025-09-24,6144,3393420,62890520,35673508860,221,251
2025-12-07,9,20257161,국보,2025-11-19,4577,143954,45777560,1359853850,164,178
2025-12-07,10,20259618,콘크리트 마켓,2025-12-03,3470,19039,37594500,167152600,191,253
2025-12-08,1,20252432,주토피아 2,2025-11-26,96969,4028185,918744700,38744843780,1699,6705
2025-12-08,2,20249326,윗집 사람들,2025-12-03,20548,206049,192842250,1973800680,681,1745
2025-12-08,3,20258739,극장판 주술회전: 시부야사변 X 사멸회유,2025-12-03,10661,210141,108400700,2173886210,644,1510
2025-12-08,4,20233259,정보원,2025-12-03,7046,108310,61518500,1005606510,627,1195
2025-12-08,5,20255381,위키드: 포 굿,2025-11-19,6131,877223,57957700,9001267520,485,692
2025-12-08,6,20253906,프레디의 피자가게 2,2025-12-03,5633,91767,55570900,907983810,481,792
2025-12-08,7,20258383,나우 유 씨 미 3,2025-11-12,4224,1330935,39095800,12602960470,417,585
2025-12-08,8,20257161,국보,2025-11-19,2763,146717,26153400,1386007250,234,262
2025-12-08,9,20256757,극장판 체인소 맨: 레제편,2025-09-24,2601,3396021,26231680,35699740540,207,241
2025-12-08,10,20247429,세계의 주인,2025-10-22,1269,166061,11187470,1605859740,109,135
2025-12-09,1,20252432,주토피아 2,2025-11-26,96276,4124461,903016940,39647860720,1709,6645
2025-12-09,2,20249326,윗집 사람들,2025-12-03,20555,226604,191527950,2165328630,717,1793
2025-12-09,3,20233259,정보원,2025-12-03,9874,118184,85444000,1091050510,651,1206
2025-12-09,4,20258739,극장판 주술회전: 시부야사변 X 사멸회유,2025-12-03,9635,219776,96606760,2270492970,657,1486
2025-12-09,5,20253906,프레디의 피자가게 2,2025-12-03,6368,98135,61731600,969715410,483,792
2025-12-09,6,20255381,위키드: 포 굿,2025-11-19,5525,882748,53048380,9054315900,462,659
2025-12-09,7,20258383,나우 유 씨 미 3,2025-11-12,5106,1336041,45248300,12648208770,411,567
2025-12-09,8,20257161,국보,2025-11-19,3623,150340,32962400,1418969650,245,268
2025-12-09,9,20256757,극장판 체인소 맨: 레제편,2025-09-24,2770,3398791,27491880,35727232420,216,250
2025-12-09,10,20259618,콘크리트 마켓,2025-12-03,2008,21784,13554800,187041800,169,238
2025-12-10,1,20252432,주토피아 2,2025-11-26,131348,4255809,1245770740,40893631460,1748,6888
2025-12-10,2,20249326,윗집 사람들,2025-12-03,20869,247473,194315070,2359643700,688,1840
2025-12-10,3,20258739,극장판 주술회전: 시부야사변 X 사멸회유,2025-12-03,11782,231558,114068290,2384561260,629,1337
2025-12-10,4,20253906,프레디의 피자가게 2,2025-12-03,7665,105800,73938600,1043654010,383,562
2025-12-10,5,20233259,정보원,2025-12-03,7480,125664,68542500,1159593010,495,747
2025-12-10,6,20256025,더 러닝 맨,2025-12-10,7260,8463,69483860,81614860,557,1224
2025-12-10,7,20255381,위키드: 포 굿,2025-11-19,5710,888458,51573440,9105889340,367,494
2025-12-10,8,20258383,나우 유 씨 미 3,2025-11-12,5428,1341469,48424500,12696633270,308,380
2025-12-10,9,20242541,룩백,2024-09-05,4093,313985,39938860,3017664474,43,74
2025-12-10,10,20254054,여행과 나날,2025-12-10,3786,5525,34455600,54170100,136,163
2025-12-11,1,20252432,주토피아 2,2025-11-26,108697,4364506,1036476210,41930107670,1691,6686
2025-12-11,2,20249326,윗집 사람들,2025-12-03,21230,268703,198925560,2558569260,709,1836
2025-12-11,3,20258739,극장판 주술회전: 시부야사변 X 사멸회유,2025-12-03,9226,240784,88672270,2473233530,599,1223
2025-12-11,4,20233259,정보원,2025-12-03,6659,132323,60227700,1219820710,470,640
2025-12-11,5,20253906,프레디의 피자가게 2,2025-12-03,6574,112374,63617000,1107271010,396,560
2025-12-11,6,20258808,뽀로로 극장판 스위트캐슬 대모험,2025-12-11,6510,7565,49708500,58673500,439,631
2025-12-11,7,20255381,위키드: 포 굿,2025-11-19,5759,894217,53945400,9159834740,359,470
2025-12-11,8,20256025,더 러닝 맨,2025-12-10,5590,14053,52789180,134404040,547,1064
2025-12-11,9,20258383,나우 유 씨 미 3,2025-11-12,3659,1345128,33205450,12729838720,281,346
2025-12-11,10,20257161,국보,2025-11-19,3150,156820,28542200,1477620550,194,213
2025-12-12,1,20252432,주토피아 2,2025-11-26,180122,4544628,1782957350,43713065020,1800,7357
2025-12-12,2,20249326,윗집 사람들,2025-12-03,28952,297655,283096270,2841665530,737,1999
2025-12-12,3,20258739,극장판 주술회전: 시부야사변 X 사멸회유,2025-12-03,14080,254864,142460500,2615694030,622,1306
2025-12-12,4,20253906,프레디의 피자가게 2,2025-12-03,11451,123825,115425500,1222696510,430,647
2025-12-12,5,20255381,위키드: 포 굿,2025-11-19,8616,902833,83578140,9243412880,378,509
2025-12-12,6,20258808,뽀로로 극장판 스위트캐슬 대모험,2025-12-11,5870,13435,45741650,104415150,465,637
2025-12-12,7,20233259,정보원,2025-12-03,5800,138123,49420720,1269241430,441,607
2025-12-12,8,20256025,더 러닝 맨,2025-12-10,5242,19295,51151770,185555810,536,1015
2025-12-12,9,20258383,나우 유 씨 미 3,2025-11-12,4436,1349564,41508600,12771347320,291,343
2025-12-12,10,20250024,블루 아카이브 : 디 오케스트라 인 시네마,2025-12-12,3774,3924,75399000,76499000,47,62
2025-12-13,1,20252432,주토피아 2,2025-11-26,427384,4972012,4212118870,47925183890,2114,9545
2025-12-13,2,20249326,윗집 사람들,2025-12-03,57753,355408,574004200,3415669730,768,2018
2025-12-13,3,20258808,뽀로로 극장판 스위트캐슬 대모험,2025-12-11,32811,46246,292888040,397303190,660,1368
2025-12-13,4,20253906,프레디의 피자가게 2,2025-12-03,28416,152241,282477750,1505174260,463,765
2025-12-13,5,20258739,극장판 주술회전: 시부야사변 X 사멸회유,2025-12-03,24141,279005,242000450,2857694480,635,1194
2025-12-13,6,20255381,위키드: 포 굿,2025-11-19,12899,915732,129961440,9373374320,335,440
2025-12-13,7,20256025,더 러닝 맨,2025-12-10,6490,25785,66269240,251825050,544,785
2025-12-13,8,20254054,여행과 나날,2025-12-10,4671,16605,45803600,161126450,154,185
2025-12-13,9,20256757,극장판 체인소 맨: 레제편,2025-09-24,4347,3409895,46910880,35843508690,180,205
2025-12-13,10,20258383,나우 유 씨 미 3,2025-11-12,4104,1353668,42388000,12813735320,210,234
2025-12-14,1,20252432,주토피아 2,2025-11-26,398897,5370909,3900726940,51825910830,2108,9102
2025-12-14,2,20249326,윗집 사람들,2025-12-03,53649,409057,535872190,3951541920,763,1934
2025-12-14,3,20258808,뽀로로 극장판 스위트캐슬 대모험,2025-12-11,35748,81994,322194890,719498080,653,1350
2025-12-14,4,20253906,프레디의 피자가게 2,2025-12-03,26412,178653,261858770,1767033030,472,751
2025-12-14,5,20258739,극장판 주술회전: 시부야사변 X 사멸회유,2025-12-03,21033,300038,211902430,3069596910,628,1141
2025-12-14,6,20255381,위키드: 포 굿,2025-11-19,11490,927222,114333110,9487707430,332,426
2025-12-14,7,20256025,더 러닝 맨,2025-12-10,5213,30998,52703550,304528600,518,725
2025-12-14,8,20257161,국보,2025-11-19,4278,168773,42472900,1594472700,136,149
2025-12-14,9,20233259,정보원,2025-12-03,4146,146321,39129400,1346609400,310,398
2025-12-14,10,20254054,여행과 나날,2025-12-10,4014,20619,39321100,200447550,148,179
2025-12-15,1,20252432,주토피아 2,2025-11-26,81923,5452832,786570990,52612481820,1679,6576
2025-12-15,2,20249326,윗집 사람들,2025-12-03,19175,428232,182337420,4133879340,687,1948
2025-12-15,3,20258739,극장판 주술회전: 시부야사변 X 사멸회유,2025-12-03,6528,306566,62597500,3132194410,541,998
2025-12-15,4,20253906,프레디의 피자가게 2,2025-12-03,6159,184812,57837800,1824870830,389,637
2025-12-15,5,20255381,위키드: 포 굿,2025-11-19,5252,932474,47554640,9535262070,355,461
2025-12-15,6,20233259,정보원,2025-12-03,3333,149654,28342700,1374952100,339,453
2025-12-15,7,20258383,나우 유 씨 미 3,2025-11-12,3161,1360287,28996380,12878658560,249,283
2025-12-15,8,20256025,더 러닝 맨,2025-12-10,3002,34000,27694160,332222760,454,690
2025-12-15,9,20258808,뽀로로 극장판 스위트캐슬 대모험,2025-12-11,2996,84990,24409620,743907700,355,442
2025-12-15,10,20257161,국보,2025-11-19,2734,171507,24531260,1619003960,186,217
2025-12-16,1,20252432,주토피아 2,2025-11-26,93113,5545945,888508140,53500989960,1735,6653
2025-12-16,2,20249326,윗집 사람들,2025-12-03,17583,445815,166439320,4300318660,713,1964
2025-12-16,3,20258739,극장판 주술회전: 시부야사변 X 사멸회유,2025-12-03,7166,313732,69087600,3201282010,549,1001
2025-12-16,4,20253906,프레디의 피자가게 2,2025-12-03,6541,191353,63094530,1887965360,409,639
2025-12-16,5,20255381,위키드: 포 굿,2025-11-19,4968,937442,47546770,9582808840,361,480
2025-12-16,6,20233259,정보원,2025-12-03,4157,153811,36591400,1411543500,352,438
2025-12-16,7,20258808,뽀로로 극장판 스위트캐슬 대모험,2025-12-11,3633,88623,28565300,772473000,365,463
2025-12-16,8,20249255,만약에 우리,2025-12-31,2907,3990,26562000,37673000,19,19
2025-12-16,9,20258383,나우 유 씨 미 3,2025-11-12,2667,1362954,25156230,12903814790,246,291
2025-12-16,10,20254054,여행과 나날,2025-12-10,2508,25326,23192800,243937450,141,181
2025-12-17,1,20256396,아바타: 불과 재,2025-12-17,265031,266411,2950290960,2979384960,2582,8143
2025-12-17,2,20252432,주토피아 2,2025-11-26,85554,5631499,794541870,54295531830,1084,2909
2025-12-17,3,20249326,윗집 사람들,2025-12-03,9154,454969,86976520,4387295180,501,834
2025-12-17,4,20258739,극장판 주술회전: 시부야사변 X 사멸회유,2025-12-03,4044,317776,37667300,3238949310,244,275
2025-12-17,5,20258808,뽀로로 극장판 스위트캐슬 대모험,2025-12-11,3303,91926,24589500,797062500,260,277
2025-12-17,6,20242541,룩백,2024-09-05,2518,322586,24237060,3100659814,25,28
2025-12-17,7,20254054,여행과 나날,2025-12-10,2462,27788,21761760,265699210,74,89
2025-12-17,8,20233259,정보원,2025-12-03,2448,156259,19953600,1431497100,56,66
2025-12-17,9,20253906,프레디의 피자가게 2,2025-12-03,2414,193767,23500800,1911466160,121,149
2025-12-17,10,20255381,위키드: 포 굿,2025-11-19,1507,938949,13460700,9596269540,69,73
2025-12-18,1,20256396,아바타: 불과 재,2025-12-17,179034,445445,2048696550,5028081510,2535,7819
2025-12-18,2,20252432,주토피아 2,2025-11-26,82280,5713779,760728140,55056259970,1124,3063
2025-12-18,3,20249326,윗집 사람들,2025-12-03,10016,464985,93956000,4481251180,527,857
2025-12-18,4,20249255,만약에 우리,2025-12-31,3438,7428,30942000,68615000,14,17
2025-12-18,5,20258739,극장판 주술회전: 시부야사변 X 사멸회유,2025-12-03,3224,321000,31429900,3270379210,241,287
2025-12-18,6,20258808,뽀로로 극장판 스위트캐슬 대모험,2025-12-11,3034,94960,24456800,821519300,260,270
2025-12-18,7,20233259,정보원,2025-12-03,2723,158982,24853500,1456350600,59,64
2025-12-18,8,20253906,프레디의 피자가게 2,2025-12-03,2511,196278,23416600,1934882760,127,157
2025-12-18,9,20254054,여행과 나날,2025-12-10,2207,29995,19327750,285026960,79,93
2025-12-18,10,20255381,위키드: 포 굿,2025-11-19,1656,940605,15520100,9611789640,71,78
2025-12-19,1,20256396,아바타: 불과 재,2025-12-17,246179,691624,2938863440,7966944950,2514,8034
2025-12-19,2,20252432,주토피아 2,2025-11-26,115388,5829167,1123036410,56179296380,1181,3411
2025-12-19,3,20249326,윗집 사람들,2025-12-03,11902,476887,116608170,4597859350,548,905
2025-12-19,4,20258739,극장판 주술회전: 시부야사변 X 사멸회유,2025-12-03,4206,325206,42725800,3313105010,248,288
2025-12-19,5,20253906,프레디의 피자가게 2,2025-12-03,3598,199876,36071300,1970954060,143,188
2025-12-19,6,20258808,뽀로로 극장판 스위트캐슬 대모험,2025-12-11,3366,98326,25636100,847155400,272,290
2025-12-19,7,20255381,위키드: 포 굿,2025-11-19,2547,943152,24845450,9636635090,77,91
2025-12-19,8,20254054,여행과 나날,2025-12-10,1994,31989,18510100,303537060,78,93
2025-12-19,9,20233259,정보원,2025-12-03,1830,160812,18092200,1474442800,61,67
2025-12-19,10,20258383,나우 유 씨 미 3,2025-11-12,1807,1367031,17076800,12940100890,35,39
2025-12-20,1,20256396,아바타: 불과 재,2025-12-17,548560,1240184,6394115180,14361060130,2385,8029
2025-12-20,2,20252432,주토피아 2,2025-11-26,258091,6087258,2507849770,58687146150,1332,4597
2025-12-20,3,20258808,뽀로로 극장판 스위트캐슬 대모험,2025-12-11,19257,117583,172142780,1019298180,598,820
2025-12-20,4,20249326,윗집 사람들,2025-12-03,14902,491789,148719760,4746579110,454,677
2025-12-20,5,20253906,프레디의 피자가게 2,2025-12-03,7812,207688,75211380,2046165440,158,203
2025-12-20,6,20258739,극장판 주술회전: 시부야사변 X 사멸회유,2025-12-03,6910,332116,66245120,3379350130,202,233
2025-12-20,7,20259383,극장판 짱구는 못말려: 초화려! 작열하는 떡잎마을 댄서즈,2025-12-24,5360,5360,58470630,58470630,76,76
2025-12-20,8,20254054,여행과 나날,2025-12-10,2884,34873,28680200,332217260,76,90
2025-12-20,9,20255381,위키드: 포 굿,2025-11-19,2600,945752,26148100,9662783190,57,69
2025-12-20,10,20257161,국보,2025-11-19,1590,178881,15991140,1689930050,42,44
2025-12-21,1,20256396,아바타: 불과 재,2025-12-17,505234,1745418,5835272470,20196332600,2369,7723
2025-12-21,2,20252432,주토피아 2,2025-11-26,246819,6334077,2385829700,61072975850,1304,4481
2025-12-21,3,20258808,뽀로로 극장판 스위트캐슬 대모험,2025-12-11,19227,136810,173624220,1192922400,600,802
2025-12-21,4,20249326,윗집 사람들,2025-12-03,12296,504085,124181830,4870760940,464,656
2025-12-21,5,20258739,극장판 주술회전: 시부야사변 X 사멸회유,2025-12-03,8229,340345,83625590,3462975720,208,242
2025-12-21,6,20253906,프레디의 피자가게 2,2025-12-03,7770,215458,75421580,2121587020,160,209
2025-12-21,7,20259383,극장판 짱구는 못말려: 초화려! 작열하는 떡잎마을 댄서즈,2025-12-24,4802,10162,52782400,111253030,68,69
2025-12-21,8,20254054,여행과 나날,2025-12-10,2203,37076,21193150,353410410,76,87
2025-12-21,9,20255381,위키드: 포 굿,2025-11-19,2178,947930,21978400,9684761590,56,64
2025-12-21,10,20257161,국보,2025-11-19,1735,180616,17783970,1707714020,42,43
2025-12-22,1,20256396,아바타: 불과 재,2025-12-17,152241,1897659,1778364190,21974696790,2249,6922
2025-12-22,2,20252432,주토피아 2,2025-11-26,66988,6401065,629559610,61702535460,1163,3729
2025-12-22,3,20249326,윗집 사람들,2025-12-03,7423,511508,71291400,4942052340,506,877
2025-12-22,4,20258739,극장판 주술회전: 시부야사변 X 사멸회유,2025-12-03,2830,343175,27510820,3490486540,237,277
2025-12-22,5,20258808,뽀로로 극장판 스위트캐슬 대모험,2025-12-11,2780,139590,21804600,1214727000,256,281
2025-12-22,6,20249255,만약에 우리,2025-12-31,2697,10125,24290000,92905000,12,12
2025-12-22,7,20254219,"오늘 밤, 세계에서 이 사랑이 사라진다 해도",2025-12-24,2588,2877,23292000,25893000,12,13
2025-12-22,8,20255381,위키드: 포 굿,2025-11-19,2212,950142,19900600,9704662190,88,105
2025-12-22,9,20253906,프레디의 피자가게 2,2025-12-03,2014,217472,19138200,2140725220,159,208
2025-12-22,10,20254054,여행과 나날,2025-12-10,1535,38611,13771100,367181510,70,87
2025-12-23,1,20256396,아바타: 불과 재,2025-12-17,145797,2043456,1693017460,23667714250,2280,6935
2025-12-23,2,20252432,주토피아 2,2025-11-26,66369,6467434,621352310,62323887770,1181,3716
2025-12-23,3,20249326,윗집 사람들,2025-12-03,7687,519195,73589560,5015641900,513,885
2025-12-23,4,20258808,뽀로로 극장판 스위트캐슬 대모험,2025-12-11,4109,143699,31727100,1246454100,249,281
2025-12-23,5,20258739,극장판 주술회전: 시부야사변 X 사멸회유,2025-12-03,3128,346303,30349900,3520836440,234,276
2025-12-23,6,20233259,정보원,2025-12-03,2343,164664,19731600,1506350400,50,55
2025-12-23,7,20253906,프레디의 피자가게 2,2025-12-03,2015,219487,19700100,2160425320,165,222
2025-12-23,8,20255381,위키드: 포 굿,2025-11-19,1877,952019,18011400,9722673590,90,106
2025-12-23,9,20256757,극장판 체인소 맨: 레제편,2025-09-24,1644,3424467,16762500,35992555280,55,63
2025-12-23,10,20257161,국보,2025-11-19,1302,182970,12403450,1729988070,48,53
2025-12-24,1,20256396,아바타: 불과 재,2025-12-17,299139,2342595,3376169460,27043883710,2050,6465
2025-12-24,2,20252432,주토피아 2,2025-11-26,131302,6598736,1229918420,63553806190,1265,4336
2025-12-24,3,20254219,"오늘 밤, 세계에서 이 사랑이 사라진다 해도",2025-12-24,63918,66795,613642160,639535160,755,1855
2025-12-24,4,20259383,극장판 짱구는 못말려: 초화려! 작열하는 떡잎마을 댄서즈,2025-12-24,39535,49697,372193470,483446500,747,1652
2025-12-24,5,20249326,윗집 사람들,2025-12-03,5806,525001,54835900,5070477800,194,244
2025-12-24,6,20258808,뽀로로 극장판 스위트캐슬 대모험,2025-12-11,4552,148251,33567400,1280021500,256,282
2025-12-24,7,20258621,척의 일생,2025-12-24,3524,5127,32445200,51241700,167,193
2025-12-24,8,20255381,위키드: 포 굿,2025-11-19,2419,954438,22079100,9744752690,47,56
2025-12-24,9,20249255,만약에 우리,2025-12-31,2293,12418,23828900,116733900,30,30
2025-12-24,10,20256757,극장판 체인소 맨: 레제편,2025-09-24,2047,3426514,22714220,36015269500,40,43
2025-12-25,1,20256396,아바타: 불과 재,2025-12-17,640291,2982886,7314982110,34358865820,1998,6384
2025-12-25,2,20252432,주토피아 2,2025-11-26,431302,7030038,4220061110,67773867300,1356,5050
2025-12-25,3,20254219,"오늘 밤, 세계에서 이 사랑이 사라진다 해도",2025-12-24,115268,182063,1156432890,1795968050,794,1714
2025-12-25,4,20259383,극장판 짱구는 못말려: 초화려! 작열하는 떡잎마을 댄서즈,2025-12-24,113600,163297,1080467730,1563914230,735,1774
2025-12-25,5,20258808,뽀로로 극장판 스위트캐슬 대모험,2025-12-11,28011,176262,257858860,1537880360,469,595
2025-12-25,6,20249326,윗집 사람들,2025-12-03,6276,531277,63797260,5134275060,156,194
2025-12-25,7,20253906,프레디의 피자가게 2,2025-12-03,4467,224914,43149460,2212546780,67,88
2025-12-25,8,20249255,만약에 우리,2025-12-31,3255,15673,39461300,156195200,24,26
2025-12-25,9,20255381,위키드: 포 굿,2025-11-19,2616,957054,26310100,9771062790,38,44
2025-12-25,10,20258621,척의 일생,2025-12-24,2559,7686,24986050,76227750,143,160
2025-12-26,1,20256396,아바타: 불과 재,2025-12-17,271858,3254744,3220659150,37579524970,2034,6322
2025-12-26,2,20252432,주토피아 2,2025-11-26,108312,7138350,1041885560,68815752860,1235,4139
2025-12-26,3,20254219,"오늘 밤, 세계에서 이 사랑이 사라진다 해도",2025-12-24,46119,228182,448726140,2244694190,818,1936
2025-12-26,4,20259383,극장판 짱구는 못말려: 초화려! 작열하는 떡잎마을 댄서즈,2025-12-24,24797,188094,242437340,1806351570,740,1612
2025-12-26,5,20258808,뽀로로 극장판 스위트캐슬 대모험,2025-12-11,5373,181635,47969600,1585849960,349,396
2025-12-26,6,20249326,윗집 사람들,2025-12-03,3389,534666,33898800,5168173860,157,198
2025-12-26,7,20258681,후지모토 타츠키 17-26 파트 1,2025-10-24,2436,14867,24492860,155406940,114,162
2025-12-26,8,20258633,후지모토 타츠키 17-26 파트 2,2025-10-24,2423,14862,24945500,158892240,102,155
2025-12-26,9,20258621,척의 일생,2025-12-24,2410,10096,23823350,100051100,158,181
2025-12-26,10,20255381,위키드: 포 굿,2025-11-19,1481,958535,14821040,9785883830,42,47
2025-12-27,1,20256396,아바타: 불과 재,2025-12-17,416651,3671395,4882594660,42462119630,2001,6478
2025-12-27,2,20252432,주토피아 2,2025-11-26,182036,7320386,1779922550,70595675410,1237,4424
2025-12-27,3,20254219,"오늘 밤, 세계에서 이 사랑이 사라진다 해도",2025-12-24,69417,297599,681766810,2926461000,868,1958
2025-12-27,4,20259383,극장판 짱구는 못말려: 초화려! 작열하는 떡잎마을 댄서즈,2025-12-24,47037,235131,454872310,2261223880,749,1715
2025-12-27,5,20258808,뽀로로 극장판 스위트캐슬 대모험,2025-12-11,9179,190814,84260240,1670110200,403,478
2025-12-27,6,20249326,윗집 사람들,2025-12-03,3239,537905,32498600,5200672460,128,163
2025-12-27,7,20250444,코드: G 주목의 시작,2025-12-27,2888,3689,15665200,21272200,39,69
2025-12-27,8,20253906,프레디의 피자가게 2,2025-12-03,2269,228642,22288880,2248384860,66,82
2025-12-27,9,20258621,척의 일생,2025-12-24,1943,12039,19067860,119118960,145,167
2025-12-27,10,20258739,극장판 주술회전: 시부야사변 X 사멸회유,2025-12-03,1901,353368,19046760,3589889370,63,65
2025-12-28,1,20256396,아바타: 불과 재,2025-12-17,364963,4036358,4243646380,46705766010,1976,6201
2025-12-28,2,20252432,주토피아 2,2025-11-26,159436,7479822,1549879420,72145554830,1210,4249
2025-12-28,3,20254219,"오늘 밤, 세계에서 이 사랑이 사라진다 해도",2025-12-24,67808,365407,667858450,3594319450,864,1937
2025-12-28,4,20259383,극장판 짱구는 못말려: 초화려! 작열하는 떡잎마을 댄서즈,2025-12-24,42636,277767,410987270,2672211150,751,1674
2025-12-28,5,20258808,뽀로로 극장판 스위트캐슬 대모험,2025-12-11,8589,199403,78394270,1748504470,394,462
2025-12-28,6,20249255,만약에 우리,2025-12-31,3138,18811,40279400,196474600,10,14
2025-12-28,7,20249326,윗집 사람들,2025-12-03,2900,540805,29394040,5230066500,125,154
2025-12-28,8,20258621,척의 일생,2025-12-24,2051,14090,19682300,138801260,149,168
2025-12-28,9,20253906,프레디의 피자가게 2,2025-12-03,1983,230625,19537950,2267922810,68,81
2025-12-28,10,20250444,코드: G 주목의 시작,2025-12-27,1948,5637,10684200,31956400,39,67
2025-12-29,1,20256396,아바타: 불과 재,2025-12-17,138756,4175114,1602159840,48307925850,1875,5663
2025-12-29,2,20252432,주토피아 2,2025-11-26,59887,7539709,560483890,72706038720,1046,3523
2025-12-29,3,20254219,"오늘 밤, 세계에서 이 사랑이 사라진다 해도",2025-12-24,33497,398904,318298920,3912618370,772,2010
2025-12-29,4,20259383,극장판 짱구는 못말려: 초화려! 작열하는 떡잎마을 댄서즈,2025-12-24,15156,292923,142676320,2814887470,649,1442
2025-12-29,5,20258808,뽀로로 극장판 스위트캐슬 대모험,2025-12-11,5870,205273,51925840,1800430310,304,352
2025-12-29,6,20249326,윗집 사람들,2025-12-03,2284,543089,21647200,5251713700,155,202
2025-12-29,7,20258621,척의 일생,2025-12-24,1476,15566,13754000,152555260,142,161
2025-12-29,8,20255381,위키드: 포 굿,2025-11-19,1308,963106,12522700,9832178290,51,62
2025-12-29,9,20257161,국보,2025-11-19,1110,191245,10480800,1811946770,28,37
2025-12-29,10,20247457,신의악단,2025-12-31,1005,4240,9045000,38624000,5,5
2025-12-30,1,20256396,아바타: 불과 재,2025-12-17,138613,4313727,1573424620,49881350470,1897,5732
2025-12-30,2,20252432,주토피아 2,2025-11-26,64173,7603882,593896780,73299935500,1061,3566
2025-12-30,3,20254219,"오늘 밤, 세계에서 이 사랑이 사라진다 해도",2025-12-24,36791,435695,346528680,4259147050,808,2047
2025-12-30,4,20259383,극장판 짱구는 못말려: 초화려! 작열하는 떡잎마을 댄서즈,2025-12-24,15488,308411,145182620,2960070090,672,1446
2025-12-30,5,20258808,뽀로로 극장판 스위트캐슬 대모험,2025-12-11,5923,211196,51345800,1851776110,322,366
2025-12-30,6,20249326,윗집 사람들,2025-12-03,2513,545602,23296600,5275010300,155,212
2025-12-30,7,20258621,척의 일생,2025-12-24,1870,17436,18556000,171111260,154,173
2025-12-30,8,20255381,위키드: 포 굿,2025-11-19,1604,964710,14816300,9846994590,51,62
2025-12-30,9,20250444,코드: G 주목의 시작,2025-12-27,1449,7888,7802300,44323000,36,56
2025-12-30,10,20258739,극장판 주술회전: 시부야사변 X 사멸회유,2025-12-03,1335,357540,12228000,3629695590,76,84
2025-12-31,1,20256396,아바타: 불과 재,2025-12-17,255811,4569538,2528548820,52409899290,1857,5445
2025-12-31,2,20249255,만약에 우리,2025-12-31,110325,129136,911688760,1108163360,961,2734
2025-12-31,3,20252432,주토피아 2,2025-11-26,101823,7705705,824680100,74124615600,1001,2839
2025-12-31,4,20254219,"오늘 밤, 세계에서 이 사랑이 사라진다 해도",2025-12-24,53323,489018,422350700,4681497750,781,1622
2025-12-31,5,20247457,신의악단,2025-12-31,20222,24632,155726960,195880960,496,811
2025-12-31,6,20259383,극장판 짱구는 못말려: 초화려! 작열하는 떡잎마을 댄서즈,2025-12-24,18979,327390,154747310,3114817400,583,907
2025-12-31,7,20259893,화양연화 특별판,2025-12-31,9292,11279,80027452,106182952,174,197
2025-12-31,8,20258808,뽀로로 극장판 스위트캐슬 대모험,2025-12-11,4807,216003,41105520,1892881630,199,215
2025-12-31,9,20259333,누벨바그,2025-12-31,4051,4597,24782960,30832060,141,222
2025-12-31,10,20259563,파더 마더 시스터 브라더,2025-12-31,3216,5344,26807400,49913100,63,68
2026-01-01,1,20256396,아바타: 불과 재,2025-12-17,358005,4927543,4207700560,56617599850,1752,5425
2026-01-01,2,20252432,주토피아 2,2025-11-26,137413,7843118,1340436480,75465052080,986,2876
2026-01-01,3,20249255,만약에 우리,2025-12-31,100059,229195,996136420,2104299780,893,2589
2026-01-01,4,20254219,"오늘 밤, 세계에서 이 사랑이 사라진다 해도",2025-12-24,53427,542445,537611600,5219109350,743,1469
2026-01-01,5,20247457,신의악단,2025-12-31,29755,54387,281148600,477029560,464,699
2026-01-01,6,20256173,스폰지밥 무비: 네모바지를 찾아서,2026-01-01,25204,27568,232480960,255636160,505,642
2026-01-01,7,20259383,극장판 짱구는 못말려: 초화려! 작열하는 떡잎마을 댄서즈,2025-12-24,24913,352303,237866440,3352683840,545,782
2026-01-01,8,20258272,톰과 제리: 황금나침반 대소동,2026-01-01,13003,13459,116029220,120747220,406,484
2026-01-01,9,20258808,뽀로로 극장판 스위트캐슬 대모험,2025-12-11,5608,221611,50957160,1943838790,197,212
2026-01-01,10,20259893,화양연화 특별판,2025-12-31,5002,16281,51834270,158017222,157,172
2026-01-02,1,20256396,아바타: 불과 재,2025-12-17,168103,5095646,2059152600,58676752450,1715,5316
2026-01-02,2,20252432,주토피아 2,2025-11-26,65880,7908998,637877960,76102930040,920,2696
2026-01-02,3,20249255,만약에 우리,2025-12-31,64445,293640,632998370,2737298150,880,2659
2026-01-02,4,20254219,"오늘 밤, 세계에서 이 사랑이 사라진다 해도",2025-12-24,28817,571262,279702200,5498811550,734,1492
2026-01-02,5,20247457,신의악단,2025-12-31,15711,70098,145609300,622638860,477,731
2026-01-02,6,20259383,극장판 짱구는 못말려: 초화려! 작열하는 떡잎마을 댄서즈,2025-12-24,11978,364281,114647400,3467331240,537,724
2026-01-02,7,20256173,스폰지밥 무비: 네모바지를 찾아서,2026-01-01,7121,34689,64098200,319734360,459,556
2026-01-02,8,20227798,에반게리온 신극장판: 파,2022-10-14,3764,11784,40969700,125332224,40,50
2026-01-02,9,20258272,톰과 제리: 황금나침반 대소동,2026-01-01,3733,17192,32611400,153358620,349,399
2026-01-02,10,20258808,뽀로로 극장판 스위트캐슬 대모험,2025-12-11,3511,225122,31727500,1975566290,189,203
2026-01-03,1,20256396,아바타: 불과 재,2025-12-17,260785,5356431,3136319700,61813072150,1761,5503
2026-01-03,2,20249255,만약에 우리,2025-12-31,100809,394449,999014170,3736312320,913,2723
2026-01-03,3,20252432,주토피아 2,2025-11-26,98413,8007411,958562790,77061492830,964,2892
2026-01-03,4,20254219,"오늘 밤, 세계에서 이 사랑이 사라진다 해도",2025-12-24,42443,613705,414244320,5913055870,741,1449
2026-01-03,5,20247457,신의악단,2025-12-31,23232,93330,221603990,844242850,498,721
2026-01-03,6,20259383,극장판 짱구는 못말려: 초화려! 작열하는 떡잎마을 댄서즈,2025-12-24,20177,384458,191127400,3658458640,536,749
2026-01-03,7,20256173,스폰지밥 무비: 네모바지를 찾아서,2026-01-01,12958,47647,116820410,436554770,497,611
2026-01-03,8,20258272,톰과 제리: 황금나침반 대소동,2026-01-01,5102,22294,44239550,197598170,350,397
2026-01-03,9,20258808,뽀로로 극장판 스위트캐슬 대모험,2025-12-11,4509,229631,41791900,2017358190,212,230
2026-01-03,10,20259893,화양연화 특별판,2025-12-31,4153,23574,42200100,232528752,171,198
2026-01-04,1,20256396,아바타: 불과 재,2025-12-17,201728,5558159,2418246230,64231318380,1733,5189
2026-01-04,2,20249255,만약에 우리,2025-12-31,98665,493114,980875160,4717187480,918,2654
2026-01-04,3,20252432,주토피아 2,2025-11-26,81230,8088641,788872580,77850365410,950,2760
2026-01-04,4,20254219,"오늘 밤, 세계에서 이 사랑이 사라진다 해도",2025-12-24,43686,657391,447479390,6360535260,732,1414
2026-01-04,5,20247457,신의악단,2025-12-31,21817,115147,213587320,1057830170,500,728
2026-01-04,6,20259383,극장판 짱구는 못말려: 초화려! 작열하는 떡잎마을 댄서즈,2025-12-24,18578,403036,175591140,3834049780,540,734
2026-01-04,7,20256173,스폰지밥 무비: 네모바지를 찾아서,2026-01-01,11913,59560,108266300,544821070,493,606
2026-01-04,8,20258808,뽀로로 극장판 스위트캐슬 대모험,2025-12-11,4325,233956,39645420,2057003610,221,238
2026-01-04,9,20258272,톰과 제리: 황금나침반 대소동,2026-01-01,4197,26491,37753980,235352150,338,375
2026-01-04,10,20259893,화양연화 특별판,2025-12-31,3000,26574,31007100,263535852,160,176
2026-01-05,1,20256396,아바타: 불과 재,2025-12-17,58948,5617107,708157290,64939475670,1588,4409
2026-01-05,2,20249255,만약에 우리,2025-12-31,47857,540971,457211870,5174399350,826,2522
2026-01-05,3,20252432,주토피아 2,2025-11-26,23959,8112600,227374110,78077739520,786,2250
2026-01-05,4,20254219,"오늘 밤, 세계에서 이 사랑이 사라진다 해도",2025-12-24,14558,671949,138911200,6499446460,674,1353
2026-01-05,5,20247457,신의악단,2025-12-31,13325,128472,121782000,1179612170,499,757
2026-01-05,6,20259383,극장판 짱구는 못말려: 초화려! 작열하는 떡잎마을 댄서즈,2025-12-24,5216,408252,49390150,3883439930,440,581
2026-01-05,7,20259641,송 썽 블루,2026-01-14,4567,4567,31969000,31969000,19,19
2026-01-05,8,20256173,스폰지밥 무비: 네모바지를 찾아서,2026-01-01,2451,62011,21192400,566013470,355,405
2026-01-05,9,20258808,뽀로로 극장판 스위트캐슬 대모험,2025-12-11,1728,235684,14861620,2071865230,168,177
2026-01-05,10,20259893,화양연화 특별판,2025-12-31,1720,28294,16827900,280363752,155,173
2026-01-06,1,20256396,아바타: 불과 재,2025-12-17,52067,5669174,620916980,65560392650,1595,4380
2026-01-06,2,20249255,만약에 우리,2025-12-31,51980,592951,496875890,5671275240,856,2584
2026-01-06,3,20252432,주토피아 2,2025-11-26,22717,8135317,213535900,78291275420,801,2207
2026-01-06,4,20247457,신의악단,2025-12-31,14880,143352,132674700,1312286870,522,800
2026-01-06,5,20254219,"오늘 밤, 세계에서 이 사랑이 사라진다 해도",2025-12-24,14325,686274,134528700,6633975160,680,1338
2026-01-06,6,20259383,극장판 짱구는 못말려: 초화려! 작열하는 떡잎마을 댄서즈,2025-12-24,5792,414044,53343400,3936783330,445,585
2026-01-06,7,20259641,송 썽 블루,2026-01-14,2632,7199,18424000,50393000,15,15
2026-01-06,8,20256173,스폰지밥 무비: 네모바지를 찾아서,2026-01-01,2439,64450,20962300,586975770,348,405
2026-01-06,9,20258808,뽀로로 극장판 스위트캐슬 대모험,2025-12-11,1900,237584,15415360,2087280590,175,180
2026-01-06,10,20259893,화양연화 특별판,2025-12-31,1857,30151,18019000,298382752,157,175
2026-01-07,1,20249255,만약에 우리,2025-12-31,54918,647869,525383350,6196658590,925,2759
2026-01-07,2,20256396,아바타: 불과 재,2025-12-17,46668,5715842,564475290,66124867940,1518,3997
2026-01-07,3,20252432,주토피아 2,2025-11-26,22565,8157882,209239830,78500515250,788,2070
2026-01-07,4,20254219,"오늘 밤, 세계에서 이 사랑이 사라진다 해도",2025-12-24,13453,699727,128883820,6762858980,632,1161
2026-01-07,5,20247457,신의악단,2025-12-31,11929,155281,110968100,1423254970,507,819
2026-01-07,6,20250115,굿 포츈,2026-01-07,6072,6472,51213100,54963100,353,496
2026-01-07,7,20259383,극장판 짱구는 못말려: 초화려! 작열하는 떡잎마을 댄서즈,2025-12-24,5146,419190,47252900,3984036230,400,491
2026-01-07,8,20259250,피렌체,2026-01-07,3304,5317,28853700,48506200,198,239
2026-01-07,9,20259584,마이 선샤인,2026-01-07,3012,4084,24630700,37048600,244,312
2026-01-07,10,20259563,파더 마더 시스터 브라더,2025-12-31,2917,18234,24286400,169793360,95,101
2026-01-08,1,20249255,만약에 우리,2025-12-31,58278,706147,558557820,6755216410,981,2910
2026-01-08,2,20256396,아바타: 불과 재,2025-12-17,47530,5763372,574272800,66699140740,1507,3963
2026-01-08,3,20252432,주토피아 2,2025-11-26,22400,8180282,207739540,78708254790,778,2057
2026-01-08,4,20247457,신의악단,2025-12-31,15293,170574,143729540,1566984510,508,852
2026-01-08,5,20254219,"오늘 밤, 세계에서 이 사랑이 사라진다 해도",2025-12-24,13825,713552,130884320,6893743300,641,1170
2026-01-08,6,20259383,극장판 짱구는 못말려: 초화려! 작열하는 떡잎마을 댄서즈,2025-12-24,5704,424894,52192200,4036228430,424,520
2026-01-08,7,20250115,굿 포츈,2026-01-07,4322,10794,36677860,91640960,380,521
2026-01-08,8,20259563,파더 마더 시스터 브라더,2025-12-31,2510,20744,20629300,190422660,95,99
2026-01-08,9,20259250,피렌체,2026-01-07,2158,7475,18058100,66564300,179,213
2026-01-08,10,20249624,프로젝트 Y,2026-01-21,2153,2153,21139000,21139000,9,9
2026-01-09,1,20249255,만약에 우리,2025-12-31,72659,778806,723605400,7478821810,1043,3332
2026-01-09,2,20256396,아바타: 불과 재,2025-12-17,58050,5821422,729294750,67428435490,1511,4147
2026-01-09,3,20252432,주토피아 2,2025-11-26,25685,8205967,246648440,78954903230,801,2110
2026-01-09,4,20247457,신의악단,2025-12-31,16892,187466,164510860,1731495370,572,963
2026-01-09,5,20254219,"오늘 밤, 세계에서 이 사랑이 사라진다 해도",2025-12-24,16298,729850,161301550,7055044850,658,1211
2026-01-09,6,20259383,극장판 짱구는 못말려: 초화려! 작열하는 떡잎마을 댄서즈,2025-12-24,5650,430544,54767300,4090995730,421,523
2026-01-09,7,20250115,굿 포츈,2026-01-07,3700,14494,31671900,123312860,371,498
2026-01-09,8,20259250,피렌체,2026-01-07,2216,9691,18809220,85373520,173,202
2026-01-09,9,20256173,스폰지밥 무비: 네모바지를 찾아서,2026-01-01,2213,70455,18580700,637367010,274,301
2026-01-09,10,20259563,파더 마더 시스터 브라더,2025-12-31,1859,22603,15903100,206325760,84,90
2026-01-10,1,20256396,아바타: 불과 재,2025-12-17,135341,5956763,1697567980,69126003470,1486,4307
2026-01-10,2,20249255,만약에 우리,2025-12-31,134301,913107,1334054230,8812876040,1102,3887
2026-01-10,3,20252432,주토피아 2,2025-11-26,56076,8262043,549248060,79504151290,828,2335
2026-01-10,4,20247457,신의악단,2025-12-31,34696,222162,344585800,2076081170,613,1075
2026-01-10,5,20254219,"오늘 밤, 세계에서 이 사랑이 사라진다 해도",2025-12-24,24595,754445,241959440,7297004290,611,1100
2026-01-10,6,20259383,극장판 짱구는 못말려: 초화려! 작열하는 떡잎마을 댄서즈,2025-12-24,10840,441384,102110560,4193106290,434,550
2026-01-10,7,20256173,스폰지밥 무비: 네모바지를 찾아서,2026-01-01,4446,74901,39700620,677067630,321,362
2026-01-10,8,20258325,스노우 폭스 : 마법의 돌을 찾아서,2026-01-10,3605,3641,25782800,26012800,180,242
2026-01-10,9,20250115,굿 포츈,2026-01-07,3352,17846,31121340,154434200,331,434
2026-01-10,10,20250188,하트맨,2026-01-14,2605,4036,26356900,39747900,16,18
2026-01-11,1,20249255,만약에 우리,2025-12-31,133310,1046417,1341033550,10153909590,1107,3783
2026-01-11,2,20256396,아바타: 불과 재,2025-12-17,122869,6079632,1521034770,70647038240,1453,4052
2026-01-11,3,20252432,주토피아 2,2025-11-26,51881,8313924,507056050,80011207340,819,2218
2026-01-11,4,20247457,신의악단,2025-12-31,38268,260430,385272420,2461353590,631,1088
2026-01-11,5,20254219,"오늘 밤, 세계에서 이 사랑이 사라진다 해도",2025-12-24,24849,779294,244822500,7541826790,620,1085
2026-01-11,6,20259383,극장판 짱구는 못말려: 초화려! 작열하는 떡잎마을 댄서즈,2025-12-24,11379,452763,108342230,4301448520,434,545
2026-01-11,7,20256173,스폰지밥 무비: 네모바지를 찾아서,2026-01-01,4461,79362,39931600,716999230,316,340
2026-01-11,8,20258325,스노우 폭스 : 마법의 돌을 찾아서,2026-01-10,3504,7145,25080800,51093600,177,232
2026-01-11,9,20250115,굿 포츈,2026-01-07,2764,20610,25970460,180404660,317,395
2026-01-11,10,20258808,뽀로로 극장판 스위트캐슬 대모험,2025-12-11,2680,247845,25320270,2173965700,163,173
2026-01-12,1,20249255,만약에 우리,2025-12-31,54601,1101018,530034730,10683944320,944,3459
2026-01-12,2,20256396,아바타: 불과 재,2025-12-17,35410,6115042,432735510,71079773750,1301,3319
2026-01-12,3,20247457,신의악단,2025-12-31,16112,276542,150356140,2611709730,547,1086
2026-01-12,4,20252432,주토피아 2,2025-11-26,14719,8328643,140028470,80151235810,664,1765
2026-01-12,5,20254219,"오늘 밤, 세계에서 이 사랑이 사라진다 해도",2025-12-24,8772,788066,84365370,7626192160,562,1029
2026-01-12,6,20259383,극장판 짱구는 못말려: 초화려! 작열하는 떡잎마을 댄서즈,2025-12-24,3538,456301,33485980,4334934500,346,424
2026-01-12,7,20250115,굿 포츈,2026-01-07,1543,22153,13805900,194210560,254,310
2026-01-12,8,20259250,피렌체,2026-01-07,1158,15354,10189000,137250640,162,179
2026-01-12,9,20259563,파더 마더 시스터 브라더,2025-12-31,1149,27131,10532200,249457360,89,93
2026-01-12,10,20247690,시스터,2026-01-28,1071,1071,9639000,9639000,4,5
2026-01-13,1,20249255,만약에 우리,2025-12-31,53830,1154848,521987450,11205931770,968,3476
2026-01-13,2,20256396,아바타: 불과 재,2025-12-17,32821,6147863,399747480,71479521230,1327,3298
2026-01-13,3,20247457,신의악단,2025-12-31,16048,292590,151664760,2763374490,567,1102
2026-01-13,4,20252432,주토피아 2,2025-11-26,14879,8343522,138782460,80290018270,682,1738
2026-01-13,5,20254219,"오늘 밤, 세계에서 이 사랑이 사라진다 해도",2025-12-24,8974,797040,85799620,7711991780,585,1067
2026-01-13,6,20259383,극장판 짱구는 못말려: 초화려! 작열하는 떡잎마을 댄서즈,2025-12-24,3629,459930,33452730,4368387230,364,441
2026-01-13,7,20250115,굿 포츈,2026-01-07,1873,24026,16391100,210601660,274,354
2026-01-13,8,20259250,피렌체,2026-01-07,1770,17124,14814400,152065040,175,203
2026-01-13,9,20258808,뽀로로 극장판 스위트캐슬 대모험,2025-12-11,1414,249736,9899200,2187588640,95,99
2026-01-13,10,20256173,스폰지밥 무비: 네모바지를 찾아서,2026-01-01,1374,81767,10858700,736490730,187,199
2026-01-14,1,20249255,만약에 우리,2025-12-31,52687,1207535,506532920,11712464690,964,3425
2026-01-14,2,20256396,아바타: 불과 재,2025-12-17,28380,6176243,333264860,71812786090,1064,2391
2026-01-14,3,20250188,하트맨,2026-01-14,26685,33187,239362550,306854850,839,2941
2026-01-14,4,20250482,"신비아파트 10주년 극장판: 한 번 더, 소환",2026-01-14,23430,31235,203862930,282962790,597,1033
2026-01-14,5,20247457,신의악단,2025-12-31,12554,305144,117214550,2880589040,524,970
2026-01-14,6,20252432,주토피아 2,2025-11-26,12275,8355797,114125890,80404144160,647,1199
2026-01-14,7,20254219,"오늘 밤, 세계에서 이 사랑이 사라진다 해도",2025-12-24,5605,802645,53802800,7765794580,379,575
2026-01-14,8,20228555,더 퍼스트 슬램덩크,2023-01-04,5290,4908867,72258800,51383527405,57,147
2026-01-14,9,20250438,끝이 없는 스칼렛,2026-01-14,3762,3762,26838200,26838200,165,322
2026-01-14,10,20246546,보이,2026-01-14,2765,4166,22110920,35452920,145,193
2026-01-15,1,20249255,만약에 우리,2025-12-31,49896,1257431,481899310,12194364000,984,3381
2026-01-15,2,20256396,아바타: 불과 재,2025-12-17,25551,6201794,306651740,72119437830,1047,2324
2026-01-15,3,20250188,하트맨,2026-01-14,17810,50997,160010350,466865200,809,2641
2026-01-15,4,20247457,신의악단,2025-12-31,15898,321042,148461860,3029050900,579,1060
2026-01-15,5,20250482,"신비아파트 10주년 극장판: 한 번 더, 소환",2026-01-14,14546,45781,124912060,407874850,709,1147
2026-01-15,6,20252432,주토피아 2,2025-11-26,11767,8367564,109892380,80514036540,625,1166
2026-01-15,7,20254219,"오늘 밤, 세계에서 이 사랑이 사라진다 해도",2025-12-24,5237,807882,49963180,7815757760,384,575
2026-01-15,8,20228555,더 퍼스트 슬램덩크,2023-01-04,2331,4911198,32156500,51415683905,57,138
2026-01-15,9,20246546,보이,2026-01-14,2185,6351,17515500,52968420,144,182
2026-01-15,10,20259383,극장판 짱구는 못말려: 초화려! 작열하는 떡잎마을 댄서즈,2025-12-24,1894,463808,17677600,4404471730,189,206
2026-01-16,1,20249255,만약에 우리,2025-12-31,61474,1318905,614923700,12809287700,1026,3650
2026-01-16,2,20256396,아바타: 불과 재,2025-12-17,32556,6234350,416704960,72536142790,1044,2448
2026-01-16,3,20250188,하트맨,2026-01-14,22013,73010,205695220,672560420,814,2700
2026-01-16,4,20247457,신의악단,2025-12-31,19528,340570,192378990,3221429890,615,1207
2026-01-16,5,20252432,주토피아 2,2025-11-26,14118,8381682,135949090,80649985630,664,1204
2026-01-16,6,20250482,"신비아파트 10주년 극장판: 한 번 더, 소환",2026-01-14,13466,59247,121085890,528960740,721,1205
2026-01-16,7,20254219,"오늘 밤, 세계에서 이 사랑이 사라진다 해도",2025-12-24,6030,813912,60431960,7876189720,405,619
2026-01-16,8,20228555,더 퍼스트 슬램덩크,2023-01-04,2049,4913247,28615900,51444299805,57,137
2026-01-16,9,20246546,보이,2026-01-14,1990,8341,16426000,69394420,134,167
2026-01-16,10,20259383,극장판 짱구는 못말려: 초화려! 작열하는 떡잎마을 댄서즈,2025-12-24,1724,465532,16404650,4420876380,186,205
2026-01-17,1,20249255,만약에 우리,2025-12-31,133179,1452084,1329983410,14139271110,1116,4089
2026-01-17,2,20256396,아바타: 불과 재,2025-12-17,77508,6311858,973998540,73510141330,1048,2584
2026-01-17,3,20250482,"신비아파트 10주년 극장판: 한 번 더, 소환",2026-01-14,52370,111617,470390990,999351730,868,1746
2026-01-17,4,20250188,하트맨,2026-01-14,46295,119305,435831540,1108391960,820,2709
2026-01-17,5,20247457,신의악단,2025-12-31,45981,386551,458351360,3679781250,734,1450
2026-01-17,6,20252432,주토피아 2,2025-11-26,30637,8412319,302868810,80952854440,728,1394
2026-01-17,7,20254219,"오늘 밤, 세계에서 이 사랑이 사라진다 해도",2025-12-24,11103,825015,110132280,7986322000,407,647
2026-01-17,8,20250299,고고다이노 극장판: 곤충세계 대모험,2026-01-14,6976,13237,63683300,118160800,240,343
2026-01-17,9,20259383,극장판 짱구는 못말려: 초화려! 작열하는 떡잎마을 댄서즈,2025-12-24,3960,469492,38699900,4459576280,213,238
2026-01-17,10,20228555,더 퍼스트 슬램덩크,2023-01-04,2741,4915988,40542900,51484842705,57,133
2026-01-18,1,20249255,만약에 우리,2025-12-31,121751,1573835,1220421140,15359692250,1084,3878
2026-01-18,2,20256396,아바타: 불과 재,2025-12-17,66975,6378833,830422780,74340564110,1036,2467
2026-01-18,3,20247457,신의악단,2025-12-31,49330,435881,498765010,4178546260,740,1406
2026-01-18,4,20250482,"신비아파트 10주년 극장판: 한 번 더, 소환",2026-01-14,48428,160045,434409620,1433761350,857,1725
2026-01-18,5,20250188,하트맨,2026-01-14,38886,158191,366913360,1475305320,808,2507
2026-01-18,6,20252432,주토피아 2,2025-11-26,28204,8440523,278633350,81231487790,735,1333
2026-01-18,7,20254219,"오늘 밤, 세계에서 이 사랑이 사라진다 해도",2025-12-24,10668,835683,106185120,8092507120,401,618
2026-01-18,8,20250299,고고다이노 극장판: 곤충세계 대모험,2026-01-14,7574,20811,69531400,187692200,255,345
2026-01-18,9,20259383,극장판 짱구는 못말려: 초화려! 작열하는 떡잎마을 댄서즈,2025-12-24,3689,473181,35617880,4495194160,211,230
2026-01-18,10,20228555,더 퍼스트 슬램덩크,2023-01-04,2487,4918475,35910800,51520753505,58,125
2026-01-19,1,20249255,만약에 우리,2025-12-31,48031,1621866,470408840,15830101090,986,3567
2026-01-19,2,20247457,신의악단,2025-12-31,24177,460058,229421300,4407967560,605,1373
2026-01-19,3,20256396,아바타: 불과 재,2025-12-17,19814,6398647,236580550,74577144660,959,2095
2026-01-19,4,20250188,하트맨,2026-01-14,11729,169920,107658200,1582963520,683,2026
2026-01-19,5,20252432,주토피아 2,2025-11-26,7820,8448343,75785070,81307272860,575,1075
2026-01-19,6,20250482,"신비아파트 10주년 극장판: 한 번 더, 소환",2026-01-14,7198,167243,62733640,1496494990,569,1073
2026-01-19,7,20254219,"오늘 밤, 세계에서 이 사랑이 사라진다 해도",2025-12-24,3717,839400,36277120,8128784240,363,574
2026-01-19,8,20240400,슈가,2026-01-21,2084,2302,18756000,20718000,10,10
2026-01-19,9,20259383,극장판 짱구는 못말려: 초화려! 작열하는 떡잎마을 댄서즈,2025-12-24,1410,474591,13592100,4508786260,167,192
2026-01-19,10,20228555,더 퍼스트 슬램덩크,2023-01-04,1061,4919536,14492000,51535245505,58,127
2026-01-20,1,20249255,만약에 우리,2025-12-31,43769,1665635,425771420,16255872510,1006,3581
2026-01-20,2,20247457,신의악단,2025-12-31,24077,484135,227419220,4635386780,644,1454
2026-01-20,3,20256396,아바타: 불과 재,2025-12-17,18196,6416843,216511390,74793656050,956,2071
2026-01-20,4,20250188,하트맨,2026-01-14,12143,182063,108403260,1691366780,675,2016
2026-01-20,5,20252432,주토피아 2,2025-11-26,8350,8456693,80353170,81387626030,580,1047
2026-01-20,6,20250482,"신비아파트 10주년 극장판: 한 번 더, 소환",2026-01-14,6960,174203,60149900,1556644890,581,1051
2026-01-20,7,20254219,"오늘 밤, 세계에서 이 사랑이 사라진다 해도",2025-12-24,3811,843211,37325100,8166109340,368,579
2026-01-20,8,20259383,극장판 짱구는 못말려: 초화려! 작열하는 떡잎마을 댄서즈,2025-12-24,1542,476133,14413000,4523199260,175,201
2026-01-20,9,20246546,보이,2026-01-14,1526,12783,11725700,106456820,122,143
2026-01-20,10,20228555,더 퍼스트 슬램덩크,2023-01-04,1300,4920836,18295200,51553540705,58,125
2026-01-21,1,20249255,만약에 우리,2025-12-31,41618,1707253,401842980,16657715490,886,3171
2026-01-21,2,20249624,프로젝트 Y,2026-01-21,24398,26551,224920730,246059730,781,2785
2026-01-21,3,20247457,신의악단,2025-12-31,18809,502944,174751000,4810137780,618,1194
2026-01-21,4,20256396,아바타: 불과 재,2025-12-17,16497,6433340,202634960,74996291010,711,1585
2026-01-21,5,20040549,천공의 성 라퓨타,2004-04-30,14433,36402,143817110,279432610,431,727
2026-01-21,6,20252432,주토피아 2,2025-11-26,6749,8463442,63021710,81450647740,449,674
2026-01-21,7,20250188,하트맨,2026-01-14,6346,188409,56838900,1748205680,539,1021
2026-01-21,8,20258324,731,2026-01-21,6084,6084,55173700,55173700,314,492
2026-01-21,9,20250482,"신비아파트 10주년 극장판: 한 번 더, 소환",2026-01-14,5290,179493,45145410,1601790300,501,791
2026-01-21,10,20030316,반지의 제왕 : 왕의 귀환,2003-12-17,4569,731630,67826640,4751159030,12,43
2026-01-22,1,20249255,만약에 우리,2025-12-31,39480,1746733,383045060,17040760550,932,3194
2026-01-22,2,20247457,신의악단,2025-12-31,25198,528142,237024410,5047162190,717,1371
2026-01-22,3,20256396,아바타: 불과 재,2025-12-17,15860,6449200,196575200,75192866210,717,1574
2026-01-22,4,20249624,프로젝트 Y,2026-01-21,14435,40986,137017460,383077190,760,2447
2026-01-22,5,20252432,주토피아 2,2025-11-26,6811,8470253,62084640,81512732380,451,665
2026-01-22,6,20250188,하트맨,2026-01-14,6195,194604,54151560,1802357240,534,972
2026-01-22,7,20250482,"신비아파트 10주년 극장판: 한 번 더, 소환",2026-01-14,5841,185334,51730200,1653520500,511,793
2026-01-22,8,20040549,천공의 성 라퓨타,2004-04-30,5209,41611,50148480,329581090,419,661
2026-01-22,9,20258324,731,2026-01-21,4088,10172,37029500,92203200,312,448
2026-01-22,10,20259552,시라트,2026-01-21,3003,9385,27591020,91918020,191,233
2026-01-23,1,20249255,만약에 우리,2025-12-31,49885,1796618,502258670,17543019220,987,3448
2026-01-23,2,20247457,신의악단,2025-12-31,26432,554574,257852900,5305015090,753,1565
2026-01-23,3,20256396,아바타: 불과 재,2025-12-17,20690,6469890,271408140,75464274350,715,1694
2026-01-23,4,20249624,프로젝트 Y,2026-01-21,14716,55702,141685540,524762730,742,2413
2026-01-23,5,20252432,주토피아 2,2025-11-26,9073,8479326,89445760,81602178140,486,736
2026-01-23,6,20250188,하트맨,2026-01-14,6409,201013,60406000,1862763240,550,1011
2026-01-23,7,20250482,"신비아파트 10주년 극장판: 한 번 더, 소환",2026-01-14,6179,191513,54903000,1708423500,518,816
2026-01-23,8,20040549,천공의 성 라퓨타,2004-04-30,4841,46452,48643700,378224790,413,637
2026-01-23,9,20227810,에반게리온 신극장판: Q,2022-10-14,4555,11533,48298500,121050417,54,88
2026-01-23,10,20259552,시라트,2026-01-21,4100,13485,40914690,132832710,188,247
2026-01-24,1,20249255,만약에 우리,2025-12-31,108141,1904759,1079629440,18622648660,1047,3929
2026-01-24,2,20247457,신의악단,2025-12-31,57760,612334,569067940,5874083030,811,1989
2026-01-24,3,20256396,아바타: 불과 재,2025-12-17,50122,6520012,648875900,76113150250,772,1822
2026-01-24,4,20250482,"신비아파트 10주년 극장판: 한 번 더, 소환",2026-01-14,25729,217242,231017080,1939440580,683,1340
2026-01-24,5,20249624,프로젝트 Y,2026-01-21,24718,80420,256604780,781367510,800,2268
2026-01-24,6,20252432,주토피아 2,2025-11-26,20176,8499502,200181240,81802359380,581,928
2026-01-24,7,20250188,하트맨,2026-01-14,14353,215366,142357270,2005120510,613,1027
2026-01-24,8,20040549,천공의 성 라퓨타,2004-04-30,11062,57514,118036760,496261550,416,608
2026-01-24,9,20259552,시라트,2026-01-21,5061,18546,50190450,183023160,195,248
2026-01-24,10,20250299,고고다이노 극장판: 곤충세계 대모험,2026-01-14,4935,28570,43255800,253945800,210,297
2026-01-25,1,20249255,만약에 우리,2025-12-31,96261,2001020,972309770,19594958430,1065,3766
2026-01-25,2,20247457,신의악단,2025-12-31,71119,683453,700319220,6574402250,907,1979
2026-01-25,3,20256396,아바타: 불과 재,2025-12-17,44828,6564840,571571480,76684721730,754,1731
2026-01-25,4,20250482,"신비아파트 10주년 극장판: 한 번 더, 소환",2026-01-14,27907,245149,252193500,2191634080,707,1321
2026-01-25,5,20249624,프로젝트 Y,2026-01-21,21462,101882,225894350,1007261860,774,2080
2026-01-25,6,20252432,주토피아 2,2025-11-26,20513,8520015,201929670,82004289050,594,907
2026-01-25,7,20250188,하트맨,2026-01-14,12955,228321,128981000,2134101510,599,962
2026-01-25,8,20040549,천공의 성 라퓨타,2004-04-30,8268,65782,89686170,585947720,406,567
2026-01-25,9,20250299,고고다이노 극장판: 곤충세계 대모험,2026-01-14,5204,33774,46487400,300433200,214,288
2026-01-25,10,20050082,이터널 선샤인,2005-11-10,4673,571306,48000600,4462799792,113,165
2026-01-26,1,20249255,만약에 우리,2025-12-31,33426,2034446,325296230,19920254660,917,3302
2026-01-26,2,20247457,신의악단,2025-12-31,24253,707706,228083070,6802485320,660,1739
2026-01-26,3,20256396,아바타: 불과 재,2025-12-17,13127,6577967,164632820,76849354550,682,1534
2026-01-26,4,20249624,프로젝트 Y,2026-01-21,7220,109102,69245500,1076507360,635,1656
2026-01-26,5,20252432,주토피아 2,2025-11-26,5435,8525450,51571800,82055860850,453,670
2026-01-26,6,20250482,"신비아파트 10주년 극장판: 한 번 더, 소환",2026-01-14,3685,248834,32875670,2224509750,415,596
2026-01-26,7,20040549,천공의 성 라퓨타,2004-04-30,3338,69120,32623900,618571620,386,556
2026-01-26,8,20250188,하트맨,2026-01-14,3270,231591,30107340,2164208850,451,750
2026-01-26,9,20259552,시라트,2026-01-21,2583,25518,25203100,253198980,188,236
2026-01-26,10,20050082,이터널 선샤인,2005-11-10,2108,573414,21255700,4484055492,95,167
2026-01-27,1,20249255,만약에 우리,2025-12-31,31908,2066354,309411370,20229666030,926,3325
2026-01-27,2,20247457,신의악단,2025-12-31,24067,731773,221545310,7024030630,678,1766
2026-01-27,3,20256396,아바타: 불과 재,2025-12-17,12618,6590585,154431650,77003786200,687,1515
2026-01-27,4,20249624,프로젝트 Y,2026-01-21,7363,116465,68976170,1145483530,656,1660
2026-01-27,5,20242837,왕과 사는 남자,2026-02-04,5943,15958,53615000,161532470,29,29
2026-01-27,6,20252432,주토피아 2,2025-11-26,5821,8531271,53819370,82109680220,470,690
2026-01-27,7,20250482,"신비아파트 10주년 극장판: 한 번 더, 소환",2026-01-14,4061,252895,35858700,2260368450,449,659
2026-01-27,8,20250188,하트맨,2026-01-14,3568,235159,32972800,2197181650,456,748
2026-01-27,9,20040549,천공의 성 라퓨타,2004-04-30,3513,72633,34313170,652884790,394,579
2026-01-27,10,20259552,시라트,2026-01-21,2904,28422,25682200,278881180,185,239
2026-01-28,1,20249255,만약에 우리,2025-12-31,47906,2114260,375477600,20605143630,890,2916
2026-01-28,2,20247457,신의악단,2025-12-31,29563,761336,230625420,7254656050,684,1590
2026-01-28,3,20250644,직장상사 길들이기,2026-01-28,13400,14966,105026300,120629300,654,1547
2026-01-28,4,20256396,아바타: 불과 재,2025-12-17,13207,6603792,137007270,77140793470,602,1083
2026-01-28,5,20247690,시스터,2026-01-28,11182,12648,82802600,97410600,650,1555
2026-01-28,6,20250686,하우스메이드,2026-01-28,9297,11710,72408160,95159160,533,915
2026-01-28,7,20258885,프라이메이트,2026-01-28,7922,9389,62291300,75534300,502,911
2026-01-28,8,20228313,"오늘 밤, 세계에서 이 사랑이 사라진다 해도",2022-11-30,6393,1223598,52155900,12330469709,143,178
2026-01-28,9,20040549,천공의 성 라퓨타,2004-04-30,5748,78381,46827870,699712660,168,217
2026-01-28,10,20250112,극장판 총집편 걸즈 밴드 크라이 청춘광주곡,2026-01-28,5344,5846,46808610,54164610,130,245
2026-01-29,1,20249255,만약에 우리,2025-12-31,28847,2143107,279212420,20884356050,817,2807
2026-01-29,2,20247457,신의악단,2025-12-31,24710,786046,227822920,7482478970,630,1571
2026-01-29,3,20256396,아바타: 불과 재,2025-12-17,9420,6613212,116616860,77257410330,569,1044
2026-01-29,4,20250644,직장상사 길들이기,2026-01-28,6419,21385,60604680,181233980,603,1352
2026-01-29,5,20250686,하우스메이드,2026-01-28,6330,18040,56415770,151574930,508,891
2026-01-29,6,20247690,시스터,2026-01-28,5535,18183,46981070,144391670,576,1312
2026-01-29,7,20258885,프라이메이트,2026-01-28,4927,14316,45634100,121168400,460,830
2026-01-29,8,20228313,"오늘 밤, 세계에서 이 사랑이 사라진다 해도",2022-11-30,4180,1227778,40577000,12371046709,155,212
2026-01-29,9,20252432,주토피아 2,2025-11-26,3435,8539190,31876830,82179401330,303,362
2026-01-29,10,20250482,"신비아파트 10주년 극장판: 한 번 더, 소환",2026-01-14,3306,259546,28651600,2318443550,294,362
2026-01-30,1,20249255,만약에 우리,2025-12-31,36845,2179952,368425010,21252781060,864,3057
2026-01-30,2,20247457,신의악단,2025-12-31,24438,810484,233002180,7715481150,656,1712
2026-01-30,3,20256396,아바타: 불과 재,2025-12-17,12419,6625631,162096900,77419507230,591,1132
2026-01-30,4,20250644,직장상사 길들이기,2026-01-28,7725,29110,75931390,257165370,614,1423
2026-01-30,5,20250686,하우스메이드,2026-01-28,7059,25099,65343500,216918430,529,943
2026-01-30,6,20247690,시스터,2026-01-28,5735,23918,50342300,194733970,587,1298
2026-01-30,7,20258885,프라이메이트,2026-01-28,4862,19178,45854400,167022800,453,809
2026-01-30,8,20252432,주토피아 2,2025-11-26,4096,8543286,38801770,82218203100,323,392
2026-01-30,9,20228313,"오늘 밤, 세계에서 이 사랑이 사라진다 해도",2022-11-30,3463,1231241,35534200,12406580909,163,241
2026-01-30,10,20250482,"신비아파트 10주년 극장판: 한 번 더, 소환",2026-01-14,3462,263008,31345560,2349789110,330,417
2026-01-31,1,20249255,만약에 우리,2025-12-31,78952,2258904,781639300,22034420360,939,3463
2026-01-31,2,20247457,신의악단,2025-12-31,58132,868616,556384300,8271865450,806,2210
2026-01-31,3,20256396,아바타: 불과 재,2025-12-17,29770,6655401,376313590,77795820820,628,1286
2026-01-31,4,20250644,직장상사 길들이기,2026-01-28,15291,44401,150824840,407990210,661,1412
2026-01-31,5,20250482,"신비아파트 10주년 극장판: 한 번 더, 소환",2026-01-14,15180,278188,136311360,2486100470,508,772
2026-01-31,6,20252432,주토피아 2,2025-11-26,12943,8556229,126610370,82344813470,479,687
2026-01-31,7,20250686,하우스메이드,2026-01-28,12160,37259,115330310,332248740,540,1003
2026-01-31,8,20247690,시스터,2026-01-28,11488,35406,106469240,301203210,601,1307
2026-01-31,9,20040549,천공의 성 라퓨타,2004-04-30,8808,91585,89130060,831962630,174,218
2026-01-31,10,20228313,"오늘 밤, 세계에서 이 사랑이 사라진다 해도",2022-11-30,7359,1238600,74130300,12480711209,175,282
2026-02-01,1,20247457,신의악단,2025-12-31,65768,934384,634649070,8906514520,893,2139
2026-02-01,2,20249255,만약에 우리,2025-12-31,63941,2322845,639680650,22674101010,923,3249
2026-02-01,3,20256396,아바타: 불과 재,2025-12-17,24485,6679886,311428270,78107249090,614,1215
2026-02-01,4,20250482,"신비아파트 10주년 극장판: 한 번 더, 소환",2026-01-14,16242,294430,148545450,2634645920,515,770
2026-02-01,5,20252432,주토피아 2,2025-11-26,11991,8568220,118784650,82463598120,487,668
2026-02-01,6,20250644,직장상사 길들이기,2026-01-28,11250,55651,111888450,519878660,641,1267
2026-02-01,7,20247690,시스터,2026-01-28,9640,45046,88880740,390083950,586,1206
2026-02-01,8,20250686,하우스메이드,2026-01-28,9199,46458,89171680,421420420,540,925
2026-02-01,9,20228313,"오늘 밤, 세계에서 이 사랑이 사라진다 해도",2022-11-30,8325,1246925,84006700,12564717909,167,276
2026-02-01,10,20250563,정글비트 2,2026-01-29,4359,12813,38360070,106841570,309,353
2026-02-02,1,20249255,만약에 우리,2025-12-31,24356,2347201,235761740,22909862750,821,2824
2026-02-02,2,20247457,신의악단,2025-12-31,22340,956724,206671590,9113186110,668,1864
2026-02-02,3,20256396,아바타: 불과 재,2025-12-17,7396,6687282,87419890,78194668980,539,1027
2026-02-02,4,20247690,시스터,2026-01-28,4976,50022,41938850,432022800,499,996
2026-02-02,5,20250686,하우스메이드,2026-01-28,4477,50935,41418400,462838820,478,882
2026-02-02,6,20250644,직장상사 길들이기,2026-01-28,4116,59767,39696250,559574910,553,1041
2026-02-02,7,20228313,"오늘 밤, 세계에서 이 사랑이 사라진다 해도",2022-11-30,2952,1249877,28716050,12593433959,157,277
2026-02-02,8,20252432,주토피아 2,2025-11-26,2719,8570939,26094170,82489692290,303,385
2026-02-02,9,20258885,프라이메이트,2026-01-28,2292,31637,22256000,291415250,374,538
2026-02-02,10,20250482,"신비아파트 10주년 극장판: 한 번 더, 소환",2026-01-14,2155,296585,19444300,2654090220,282,349
2026-02-03,1,20249255,만약에 우리,2025-12-31,23039,2370240,223057330,23132920080,830,2819
2026-02-03,2,20247457,신의악단,2025-12-31,22713,979437,207750690,9320936800,699,1901
2026-02-03,3,20256396,아바타: 불과 재,2025-12-17,8043,6695325,102468490,78297137470,558,1044
2026-02-03,4,20247690,시스터,2026-01-28,7643,57665,58073400,490096200,538,1061
2026-02-03,5,20250686,하우스메이드,2026-01-28,4573,55508,41775220,504614040,491,866
2026-02-03,6,20250644,직장상사 길들이기,2026-01-28,3676,63443,35242700,594817610,552,996
2026-02-03,7,20252373,넘버원,2026-02-11,3516,4218,31644000,38499000,17,17
2026-02-03,8,20252432,주토피아 2,2025-11-26,3306,8574245,30979950,82520672240,321,413
2026-02-03,9,20258885,프라이메이트,2026-01-28,3057,34694,27799870,319215120,378,544
2026-02-03,10,20228313,"오늘 밤, 세계에서 이 사랑이 사라진다 해도",2022-11-30,2922,1252799,27998600,12621432559,162,278
2026-02-04,1,20242837,왕과 사는 남자,2026-02-04,117783,147538,1076238210,1365519680,1658,6932
2026-02-04,2,20249255,만약에 우리,2025-12-31,16140,2386380,157439930,23290360010,633,1577
2026-02-04,3,20261439,"2024.12.03 그날 조작된 내란, 감춰진 진실",2026-02-04,16132,19832,162225820,199884820,145,229
2026-02-04,4,20247457,신의악단,2025-12-31,15039,994476,135235470,9456172270,607,1253
2026-02-04,5,20250878,노 머시: 90분,2026-02-04,10152,17430,94786360,162854360,538,1413
2026-02-04,6,20261526,아이엠스타!X프리파라 더 무비 -만남의 기적!-,2026-02-04,7064,7064,77110300,77110300,118,160
2026-02-04,7,20241266,휴민트,2026-02-11,4087,5089,46767000,63045000,16,17
2026-02-04,8,20256396,아바타: 불과 재,2025-12-17,3142,6698467,34391260,78331528730,304,377
2026-02-04,9,20261041,스트레이 키즈 : 더 도미네이트 익스피리언스,2026-02-04,3029,3029,77574000,77574000,103,184
2026-02-04,10,20228313,"오늘 밤, 세계에서 이 사랑이 사라진다 해도",2022-11-30,1925,1254724,19098040,12640530599,96,145
2026-02-05,1,20242837,왕과 사는 남자,2026-02-04,91731,239269,831148510,2196668190,1612,6723
2026-02-05,2,20261439,"2024.12.03 그날 조작된 내란, 감춰진 진실",2026-02-04,20036,39868,194891900,394776720,229,346
2026-02-05,3,20247457,신의악단,2025-12-31,17621,1012097,160124840,9616297110,623,1312
2026-02-05,4,20249255,만약에 우리,2025-12-31,15556,2401936,152594860,23442954870,652,1551
2026-02-05,5,20250878,노 머시: 90분,2026-02-04,7421,24851,70774070,233628430,565,1353
2026-02-05,6,20252373,넘버원,2026-02-11,5574,11396,50166000,103101000,26,26
2026-02-05,7,20261526,아이엠스타!X프리파라 더 무비 -만남의 기적!-,2026-02-04,3994,11058,43196600,120306900,115,154
2026-02-05,8,20256396,아바타: 불과 재,2025-12-17,3160,6701627,34790340,78366319070,294,366
2026-02-05,9,20250112,극장판 총집편 걸즈 밴드 크라이 청춘광주곡,2026-01-28,2499,14097,23974710,137695250,72,84
2026-02-05,10,20228313,"오늘 밤, 세계에서 이 사랑이 사라진다 해도",2022-11-30,1867,1256591,18201200,12658731799,98,149
2026-02-06,1,20242837,왕과 사는 남자,2026-02-04,126625,365894,1203723060,3400391250,1653,7152
2026-02-06,2,20261439,"2024.12.03 그날 조작된 내란, 감춰진 진실",2026-02-04,21207,61075,215796130,610572850,295,473
2026-02-06,3,20249255,만약에 우리,2025-12-31,18795,2420731,191515910,23634470780,685,1679
2026-02-06,4,20247457,신의악단,2025-12-31,17564,1029661,167044350,9783341460,671,1408
2026-02-06,5,20250878,노 머시: 90분,2026-02-04,9002,33853,87072180,320700610,573,1318
2026-02-06,6,20256396,아바타: 불과 재,2025-12-17,4784,6706411,66444400,78432763470,316,391
2026-02-06,7,20261526,아이엠스타!X프리파라 더 무비 -만남의 기적!-,2026-02-04,3431,14489,38211100,158518000,108,153
2026-02-06,8,20228313,"오늘 밤, 세계에서 이 사랑이 사라진다 해도",2022-11-30,1936,1258527,19831100,12678562899,103,152
2026-02-06,9,20250686,하우스메이드,2026-01-28,1825,60214,18810960,551608300,218,272
2026-02-06,10,20252432,주토피아 2,2025-11-26,1731,8578897,15811000,82562099220,133,150
2026-02-07,1,20242837,왕과 사는 남자,2026-02-04,327112,693006,3145705860,6546097110,1717,7714
2026-02-07,2,20247457,신의악단,2025-12-31,36204,1065865,349577890,10132919350,731,1550
2026-02-07,3,20249255,만약에 우리,2025-12-31,33549,2454280,341705880,23976176660,718,1621
2026-02-07,4,20261439,"2024.12.03 그날 조작된 내란, 감춰진 진실",2026-02-04,30812,91887,308584790,919157640,403,718
2026-02-07,5,20250878,노 머시: 90분,2026-02-04,15000,48853,153644120,474344730,595,1164
2026-02-07,6,20250604,극장판 엉덩이 탐정: 스타 앤드 문,2026-02-07,10039,10581,77556200,81648200,247,492
2026-02-07,7,20256396,아바타: 불과 재,2025-12-17,9541,6715952,130633720,78563397190,312,381
2026-02-07,8,20250482,"신비아파트 10주년 극장판: 한 번 더, 소환",2026-01-14,7377,310770,68590820,2782393790,309,376
2026-02-07,9,20241266,휴민트,2026-02-11,5752,10841,83121800,146166800,20,21
2026-02-07,10,20252432,주토피아 2,2025-11-26,5258,8584155,53369660,82615468880,223,255
2026-02-08,1,20242837,왕과 사는 남자,2026-02-04,308083,1001089,2941919760,9488016870,1724,7292
2026-02-08,2,20247457,신의악단,2025-12-31,50022,1115887,473717660,10606637010,775,1490
2026-02-08,3,20249255,만약에 우리,2025-12-31,30125,2484405,309809740,24285986400,718,1545
2026-02-08,4,20261439,"2024.12.03 그날 조작된 내란, 감춰진 진실",2026-02-04,28593,120480,289449390,1208607030,419,760
2026-02-08,5,20250878,노 머시: 90분,2026-02-04,11996,60849,123460180,597804910,572,1078
2026-02-08,6,20250604,극장판 엉덩이 탐정: 스타 앤드 문,2026-02-07,10111,20692,79331600,160979800,254,479
2026-02-08,7,20256396,아바타: 불과 재,2025-12-17,8440,6724392,108147600,78671544790,294,359
2026-02-08,8,20250482,"신비아파트 10주년 극장판: 한 번 더, 소환",2026-01-14,8313,319083,77378350,2859772140,318,372
2026-02-08,9,20252432,주토피아 2,2025-11-26,5485,8589640,55268510,82670737390,220,249
2026-02-08,10,20261041,스트레이 키즈 : 더 도미네이트 익스피리언스,2026-02-04,4961,12707,131590000,331469000,102,172
2026-02-09,1,20242837,왕과 사는 남자,2026-02-04,98379,1099468,908223980,10396240850,1530,6494
2026-02-09,2,20247457,신의악단,2025-12-31,13546,1129433,126365090,10733002100,595,1299
2026-02-09,3,20249255,만약에 우리,2025-12-31,12057,2496462,119794060,24405780460,647,1470
2026-02-09,4,20261439,"2024.12.03 그날 조작된 내란, 감춰진 진실",2026-02-04,11513,131993,106802570,1315409600,405,785
2026-02-09,5,20250878,노 머시: 90분,2026-02-04,5531,66380,52524140,650329050,511,947
2026-02-09,6,20256396,아바타: 불과 재,2025-12-17,2942,6727334,36972650,78708517440,284,347
2026-02-09,7,20252373,넘버원,2026-02-11,2001,20089,18009000,199207610,13,13
2026-02-09,8,20247690,시스터,2026-01-28,1639,67780,11040700,567713280,172,197
2026-02-09,9,20228313,"오늘 밤, 세계에서 이 사랑이 사라진다 해도",2022-11-30,1400,1266896,13721970,12763717169,98,137
2026-02-09,10,20250686,하우스메이드,2026-01-28,1359,65225,12947500,602707420,186,216
2026-02-10,1,20242837,왕과 사는 남자,2026-02-04,95582,1195050,878997090,11275237940,1536,6557
2026-02-10,2,20247457,신의악단,2025-12-31,13519,1142952,124291650,10857293750,597,1295
2026-02-10,3,20249255,만약에 우리,2025-12-31,11804,2508266,117464500,24523244960,646,1462
2026-02-10,4,20261439,"2024.12.03 그날 조작된 내란, 감춰진 진실",2026-02-04,10705,142698,99976790,1415386390,411,793
2026-02-10,5,20250878,노 머시: 90분,2026-02-04,6689,73069,60917400,711246450,540,989
2026-02-10,6,20256396,아바타: 불과 재,2025-12-17,3692,6731026,47725480,78756242920,296,361
2026-02-10,7,20250686,하우스메이드,2026-01-28,2104,67329,19306600,622014020,194,232
2026-02-10,8,20228313,"오늘 밤, 세계에서 이 사랑이 사라진다 해도",2022-11-30,1664,1268560,16536600,12780253769,93,132
2026-02-10,9,20252432,주토피아 2,2025-11-26,1413,8592191,12213400,82693338890,109,124
2026-02-10,10,20247690,시스터,2026-01-28,1296,69076,8892500,576605780,147,168
2026-02-11,1,20241266,휴민트,2026-02-11,116740,131625,1105412630,1307061030,1520,6291
2026-02-11,2,20242837,왕과 사는 남자,2026-02-04,86924,1281974,811327260,12086565200,1150,4203
2026-02-11,3,20252373,넘버원,2026-02-11,17231,37320,156190180,355397790,647,1723
2026-02-11,4,20257823,폭풍의 언덕,2026-02-11,10479,12000,99077490,123243490,428,816
2026-02-11,5,20247457,신의악단,2025-12-31,7920,1150872,74424000,10931717750,426,597
2026-02-11,6,20261439,"2024.12.03 그날 조작된 내란, 감춰진 진실",2026-02-04,6863,149561,62567870,1477954260,347,559
2026-02-11,7,20249255,만약에 우리,2025-12-31,6256,2514522,63178670,24586423630,376,536
2026-02-11,8,20261526,아이엠스타!X프리파라 더 무비 -만남의 기적!-,2026-02-04,6239,28984,64810900,309988900,95,117
2026-02-11,9,20261041,스트레이 키즈 : 더 도미네이트 익스피리언스,2026-02-04,2770,16881,69242000,437331000,39,63
2026-02-11,10,20250878,노 머시: 90분,2026-02-04,2157,75226,18848400,730094850,158,189
2026-02-12,1,20242837,왕과 사는 남자,2026-02-04,83916,1365890,775585340,12862150540,1206,4331
2026-02-12,2,20241266,휴민트,2026-02-11,81183,212808,766996380,2074057410,1494,6079
2026-02-12,3,20252373,넘버원,2026-02-11,13932,51252,123347500,478745290,643,1629
2026-02-12,4,20247457,신의악단,2025-12-31,8661,1159533,80086880,11011804630,428,613
2026-02-12,5,20257823,폭풍의 언덕,2026-02-11,6778,18778,62782790,186026280,423,759
2026-02-12,6,20261439,"2024.12.03 그날 조작된 내란, 감춰진 진실",2026-02-04,6751,156312,62731500,1540685760,354,549
2026-02-12,7,20249255,만약에 우리,2025-12-31,6189,2520711,62069000,24648492630,371,529
2026-02-12,8,20261526,아이엠스타!X프리파라 더 무비 -만남의 기적!-,2026-02-04,3390,32374,34488400,344477300,83,109
2026-02-12,9,20250878,노 머시: 90분,2026-02-04,2802,78028,23687200,753782050,155,188
2026-02-12,10,20250840,바다 탐험대 옥토넛 어보브 앤 비욘드 : 육지생물 구조작전,2026-02-12,1463,3259,11847400,29748000,141,169
2026-02-13,1,20242837,왕과 사는 남자,2026-02-04,133573,1499463,1295622220,14157772760,1420,5369
2026-02-13,2,20241266,휴민트,2026-02-11,91891,304699,917939650,2991997060,1405,5809
2026-02-13,3,20252373,넘버원,2026-02-11,13978,65230,130458980,609204270,630,1590
2026-02-13,4,20247457,신의악단,2025-12-31,8978,1168511,87732600,11099537230,418,590
2026-02-13,5,20249255,만약에 우리,2025-12-31,8177,2528888,88862260,24737354890,376,517
2026-02-13,6,20257823,폭풍의 언덕,2026-02-11,5885,24663,57960650,243986930,403,692
2026-02-13,7,20261439,"2024.12.03 그날 조작된 내란, 감춰진 진실",2026-02-04,5467,161779,53879320,1594565080,317,504
2026-02-13,8,20227073,신 에반게리온 극장판,2022-10-05,4747,34457,49943600,385769587,46,71
2026-02-13,9,20250878,노 머시: 90분,2026-02-04,3047,81075,26739970,780522020,152,180
2026-02-13,10,20261526,아이엠스타!X프리파라 더 무비 -만남의 기적!-,2026-02-04,2894,35268,31130500,375607800,76,108
2026-02-14,1,20242837,왕과 사는 남자,2026-02-04,357886,1857349,3489757500,17647530260,1729,6851
2026-02-14,2,20241266,휴민트,2026-02-11,194546,499245,1969734780,4961731840,1375,5819
2026-02-14,3,20252373,넘버원,2026-02-11,25550,90780,248475220,857679490,635,1318
2026-02-14,4,20247457,신의악단,2025-12-31,17415,1185926,173118490,11272655720,436,602
2026-02-14,5,20249255,만약에 우리,2025-12-31,10620,2539508,111759750,24849114640,353,469
2026-02-14,6,20261439,"2024.12.03 그날 조작된 내란, 감춰진 진실",2026-02-04,6702,168481,64188770,1658753850,258,344
2026-02-14,7,20257823,폭풍의 언덕,2026-02-11,6450,31113,65717500,309704430,374,513
2026-02-14,8,20250604,극장판 엉덩이 탐정: 스타 앤드 문,2026-02-07,6012,32287,45276000,246847600,230,346
2026-02-14,9,20250840,바다 탐험대 옥토넛 어보브 앤 비욘드 : 육지생물 구조작전,2026-02-12,3618,7684,35248400,72716700,227,300
2026-02-14,10,20250878,노 머시: 90분,2026-02-04,3209,84284,30009770,810531790,158,174
2026-02-15,1,20242837,왕과 사는 남자,2026-02-04,465254,2322603,4549624530,22197154790,1836,7248
2026-02-15,2,20241266,휴민트,2026-02-11,204552,703797,2084305370,7046037210,1356,5601
2026-02-15,3,20252373,넘버원,2026-02-11,26374,117154,258032720,1115712210,652,1325
2026-02-15,4,20247457,신의악단,2025-12-31,18816,1204742,192778050,11465433770,420,567
2026-02-15,5,20249255,만약에 우리,2025-12-31,9449,2548957,99193940,24948308580,370,478
2026-02-15,6,20261439,"2024.12.03 그날 조작된 내란, 감춰진 진실",2026-02-04,6781,175262,67293100,1726046950,249,319
2026-02-15,7,20250604,극장판 엉덩이 탐정: 스타 앤드 문,2026-02-07,5253,37540,42544400,289392000,232,353
2026-02-15,8,20257823,폭풍의 언덕,2026-02-11,4804,35917,49349550,359053980,360,482
2026-02-15,9,20250878,노 머시: 90분,2026-02-04,3724,88008,33463350,843995140,141,161
2026-02-15,10,20250840,바다 탐험대 옥토넛 어보브 앤 비욘드 : 육지생물 구조작전,2026-02-12,3523,11207,34652700,107369400,219,297
2026-02-16,1,20242837,왕과 사는 남자,2026-02-04,537175,2859778,5301151370,27498306160,1899,7804
2026-02-16,2,20241266,휴민트,2026-02-11,182655,886452,1846543770,8892580980,1290,5280
2026-02-16,3,20247457,신의악단,2025-12-31,30221,1234963,306602500,11772036270,434,623
2026-02-16,4,20252373,넘버원,2026-02-11,22493,139647,222429690,1338141900,645,1131
2026-02-16,5,20261439,"2024.12.03 그날 조작된 내란, 감춰진 진실",2026-02-04,7568,182830,75806800,1801853750,231,286
2026-02-16,6,20249255,만약에 우리,2025-12-31,7451,2556408,79529640,25027838220,337,471
2026-02-16,7,20250604,극장판 엉덩이 탐정: 스타 앤드 문,2026-02-07,4503,42043,39134200,328526200,226,353
2026-02-16,8,20257823,폭풍의 언덕,2026-02-11,4022,39939,40592120,399646100,351,444
2026-02-16,9,20250840,바다 탐험대 옥토넛 어보브 앤 비욘드 : 육지생물 구조작전,2026-02-12,3602,14809,35494200,142863600,224,298
2026-02-16,10,20250878,노 머시: 90분,2026-02-04,2913,90921,28276900,872272040,130,148
2026-02-17,1,20242837,왕과 사는 남자,2026-02-04,661439,3521217,6574650470,34072956630,2010,8341
2026-02-17,2,20241266,휴민트,2026-02-11,213403,1099855,2199712250,11092293230,1225,4909
2026-02-17,3,20247457,신의악단,2025-12-31,33635,1268598,340532730,12112569000,462,694
2026-02-17,4,20252373,넘버원,2026-02-11,21897,161544,209720820,1547862720,605,1062
2026-02-17,5,20261439,"2024.12.03 그날 조작된 내란, 감춰진 진실",2026-02-04,7197,190027,72149080,1874002830,205,239
2026-02-17,6,20249255,만약에 우리,2025-12-31,7021,2563429,74221480,25102059700,319,432
2026-02-17,7,20257823,폭풍의 언덕,2026-02-11,4354,44293,42274200,441920300,330,411
2026-02-17,8,20250604,극장판 엉덩이 탐정: 스타 앤드 문,2026-02-07,4237,46280,35550300,364076500,208,312
2026-02-17,9,20250878,노 머시: 90분,2026-02-04,2702,93623,26405460,898677500,131,143
2026-02-17,10,20252432,주토피아 2,2025-11-26,2570,8604180,26360300,82810844690,94,103
2026-02-18,1,20242837,왕과 사는 남자,2026-02-04,653634,4174851,6353617930,40426574560,2017,8045
2026-02-18,2,20241266,휴민트,2026-02-11,184951,1284806,1884910650,12977203880,1188,4360
2026-02-18,3,20247457,신의악단,2025-12-31,30600,1299198,298928880,12411497880,492,692
2026-02-18,4,20252373,넘버원,2026-02-11,26301,187845,261584930,1809447650,609,970
2026-02-18,5,20261208,귀신 부르는 앱: 영,2026-02-18,18263,18903,187822700,192302700,176,357
2026-02-18,6,20261150,점보,2026-02-18,12648,14169,114833230,130123700,355,453
2026-02-18,7,20249255,만약에 우리,2025-12-31,8477,2571906,88348200,25190407900,288,374
2026-02-18,8,20261439,"2024.12.03 그날 조작된 내란, 감춰진 진실",2026-02-04,8450,198477,82022950,1956025780,178,214
2026-02-18,9,20261526,아이엠스타!X프리파라 더 무비 -만남의 기적!-,2026-02-04,7831,50217,80727100,531427900,74,96
2026-02-18,10,20250840,바다 탐험대 옥토넛 어보브 앤 비욘드 : 육지생물 구조작전,2026-02-12,4101,21127,40620200,205970000,195,241
2026-02-19,1,20242837,왕과 사는 남자,2026-02-04,239783,4414634,2231556760,42658131320,1607,6521
2026-02-19,2,20241266,휴민트,2026-02-11,54834,1339640,532681280,13509885160,1116,4036
2026-02-19,3,20252373,넘버원,2026-02-11,10762,198607,97506630,1906954280,574,983
2026-02-19,4,20261208,귀신 부르는 앱: 영,2026-02-18,9175,28078,91871100,284173800,189,384
2026-02-19,5,20247457,신의악단,2025-12-31,8480,1307678,78315430,12489813310,433,629
2026-02-19,6,20261526,아이엠스타!X프리파라 더 무비 -만남의 기적!-,2026-02-04,5533,55750,54846900,586274800,71,91
2026-02-19,7,20249255,만약에 우리,2025-12-31,4486,2576392,45238700,25235646600,292,411
2026-02-19,8,20250878,노 머시: 90분,2026-02-04,3661,98458,33504200,944078100,60,70
2026-02-19,9,20261439,"2024.12.03 그날 조작된 내란, 감춰진 진실",2026-02-04,2969,201446,26793700,1982819480,203,263
2026-02-19,10,20250428,센티멘탈 밸류,2026-02-18,2546,10113,23869540,103781940,188,221
2026-02-20,1,20242837,왕과 사는 남자,2026-02-04,264713,4679347,2586365530,45244496850,1771,7277
2026-02-20,2,20241266,휴민트,2026-02-11,51305,1390945,519326920,14029212080,1089,3982
2026-02-20,3,20252373,넘버원,2026-02-11,9033,207640,85752790,1992707070,593,988
2026-02-20,4,20261208,귀신 부르는 앱: 영,2026-02-18,8195,36273,84787600,368961400,190,380
2026-02-20,5,20247457,신의악단,2025-12-31,8017,1315695,74579950,12564393260,457,684
2026-02-20,6,20249255,만약에 우리,2025-12-31,4384,2580776,47107840,25282754440,304,418
2026-02-20,7,20250428,센티멘탈 밸류,2026-02-18,3416,13529,31498370,135280310,192,230
2026-02-20,8,20261526,아이엠스타!X프리파라 더 무비 -만남의 기적!-,2026-02-04,3408,59158,35693300,621968100,75,102
2026-02-20,9,20261150,점보,2026-02-18,3263,19902,29130000,180442240,312,352
2026-02-20,10,20261439,"2024.12.03 그날 조작된 내란, 감춰진 진실",2026-02-04,2102,203548,20243100,2003062580,192,251
2026-02-21,1,20242837,왕과 사는 남자,2026-02-04,581160,5260507,5691833080,50936329930,2106,9006
2026-02-21,2,20241266,휴민트,2026-02-11,100054,1490999,1025956220,15055168300,1048,3624
2026-02-21,3,20252373,넘버원,2026-02-11,15757,223397,156346730,2149053800,549,798
2026-02-21,4,20247457,신의악단,2025-12-31,14064,1329759,135986500,12700379760,508,780
2026-02-21,5,20261208,귀신 부르는 앱: 영,2026-02-18,12759,49032,133172300,502133700,178,352
2026-02-21,6,20261150,점보,2026-02-18,9260,29162,82505100,262947340,370,479
2026-02-21,7,20249255,만약에 우리,2025-12-31,5053,2585829,52562700,25335317140,244,302
2026-02-21,8,20250428,센티멘탈 밸류,2026-02-18,3769,17298,38191480,173471790,190,209
2026-02-21,9,20257823,폭풍의 언덕,2026-02-11,2307,53788,24052500,537961520,155,177
2026-02-21,10,20030047,모노노케 히메,2003-04-25,2289,198845,36104410,2406676520,33,42
2026-02-22,1,20242837,왕과 사는 남자,2026-02-04,568288,5828795,5554146750,56490476680,2142,8689
2026-02-22,2,20241266,휴민트,2026-02-11,88007,1579006,912149530,15967317830,1026,3381
2026-02-22,3,20247457,신의악단,2025-12-31,18886,1348645,176840660,12877220420,524,752
2026-02-22,4,20252373,넘버원,2026-02-11,16015,239412,157792100,2306845900,548,792
2026-02-22,5,20261208,귀신 부르는 앱: 영,2026-02-18,11391,60423,118273100,620406800,187,346
2026-02-22,6,20261150,점보,2026-02-18,9807,38969,86828530,349775870,371,477
2026-02-22,7,20249255,만약에 우리,2025-12-31,4116,2589945,43325100,25378642240,240,291
2026-02-22,8,20250428,센티멘탈 밸류,2026-02-18,3541,20839,36468050,209939840,180,200
2026-02-22,9,20030047,모노노케 히메,2003-04-25,2234,201079,35470620,2442147140,31,39
2026-02-22,10,20261439,"2024.12.03 그날 조작된 내란, 감춰진 진실",2026-02-04,2136,207669,21168600,2043311980,149,173
2026-02-23,1,20242837,왕과 사는 남자,2026-02-04,195470,6024265,1841999690,58332476370,1756,7273
2026-02-23,2,20241266,휴민트,2026-02-11,32115,1611121,327488800,16294806630,921,3101
2026-02-23,3,20252373,넘버원,2026-02-11,5276,244688,47802850,2354648750,496,762
2026-02-23,4,20247457,신의악단,2025-12-31,4667,1353312,43174450,12920394870,417,631
2026-02-23,5,20261208,귀신 부르는 앱: 영,2026-02-18,4474,64897,45899900,666306700,182,346
2026-02-23,6,20261150,점보,2026-02-18,2584,41553,22270150,372046020,281,306
2026-02-23,7,20249255,만약에 우리,2025-12-31,2328,2592273,24189200,25402831440,257,350
2026-02-23,8,20250428,센티멘탈 밸류,2026-02-18,1915,22754,17870070,227809910,179,207
2026-02-23,9,20250301,판결,2026-02-25,1259,4001,11346000,37271000,7,7
2026-02-23,10,20261181,너자 2,2026-02-25,1160,3203,8120000,35221000,9,9
2026-02-24,1,20242837,왕과 사는 남자,2026-02-04,194636,6218901,1827069870,60159546240,1778,7331
2026-02-24,2,20241266,휴민트,2026-02-11,26624,1637745,258103480,16552910110,936,3086
2026-02-24,3,20252373,넘버원,2026-02-11,5091,249779,46301500,2400950250,502,763
2026-02-24,4,20247457,신의악단,2025-12-31,4914,1358226,44477240,12964872110,416,632
2026-02-24,5,20261208,귀신 부르는 앱: 영,2026-02-18,4590,69487,42252500,708559200,181,340
2026-02-24,6,20261150,점보,2026-02-18,3553,45106,30184100,402230120,291,321
2026-02-24,7,20250428,센티멘탈 밸류,2026-02-18,2400,25154,22528200,250338110,197,225
2026-02-24,8,20249255,만약에 우리,2025-12-31,2187,2594460,22582470,25425413910,249,341
2026-02-24,9,20241501,매드 댄스 오피스,2026-03-04,1542,1966,13878000,17992000,7,8
2026-02-24,10,20257823,폭풍의 언덕,2026-02-11,1324,57770,12486980,577532170,170,196
2026-02-25,1,20242837,왕과 사는 남자,2026-02-04,309572,6528473,2417894910,62577441150,1937,7497
2026-02-25,2,20241266,휴민트,2026-02-11,37892,1675637,312647710,16865557820,855,2399
2026-02-25,3,20259583,초속 5센티미터,2026-02-25,17947,19020,144137600,155824500,568,1257
2026-02-25,4,20261181,너자 2,2026-02-25,6936,10139,53822600,89043600,277,584
2026-02-25,5,20250365,햄넷,2026-02-25,5633,11121,43640460,100010780,381,495
2026-02-25,6,20247457,신의악단,2025-12-31,4905,1363131,39963700,13004835810,355,464
2026-02-25,7,20252373,넘버원,2026-02-11,4103,253882,33090300,2434040550,291,364
2026-02-25,8,20261208,귀신 부르는 앱: 영,2026-02-18,3747,73234,30291000,738850200,188,252
2026-02-25,9,20250428,센티멘탈 밸류,2026-02-18,3558,28712,27278500,277616610,104,122
2026-02-25,10,20261526,아이엠스타!X프리파라 더 무비 -만남의 기적!-,2026-02-04,2509,66932,24167000,699820300,58,77
2026-02-26,1,20242837,왕과 사는 남자,2026-02-04,204929,6733402,1934801520,64512242670,1803,7335
2026-02-26,2,20241266,휴민트,2026-02-11,21909,1697546,214542270,17080100090,786,2269
2026-02-26,3,20259583,초속 5센티미터,2026-02-25,9236,28256,87546700,243371200,515,1143
2026-02-26,4,20261181,너자 2,2026-02-25,5841,15980,45165600,134209200,263,565
2026-02-26,5,20247457,신의악단,2025-12-31,4584,1367715,42542900,13047378710,363,464
2026-02-26,6,20252373,넘버원,2026-02-11,3929,257811,34227570,2468268120,288,366
2026-02-26,7,20261208,귀신 부르는 앱: 영,2026-02-18,3460,76694,32381900,771232100,180,244
2026-02-26,8,20261450,슬라이드 스트럼 뮤트,2026-02-26,3119,3899,26484000,32724000,117,126
2026-02-26,9,20250365,햄넷,2026-02-25,3031,14152,28026520,128037300,352,457
2026-02-26,10,20250428,센티멘탈 밸류,2026-02-18,2130,30842,19168400,296785010,97,107
2026-02-27,1,20242837,왕과 사는 남자,2026-02-04,278059,7011461,2758081920,67270324590,1932,8039
2026-02-27,2,20241266,휴민트,2026-02-11,22005,1719551,225469520,17305569610,739,2014
2026-02-27,3,20259583,초속 5센티미터,2026-02-25,9061,37317,91322020,334693220,518,1015
2026-02-27,4,20257744,28년 후: 뼈의 사원,2026-02-27,6209,6401,66348480,68460480,467,807
2026-02-27,5,20247457,신의악단,2025-12-31,4206,1371921,39658700,13087037410,345,421
2026-02-27,6,20261181,너자 2,2026-02-25,3638,19618,33725700,167934900,256,464
2026-02-27,7,20252373,넘버원,2026-02-11,3395,261206,29909340,2498177460,269,321
2026-02-27,8,20261621,엔하이픈 [워크 더 라인 썸머 에디션] 인 시네마,2026-02-27,2897,2897,72425000,72425000,61,117
2026-02-27,9,20261208,귀신 부르는 앱: 영,2026-02-18,2795,79489,27740400,798972500,163,220
2026-02-27,10,20250365,햄넷,2026-02-25,2752,16904,27525260,155562560,329,420
2026-02-28,1,20242837,왕과 사는 남자,2026-02-04,655719,7667180,6472569500,73742894090,2165,9758
2026-02-28,2,20241266,휴민트,2026-02-11,47959,1767510,512719970,17818289580,816,2018
2026-02-28,3,20259583,초속 5센티미터,2026-02-25,12239,49556,123604030,458297250,542,949
2026-02-28,4,20247457,신의악단,2025-12-31,9281,1381202,85942300,13172979710,376,474
2026-02-28,5,20261181,너자 2,2026-02-25,7981,27599,73962300,241897200,260,476
2026-02-28,6,20257744,28년 후: 뼈의 사원,2026-02-27,7664,14065,82634310,151094790,417,689
2026-02-28,7,20261450,슬라이드 스트럼 뮤트,2026-02-26,4770,9942,42566000,86099000,120,166
2026-02-28,8,20250365,햄넷,2026-02-25,4566,21470,44357880,199920440,326,407
2026-02-28,9,20261208,귀신 부르는 앱: 영,2026-02-18,4296,83785,43689500,842662000,152,202
2026-02-28,10,20252373,넘버원,2026-02-11,3401,264607,31987520,2530164980,209,267
2026-03-01,1,20242837,왕과 사는 남자,2026-02-04,817182,8484362,8012476100,81755370190,2170,9709
2026-03-01,2,20241266,휴민트,2026-02-11,54656,1822166,568576780,18386866360,784,1786
2026-03-01,3,20256283,호퍼스,2026-03-04,22185,22996,233985250,244596250,536,1172
2026-03-01,4,20247457,신의악단,2025-12-31,10536,1391738,99348800,13272328510,327,376
2026-03-01,5,20259583,초속 5센티미터,2026-02-25,10031,59587,101729040,560026290,503,777
2026-03-01,6,20257744,28년 후: 뼈의 사원,2026-02-27,7500,21565,79966140,231060930,417,619
2026-03-01,7,20261181,너자 2,2026-02-25,7249,34848,72372600,314269800,242,398
2026-03-01,8,20250365,햄넷,2026-02-25,4346,25816,43366570,243287010,309,354
2026-03-01,9,20252373,넘버원,2026-02-11,4180,268787,40535300,2570700280,185,223
2026-03-01,10,20261208,귀신 부르는 앱: 영,2026-02-18,3921,87706,39516800,882178800,136,177
2026-03-02,1,20242837,왕과 사는 남자,2026-02-04,728915,9213277,7031284220,88786654410,2150,9321
2026-03-02,2,20241266,휴민트,2026-02-11,41504,1863670,415209600,18802075960,754,1622
2026-03-02,3,20256283,호퍼스,2026-03-04,29415,52411,306886650,551482900,538,1174
2026-03-02,4,20247457,신의악단,2025-12-31,11210,1402948,109752410,13382080920,287,337
2026-03-02,5,20259583,초속 5센티미터,2026-02-25,8164,67751,82155150,642181440,488,721
2026-03-02,6,20261181,너자 2,2026-02-25,6934,41782,65029700,379299500,231,378
2026-03-02,7,20257744,28년 후: 뼈의 사원,2026-02-27,4978,26543,53104160,284165090,365,514
2026-03-02,8,20250365,햄넷,2026-02-25,4622,30438,45168550,288455560,292,339
2026-03-02,9,20252373,넘버원,2026-02-11,3950,272737,38882300,2609582580,173,207
2026-03-02,10,20261208,귀신 부르는 앱: 영,2026-02-18,3325,91031,29724000,911902800,133,168
2026-03-03,1,20242837,왕과 사는 남자,2026-02-04,194476,9407753,1820225790,90606880200,1800,7489
2026-03-03,2,20241266,휴민트,2026-02-11,10756,1874426,103348800,18905424760,659,1647
2026-03-03,3,20259583,초속 5센티미터,2026-02-25,3542,71293,32780000,674961440,444,748
2026-03-03,4,20257744,28년 후: 뼈의 사원,2026-02-27,2632,29175,26394760,310559850,379,564
2026-03-03,5,20247457,신의악단,2025-12-31,2242,1405190,20551700,13402632620,295,369
2026-03-03,6,20250365,햄넷,2026-02-25,2231,32669,20622620,309078180,302,390
2026-03-03,7,20252373,넘버원,2026-02-11,2035,274772,17536040,2627118620,191,235
2026-03-03,8,20261181,너자 2,2026-02-25,1840,43622,14593700,393893200,203,331
2026-03-03,9,20250428,센티멘탈 밸류,2026-02-18,1101,42895,10367570,420302580,101,110
2026-03-03,10,20258074,아르코,2026-03-11,1043,2665,9387000,25631870,8,8
2026-03-04,1,20242837,왕과 사는 남자,2026-02-04,189637,9597390,1768402810,92375283010,1633,6464
2026-03-04,2,20256283,호퍼스,2026-03-04,17155,69566,171315880,722798780,788,2320
2026-03-04,3,20258444,브라이드!,2026-03-04,7478,7746,72509440,77065440,399,676
2026-03-04,4,20241266,휴민트,2026-02-11,6837,1881263,69381720,18974806480,549,932
2026-03-04,5,20241501,매드 댄스 오피스,2026-03-04,5420,8350,45384560,75342930,484,885
2026-03-04,6,20250875,우리는 매일매일,2026-03-04,2523,3130,21068300,26531300,142,168
2026-03-04,7,20261181,너자 2,2026-02-25,2512,46134,13898100,407791300,107,139
2026-03-04,8,20250413,다이 마이 러브,2026-03-04,2164,2164,17508600,17508600,115,212
2026-03-04,9,20250365,햄넷,2026-02-25,1979,34648,18682300,327760480,164,196
2026-03-04,10,20261526,아이엠스타!X프리파라 더 무비 -만남의 기적!-,2026-02-04,1754,75777,17500900,790926800,53,62
2026-03-05,1,20242837,왕과 사는 남자,2026-02-04,180529,9777919,1676046780,94051329790,1697,6654
2026-03-05,2,20256283,호퍼스,2026-03-04,11795,81361,116444100,839242880,747,2041
2026-03-05,3,20241266,휴민트,2026-02-11,7105,1888368,69377800,19044184280,542,934
2026-03-05,4,20241501,매드 댄스 오피스,2026-03-04,3839,12189,32071700,107414630,470,815
2026-03-05,5,20258444,브라이드!,2026-03-04,3357,11103,32473430,109538870,370,600
2026-03-05,6,20261181,너자 2,2026-02-25,2388,48522,13534300,421325600,110,135
2026-03-05,7,20247457,신의악단,2025-12-31,1938,1408721,16543000,13432243990,183,209
2026-03-05,8,20250875,우리는 매일매일,2026-03-04,1887,5017,15499450,42030750,125,150
2026-03-05,9,20250365,햄넷,2026-02-25,1758,36406,16510400,344270880,175,202
2026-03-05,10,20250413,다이 마이 러브,2026-03-04,1519,3683,11753000,29261600,112,186
2026-03-06,1,20242837,왕과 사는 남자,2026-02-04,271738,10049657,2659703920,96711033710,1881,7684
2026-03-06,2,20256283,호퍼스,2026-03-04,20799,102160,217646930,1056889810,827,2311
2026-03-06,3,20241266,휴민트,2026-02-11,9905,1898273,102432050,19146616330,582,1011
2026-03-06,4,20241501,매드 댄스 오피스,2026-03-04,3915,16104,34440470,141855100,476,783
2026-03-06,5,20258444,브라이드!,2026-03-04,2957,14060,30563140,140102010,357,591
2026-03-06,6,20250875,우리는 매일매일,2026-03-04,2546,7563,20928400,62959150,134,162
2026-03-06,7,20250365,햄넷,2026-02-25,2337,38743,23364600,367635480,172,195
2026-03-06,8,20261181,너자 2,2026-02-25,1861,50383,11332700,432658300,110,131
2026-03-06,9,20247457,신의악단,2025-12-31,1658,1410379,16229340,13448473330,175,199
2026-03-06,10,20250428,센티멘탈 밸류,2026-02-18,1498,46149,15385100,452338520,87,100
2026-03-07,1,20242837,왕과 사는 남자,2026-02-04,754518,10804175,7435162890,104146196600,2171,9535
2026-03-07,2,20256283,호퍼스,2026-03-04,107039,209199,1042505710,2099395520,1011,3247
2026-03-07,3,20241266,휴민트,2026-02-11,18428,1916701,195125670,19341742000,519,896
2026-03-07,4,20241501,매드 댄스 오피스,2026-03-04,5971,22075,55754510,197609610,456,602
2026-03-07,5,20247457,신의악단,2025-12-31,4538,1414917,40983050,13489456380,167,195
2026-03-07,6,20250365,햄넷,2026-02-25,3076,41819,31239980,398875460,149,161
2026-03-07,7,20258444,브라이드!,2026-03-04,3040,17100,35145800,175247810,337,439
2026-03-07,8,20252373,넘버원,2026-02-11,2940,278409,36624100,2670358320,65,74
2026-03-07,9,20261181,너자 2,2026-02-25,2894,53277,20267600,452925900,98,113
2026-03-07,10,20259583,초속 5센티미터,2026-02-25,2637,77609,26940000,739836710,189,214
2026-03-08,1,20242837,왕과 사는 남자,2026-02-04,699459,11503634,6865592080,111011788680,2187,9211
2026-03-08,2,20256283,호퍼스,2026-03-04,105977,315176,1028662540,3128058060,1013,3157
2026-03-08,3,20241266,휴민트,2026-02-11,15497,1932198,163953580,19505695580,515,836
2026-03-08,4,20247457,신의악단,2025-12-31,5719,1420636,49917500,13539373880,168,189
2026-03-08,5,20241501,매드 댄스 오피스,2026-03-04,4898,26973,44771440,242381050,428,547
2026-03-08,6,20261181,너자 2,2026-02-25,3831,57108,26086900,479012800,102,115
2026-03-08,7,20250365,햄넷,2026-02-25,2823,44642,29108570,427984030,145,159
2026-03-08,8,20259583,초속 5센티미터,2026-02-25,2531,80140,26111480,765948190,194,219
2026-03-08,9,19980089,굿 윌 헌팅,1998-03-21,2480,55957,31714900,450461200,89,104
2026-03-08,10,20258444,브라이드!,2026-03-04,2225,19325,24900000,200147810,297,380
2026-03-09,1,20242837,왕과 사는 남자,2026-02-04,203138,11706772,1903659490,112915448170,1816,7356
2026-03-09,2,20256283,호퍼스,2026-03-04,11332,326508,114331050,3242389110,690,1835
2026-03-09,3,20241266,휴민트,2026-02-11,5633,1937831,57277220,19562972800,509,865
2026-03-09,4,20241501,매드 댄스 오피스,2026-03-04,2025,28998,17319500,259700550,368,488
2026-03-09,5,20259583,초속 5센티미터,2026-02-25,1793,81933,16330000,782278190,202,236
2026-03-09,6,20250365,햄넷,2026-02-25,1450,46092,14201300,442185330,153,178
2026-03-09,7,20258444,브라이드!,2026-03-04,1286,20611,12243470,212391280,277,366
2026-03-09,8,20247457,신의악단,2025-12-31,1245,1421881,11442470,13550816350,163,188
2026-03-09,9,20261694,투어스 브이알 콘서트 : 러쉬로드,2026-03-04,1165,6830,37280000,214855500,1,8
2026-03-09,10,20250428,센티멘탈 밸류,2026-02-18,979,51402,9445770,505741210,74,86
2026-03-10,1,20242837,왕과 사는 남자,2026-02-04,177177,11883949,1649354860,114564803030,1860,7464
2026-03-10,2,20256283,호퍼스,2026-03-04,10263,336771,102448680,3344837790,692,1786
2026-03-10,3,20241266,휴민트,2026-02-11,5358,1943189,54518800,19617491600,515,869
2026-03-10,4,20241501,매드 댄스 오피스,2026-03-04,4297,33295,35450600,295151150,423,597
2026-03-10,5,20259583,초속 5센티미터,2026-02-25,2738,84671,23917440,806195630,221,267
2026-03-10,6,20258444,브라이드!,2026-03-04,1844,22455,16205710,228596990,299,405
2026-03-10,7,20247457,신의악단,2025-12-31,1676,1423557,14637600,13565453950,178,198
2026-03-10,8,20250365,햄넷,2026-02-25,1493,47585,14127800,456313130,163,193
2026-03-10,9,20249843,우리에게는 아직 내일이 있다,2026-03-04,1183,9319,6996400,78555880,84,104
2026-03-10,10,20250875,우리는 매일매일,2026-03-04,1030,11794,8629100,99736950,101,116
2026-03-11,1,20242837,왕과 사는 남자,2026-02-04,171419,12055368,1589208240,116154011270,1934,7926
2026-03-11,2,20256283,호퍼스,2026-03-04,11605,348376,114041000,3458878790,659,1588
2026-03-11,3,20232662,삼악도,2026-03-11,11184,11999,94075600,99780600,225,819
2026-03-11,4,20254501,F1 더 무비,2025-06-25,6406,5221391,84644760,55026339130,164,541
2026-03-11,5,20241266,휴민트,2026-02-11,4150,1947339,38687540,19656179140,434,649
2026-03-11,6,20060033,오만과 편견,2006-03-24,2865,887914,29092900,5560337100,151,303
2026-03-11,7,20258074,아르코,2026-03-11,2528,9162,20638500,82425170,233,285
2026-03-11,8,20241501,매드 댄스 오피스,2026-03-04,2088,35383,17048300,312199450,252,299
2026-03-11,9,20261181,너자 2,2026-02-25,1533,59179,8308100,492847500,67,77
2026-03-11,10,20259583,초속 5센티미터,2026-02-25,1355,86026,11778800,817974430,106,125
2026-03-12,1,20242837,왕과 사는 남자,2026-02-04,158644,12214012,1475728440,117629739710,1955,7839
2026-03-12,2,20256283,호퍼스,2026-03-04,9567,357943,94689790,3553568580,649,1467
2026-03-12,3,20232662,삼악도,2026-03-11,7228,19227,62202000,161982600,235,742
2026-03-12,4,20254501,F1 더 무비,2025-06-25,5337,5226728,72087820,55098426950,163,530
2026-03-12,5,20241266,휴민트,2026-02-11,3955,1951294,38399330,19694578470,433,643
2026-03-12,6,20241501,매드 댄스 오피스,2026-03-04,2220,37603,19439200,331638650,248,299
2026-03-12,7,20060033,오만과 편견,2006-03-24,2057,889971,20395900,5580733000,159,311
2026-03-12,8,20258074,아르코,2026-03-11,1451,10613,12012160,94437330,222,263
2026-03-12,9,20247457,신의악단,2025-12-31,1029,1425465,8996200,13582201950,119,145
2026-03-12,10,20259583,초속 5센티미터,2026-02-25,1014,87040,9059500,827033930,97,110
2026-03-13,1,20242837,왕과 사는 남자,2026-02-04,221367,12435379,2180344160,119810083870,2036,8880
2026-03-13,2,20256283,호퍼스,2026-03-04,17445,375388,178612510,3732181090,673,1773
2026-03-13,3,20232662,삼악도,2026-03-11,8864,28091,83118200,245100800,225,747
2026-03-13,4,20254501,F1 더 무비,2025-06-25,6977,5233705,99100390,55197527340,159,415
2026-03-13,5,20241266,휴민트,2026-02-11,4308,1955602,43145400,19737723870,435,655
2026-03-13,6,20253101,극장판 진격의 거인 완결편 더 라스트 어택,2025-03-13,4225,954489,55774550,9837135420,16,52
2026-03-13,7,20060033,오만과 편견,2006-03-24,2466,892437,26971100,5607704100,148,294
2026-03-13,8,20241501,매드 댄스 오피스,2026-03-04,2012,39615,16976200,348614850,254,294
2026-03-13,9,20241575,메소드연기,2026-03-18,1866,2229,16794000,20487000,6,7
2026-03-13,10,20247457,신의악단,2025-12-31,1337,1426802,12047300,13594249250,118,140
2026-03-14,1,20242837,왕과 사는 남자,2026-02-04,554177,12989556,5491509500,125301593370,2262,10416
2026-03-14,2,20256283,호퍼스,2026-03-04,79884,455272,793085070,4525266160,918,2815
2026-03-14,3,20232662,삼악도,2026-03-11,15934,44025,156099300,401200100,226,666
2026-03-14,4,20254501,F1 더 무비,2025-06-25,14269,5247974,199755150,55397282490,166,398
2026-03-14,5,20241266,휴민트,2026-02-11,6640,1962242,66986620,19804710490,361,521
2026-03-14,6,20253101,극장판 진격의 거인 완결편 더 라스트 어택,2025-03-13,3637,958126,47157200,9884292620,16,41
2026-03-14,7,20060033,오만과 편견,2006-03-24,3026,895463,31779600,5639483700,177,278
2026-03-14,8,20250428,센티멘탈 밸류,2026-02-18,2268,57767,23300400,569587410,71,81
2026-03-14,9,20241501,매드 댄스 오피스,2026-03-04,1905,41520,16753860,365368710,184,220
2026-03-14,10,20247457,신의악단,2025-12-31,1775,1428577,16826110,13611075360,104,119
2026-03-15,1,20242837,왕과 사는 남자,2026-02-04,478133,13467689,4706514140,130008107510,2223,9908
2026-03-15,2,20256283,호퍼스,2026-03-04,75888,531160,744129560,5269395720,931,2731
2026-03-15,3,20232662,삼악도,2026-03-11,13360,57385,129347900,530548000,221,639
2026-03-15,4,20254501,F1 더 무비,2025-06-25,13235,5261209,183256340,55580538830,168,382
2026-03-15,5,20241266,휴민트,2026-02-11,5359,1967601,53996480,19858706970,350,495
2026-03-15,6,20247457,신의악단,2025-12-31,3596,1432173,31584200,13642659560,113,128
2026-03-15,7,20253101,극장판 진격의 거인 완결편 더 라스트 어택,2025-03-13,2819,960945,35692840,9919985460,16,38
2026-03-15,8,20060033,오만과 편견,2006-03-24,2649,898112,27953100,5667436800,174,254
2026-03-15,9,20261927,스페셜즈,2026-03-13,2032,3673,26463300,47870800,38,46
2026-03-15,10,20250428,센티멘탈 밸류,2026-02-18,1940,59707,20194020,589781430,60,73
2026-03-16,1,20242837,왕과 사는 남자,2026-02-04,133935,13601624,1264396430,131272503940,1946,8102
2026-03-16,2,20256283,호퍼스,2026-03-04,8186,539346,82666840,5352062560,598,1436
2026-03-16,3,20232662,삼악도,2026-03-11,3743,61128,37192600,567740600,228,638
2026-03-16,4,20241266,휴민트,2026-02-11,3285,1970886,33889800,19892596770,429,670
2026-03-16,5,20060033,오만과 편견,2006-03-24,1410,899522,14318700,5681755500,144,301
2026-03-16,6,20241501,매드 댄스 오피스,2026-03-04,1220,44530,9509000,389673110,206,257
2026-03-16,7,20250365,햄넷,2026-02-25,1015,55081,9790870,530055400,82,91
2026-03-16,8,20261694,투어스 브이알 콘서트 : 러쉬로드,2026-03-04,958,14225,30656000,451495500,1,8
2026-03-16,9,20250428,센티멘탈 밸류,2026-02-18,858,60565,8307700,598089130,58,70
2026-03-16,10,20247457,신의악단,2025-12-31,851,1433024,7677400,13650336960,123,140
2026-03-17,1,20242837,왕과 사는 남자,2026-02-04,120443,13722067,1132734240,132405238180,1969,8121
2026-03-17,2,20256283,호퍼스,2026-03-04,8474,547820,83727090,5435789650,625,1452
2026-03-17,3,20232662,삼악도,2026-03-11,4555,65683,39911800,607652400,232,628
2026-03-17,4,20241266,휴민트,2026-02-11,3371,1974257,35252100,19927848870,423,668
2026-03-17,5,20060033,오만과 편견,2006-03-24,1270,900792,12809000,5694564500,144,287
2026-03-17,6,20247457,신의악단,2025-12-31,1159,1434183,10250600,13660587560,132,153
2026-03-17,7,20250365,햄넷,2026-02-25,1150,56231,11109600,541165000,80,97
2026-03-17,8,20250428,센티멘탈 밸류,2026-02-18,1051,61616,10087500,608176630,70,81
2026-03-17,9,20258074,아르코,2026-03-11,990,15533,7518800,137222860,176,199
2026-03-17,10,20241501,매드 댄스 오피스,2026-03-04,899,45429,7008100,396681210,199,237
2026-03-18,1,20242837,왕과 사는 남자,2026-02-04,124102,13846169,1153768800,133559006980,1533,6026
2026-03-18,2,20261782,프로젝트 헤일메리,2026-03-18,76003,78054,849106500,881072030,1331,4086
2026-03-18,3,20241575,메소드연기,2026-03-18,8268,11856,70933270,108735840,519,779
2026-03-18,4,20256283,호퍼스,2026-03-04,5207,553027,49898700,5485688350,426,594
2026-03-18,5,20261804,폭탄,2026-03-18,3783,5155,26120100,35724100,175,312
2026-03-18,6,20232662,삼악도,2026-03-11,2485,68168,22311700,629964100,190,253
2026-03-18,7,20138661,케이온,2013-06-13,1595,31597,17596100,294168031,50,58
2026-03-18,8,20261437,녹나무의 파수꾼,2026-03-18,1548,1548,14408160,14408160,305,469
2026-03-18,9,19950084,쇼생크 탈출,1995-02-04,1168,58777,11844500,509311486,52,65
2026-03-18,10,20080356,"파리, 텍사스",1987-08-29,1019,8940,9558600,91020000,29,29
2026-03-19,1,20242837,왕과 사는 남자,2026-02-04,107184,13953353,1002153910,134561160890,1563,6045
2026-03-19,2,20261782,프로젝트 헤일메리,2026-03-18,53227,131281,613563010,1494635040,1321,3977
2026-03-19,3,20241575,메소드연기,2026-03-18,6991,18847,60543900,169279740,513,761
2026-03-19,4,20256283,호퍼스,2026-03-04,4621,557648,44784540,5530472890,422,606
2026-03-19,5,20261804,폭탄,2026-03-18,3194,8349,21949100,57673200,176,312
2026-03-19,6,20232662,삼악도,2026-03-11,2543,70711,21249100,651213200,182,254
2026-03-19,7,20060033,오만과 편견,2006-03-24,1285,902878,13114600,5715949300,82,120
2026-03-19,8,20261437,녹나무의 파수꾼,2026-03-18,1120,2668,10394400,24802560,270,389
2026-03-19,9,20261694,투어스 브이알 콘서트 : 러쉬로드,2026-03-04,851,16719,27232000,531303500,1,8
2026-03-19,10,19950084,쇼생크 탈출,1995-02-04,814,59591,8293100,517604586,55,67
2026-03-20,1,20242837,왕과 사는 남자,2026-02-04,147734,14101087,1461726280,136022887170,1607,6633
2026-03-20,2,20261782,프로젝트 헤일메리,2026-03-18,79303,210584,951209620,2445844660,1337,4166
2026-03-20,3,20256283,호퍼스,2026-03-04,8278,565926,83407400,5613880290,482,734
2026-03-20,4,20253101,극장판 진격의 거인 완결편 더 라스트 어택,2025-03-13,6712,969475,87469500,10030091660,60,130
2026-03-20,5,20241575,메소드연기,2026-03-18,6511,25358,59225120,228504860,514,731
2026-03-20,6,20232662,삼악도,2026-03-11,3011,73722,28542000,679755200,196,286
2026-03-20,7,20261804,폭탄,2026-03-18,2918,11267,22589900,80263100,185,309
2026-03-20,8,20060033,오만과 편견,2006-03-24,1290,904168,14219900,5730169200,90,131
2026-03-20,9,20261437,녹나무의 파수꾼,2026-03-18,1044,3712,9758420,34560980,281,381
2026-03-20,10,19950084,쇼생크 탈출,1995-02-04,987,60578,10877200,528481786,52,68
2026-03-21,1,20242837,왕과 사는 남자,2026-02-04,346538,14447625,3442266110,139465153280,1725,7465
2026-03-21,2,20261782,프로젝트 헤일메리,2026-03-18,190040,400624,2180500350,4626345010,1325,4284
2026-03-21,3,20256283,호퍼스,2026-03-04,40650,606576,391199800,6005080090,726,1594
2026-03-21,4,20253101,극장판 진격의 거인 완결편 더 라스트 어택,2025-03-13,10157,979632,127986000,10158077660,60,139
2026-03-21,5,20241575,메소드연기,2026-03-18,9772,35130,98243430,326748290,482,670
2026-03-21,6,20232662,삼악도,2026-03-11,4403,78125,43231500,722986700,181,254
2026-03-21,7,20261804,폭탄,2026-03-18,3707,14974,30445800,110708900,170,269
2026-03-21,8,20261906,명탐정 코난: 세기말의 마술사,2026-03-27,2186,2186,29055600,29055600,13,15
2026-03-21,9,20261437,녹나무의 파수꾼,2026-03-18,1979,5691,19450600,54011580,265,307
2026-03-21,10,19950084,쇼생크 탈출,1995-02-04,1394,61972,16139900,544621686,55,60
2026-03-22,1,20242837,왕과 사는 남자,2026-02-04,309383,14757008,3056861030,142522014310,1714,7133
2026-03-22,2,20261782,프로젝트 헤일메리,2026-03-18,160739,561363,1823666390,6450011400,1332,4089
2026-03-22,3,20256283,호퍼스,2026-03-04,39852,646428,382901380,6387981470,724,1563
2026-03-22,4,20253101,극장판 진격의 거인 완결편 더 라스트 어택,2025-03-13,9782,989414,120377700,10278455360,60,141
2026-03-22,5,20241575,메소드연기,2026-03-18,8592,43722,86146000,412894290,482,645
2026-03-22,6,20232662,삼악도,2026-03-11,4432,82557,39460900,762447600,185,250
2026-03-22,7,20261804,폭탄,2026-03-18,3640,18614,28625600,139334500,175,258
2026-03-22,8,19950084,쇼생크 탈출,1995-02-04,2579,64551,34805500,579427186,56,60
2026-03-22,9,20247457,신의악단,2025-12-31,2112,1438794,18071170,13700927930,56,60
2026-03-22,10,20261437,녹나무의 파수꾼,2026-03-18,1908,7599,18392200,72403780,252,285
2026-03-23,1,20242837,왕과 사는 남자,2026-02-04,85889,14842897,815636140,143337650450,1516,6055
2026-03-23,2,20261782,프로젝트 헤일메리,2026-03-18,42609,603972,501860020,6951871420,1237,3567
2026-03-23,3,20256283,호퍼스,2026-03-04,3858,650286,37730550,6425712020,413,595
2026-03-23,4,20241575,메소드연기,2026-03-18,2773,46495,24631200,437525490,414,575
2026-03-23,5,20253101,극장판 진격의 거인 완결편 더 라스트 어택,2025-03-13,2411,991825,29564900,10308020260,58,133
2026-03-23,6,20232662,삼악도,2026-03-11,1076,83633,11675300,774122900,160,209
2026-03-23,7,20261804,폭탄,2026-03-18,895,19509,8972700,148307200,160,240
2026-03-23,8,20261694,투어스 브이알 콘서트 : 러쉬로드,2026-03-04,610,20813,19520000,662311500,1,8
2026-03-23,9,20060033,오만과 편견,2006-03-24,535,906766,5369100,5757937300,80,119
2026-03-23,10,20261437,녹나무의 파수꾼,2026-03-18,534,8133,4948160,77351940,208,243
2026-03-24,1,20242837,왕과 사는 남자,2026-02-04,78589,14921486,733675220,144071325670,1550,6041
2026-03-24,2,20261782,프로젝트 헤일메리,2026-03-18,40107,644079,466788900,7418660320,1273,3591
2026-03-24,3,20256283,호퍼스,2026-03-04,4279,654565,39292200,6465004220,422,601
2026-03-24,4,20241575,메소드연기,2026-03-18,3392,49887,28070570,465596060,430,582
2026-03-24,5,20254121,살목지,2026-04-08,2784,2784,26792000,26792000,13,15
2026-03-24,6,20253101,극장판 진격의 거인 완결편 더 라스트 어택,2025-03-13,2166,993991,26269500,10334289760,58,133
2026-03-24,7,20232662,삼악도,2026-03-11,1008,84641,10580800,784703700,155,206
2026-03-24,8,20261804,폭탄,2026-03-18,876,20385,8619900,156927100,152,229
2026-03-24,9,20241266,휴민트,2026-02-11,748,1979498,7063800,19979047710,112,120
2026-03-24,10,20060033,오만과 편견,2006-03-24,618,907384,6415600,5764352900,75,110
2026-03-25,1,20242837,왕과 사는 남자,2026-02-04,110068,15031554,869025260,144940350930,1661,6242
2026-03-25,2,20261782,프로젝트 헤일메리,2026-03-18,73500,717579,673641840,8092302160,1333,3544
2026-03-25,3,20253289,극장판 귀멸의 칼날: 무한성편,2025-08-22,7303,5708262,70140000,61480313650,24,61
2026-03-25,4,20253101,극장판 진격의 거인 완결편 더 라스트 어택,2025-03-13,5956,999947,54170200,10388459960,182,329
2026-03-25,5,20256283,호퍼스,2026-03-04,5780,660345,44892200,6509896420,401,504
2026-03-25,6,20257521,프로텍터,2026-03-25,5409,5623,41669960,43595960,413,595
2026-03-25,7,19970100,첨밀밀 ,1997-03-01,4006,6992,32079800,60575800,125,356
2026-03-25,8,20128386,라이프 오브 파이,2013-01-01,3065,1650062,25953300,16410829400,58,126
2026-03-25,9,20241575,메소드연기,2026-03-18,2057,51944,14572300,480168360,232,289
2026-03-25,10,19868242,연지구 디 오리지널 4K,2026-03-25,1402,2718,10979500,26519700,130,175
2026-03-26,1,20242837,왕과 사는 남자,2026-02-04,72421,15103975,678163370,145618514300,1560,5989
2026-03-26,2,20261782,프로젝트 헤일메리,2026-03-18,41233,758812,489495210,8581797370,1290,3513
2026-03-26,3,20253289,극장판 귀멸의 칼날: 무한성편,2025-08-22,4450,5712712,55831400,61536145050,24,60
2026-03-26,4,20257521,프로텍터,2026-03-25,3925,9548,32364700,75960660,374,522
2026-03-26,5,20256283,호퍼스,2026-03-04,3316,663661,32287740,6542184160,369,469
2026-03-26,6,20253101,극장판 진격의 거인 완결편 더 라스트 어택,2025-03-13,2561,1002508,29336300,10417796260,169,302
2026-03-26,7,19970100,첨밀밀 ,1997-03-01,1819,8811,18278900,78854700,121,349
2026-03-26,8,20261804,폭탄,2026-03-18,1433,23192,9784900,176211000,132,184
2026-03-26,9,20241575,메소드연기,2026-03-18,1339,53283,10330900,490499260,211,255
2026-03-26,10,20232662,삼악도,2026-03-11,1073,86600,8920000,800461800,120,166
2026-03-27,1,20242837,왕과 사는 남자,2026-02-04,98161,15202136,969179640,146587693940,1554,6349
2026-03-27,2,20261782,프로젝트 헤일메리,2026-03-18,71435,830247,866191330,9447988700,1301,3690
2026-03-27,3,20261906,명탐정 코난: 세기말의 마술사,2026-03-27,17357,20822,181993900,227472900,238,727
2026-03-27,4,20253289,극장판 귀멸의 칼날: 무한성편,2025-08-22,6359,5719071,84037100,61620182150,24,77
2026-03-27,5,20256283,호퍼스,2026-03-04,5265,668926,51695940,6593880100,384,499
2026-03-27,6,20253101,극장판 진격의 거인 완결편 더 라스트 어택,2025-03-13,3594,1006102,44053000,10461849260,163,305
2026-03-27,7,20257521,프로텍터,2026-03-25,3012,12560,25782900,101743560,355,463
2026-03-27,8,19970100,첨밀밀 ,1997-03-01,2283,11094,24526000,103380700,126,354
2026-03-27,9,20241575,메소드연기,2026-03-18,1893,55176,18334900,508834160,203,258
2026-03-27,10,19868242,연지구 디 오리지널 4K,2026-03-25,1375,4730,13751900,46355800,120,145
2026-03-28,1,20242837,왕과 사는 남자,2026-02-04,225287,15427423,2250771510,148838465450,1583,6890
2026-03-28,2,20261782,프로젝트 헤일메리,2026-03-18,173558,1003805,1999768080,11447756780,1350,4109
2026-03-28,3,20256283,호퍼스,2026-03-04,19928,688854,196527000,6790407100,583,1016
2026-03-28,4,20261906,명탐정 코난: 세기말의 마술사,2026-03-27,17249,38071,178099600,405572500,252,621
2026-03-28,5,20253289,극장판 귀멸의 칼날: 무한성편,2025-08-22,7564,5726635,90784300,61710966450,25,51
2026-03-28,6,20253101,극장판 진격의 거인 완결편 더 라스트 어택,2025-03-13,7200,1013302,85136720,10546985980,169,269
2026-03-28,7,20262179,펫 트레인,2026-03-28,6012,6212,44201500,45601500,182,324
2026-03-28,8,20257521,프로텍터,2026-03-25,3419,15979,30367200,132110760,334,427
2026-03-28,9,20262291,뮤지컬 장수탕 선녀님,2026-03-26,2622,4905,25885500,48220080,134,197
2026-03-28,10,20254121,살목지,2026-04-08,2524,5458,30277900,58569900,80,80
2026-03-29,1,20242837,왕과 사는 남자,2026-02-04,188432,15615855,1869643080,150708108530,1578,6530
2026-03-29,2,20261782,프로젝트 헤일메리,2026-03-18,146841,1150646,1670520370,13118277150,1344,3919
2026-03-29,3,20256283,호퍼스,2026-03-04,19231,708085,191130740,6981537840,572,996
2026-03-29,4,20261906,명탐정 코난: 세기말의 마술사,2026-03-27,13861,51932,141317400,546889900,252,589
2026-03-29,5,20253289,극장판 귀멸의 칼날: 무한성편,2025-08-22,8945,5735580,109390800,61820357250,25,68
2026-03-29,6,20253101,극장판 진격의 거인 완결편 더 라스트 어택,2025-03-13,6052,1019354,70733400,10617719380,161,264
2026-03-29,7,20262179,펫 트레인,2026-03-28,5547,11759,42312400,87913900,184,310
2026-03-29,8,20262291,뮤지컬 장수탕 선녀님,2026-03-26,3027,7932,29326000,77546080,153,211
2026-03-29,9,20257521,프로텍터,2026-03-25,2929,18908,26001000,158111760,321,404
2026-03-29,10,20254121,살목지,2026-04-08,2445,7903,28838300,87408200,80,80
2026-03-30,1,20242837,왕과 사는 남자,2026-02-04,60583,15676438,568106470,151276215000,1451,5578
2026-03-30,2,20261782,프로젝트 헤일메리,2026-03-18,42581,1193227,492054630,13610331780,1271,3430
2026-03-30,3,20261906,명탐정 코난: 세기말의 마술사,2026-03-27,3715,55647,37842700,584732600,204,485
2026-03-30,4,20254121,살목지,2026-04-08,2515,10418,18862500,106270700,10,10
2026-03-30,5,20253289,극장판 귀멸의 칼날: 무한성편,2025-08-22,2209,5737789,27618000,61847975250,23,76
2026-03-30,6,20256283,호퍼스,2026-03-04,2159,710244,21756800,7003294640,301,394
2026-03-30,7,20257521,프로텍터,2026-03-25,1609,20517,13830400,171942160,302,373
2026-03-30,8,20253101,극장판 진격의 거인 완결편 더 라스트 어택,2025-03-13,1543,1020897,17500140,10635219520,142,242
2026-03-30,9,20261694,투어스 브이알 콘서트 : 러쉬로드,2026-03-04,1215,28096,38880000,895367500,1,8
2026-03-30,10,19970100,첨밀밀 ,1997-03-01,1010,16739,9813600,165981800,120,257
2026-03-31,1,20242837,왕과 사는 남자,2026-02-04,55373,15731811,513638460,151789853460,1464,5574
2026-03-31,2,20261782,프로젝트 헤일메리,2026-03-18,41494,1234721,476000190,14086331970,1281,3438
2026-03-31,3,20261906,명탐정 코난: 세기말의 마술사,2026-03-27,3283,58930,32991300,617723900,207,463
2026-03-31,4,20256283,호퍼스,2026-03-04,2566,712810,24377300,7027671940,311,398
2026-03-31,5,20257521,프로텍터,2026-03-25,2268,22785,18265800,190207960,305,371
2026-03-31,6,20253289,극장판 귀멸의 칼날: 무한성편,2025-08-22,1819,5739608,22594600,61870569850,24,79
2026-03-31,7,20253101,극장판 진격의 거인 완결편 더 라스트 어택,2025-03-13,1460,1022357,16468200,10651687720,145,234
2026-03-31,8,19970100,첨밀밀 ,1997-03-01,1212,17951,11684200,177666000,123,276
2026-03-31,9,20232662,삼악도,2026-03-11,1093,92271,8007800,851323000,98,122
2026-03-31,10,20241575,메소드연기,2026-03-18,944,59984,8890200,552806880,160,193
2026-04-01,1,20242837,왕과 사는 남자,2026-02-04,50276,15782087,470692610,152260546070,1408,5158
2026-04-01,2,20261782,프로젝트 헤일메리,2026-03-18,39862,1274583,437951590,14524283560,1244,3291
2026-04-01,3,20261666,네가 마지막으로 남긴 노래,2026-04-01,11414,12967,104864050,121589350,560,1408
2026-04-01,4,20253289,극장판 귀멸의 칼날: 무한성편,2025-08-22,6650,5746258,88475500,61959045350,90,274
2026-04-01,5,20261906,명탐정 코난: 세기말의 마술사,2026-03-27,2959,61889,29376550,647100450,197,380
2026-04-01,6,20262101,킬 빌: 더 홀 블러디 어페어,2026-04-01,2923,3733,57152400,71886700,88,119
2026-04-01,7,20256283,호퍼스,2026-03-04,1862,714672,18696770,7046368710,257,307
2026-04-01,8,20173226,패왕별희 디 오리지널,2017-03-30,1746,156608,19683500,1436477958,54,62
2026-04-01,9,20256757,극장판 체인소 맨: 레제편,2025-09-24,1366,3453440,15854800,36310765300,26,50
2026-04-01,10,19868242,연지구 디 오리지널 4K,2026-03-25,999,8624,11758300,86760400,85,92
2026-04-02,1,20242837,왕과 사는 남자,2026-02-04,39303,15821390,367575210,152628121280,1340,4614
2026-04-02,2,20261782,프로젝트 헤일메리,2026-03-18,31886,1306469,351881680,14876165240,1166,2987
2026-04-02,3,20192680,끝장수사,2026-04-02,13957,14617,123343600,129274600,648,1563
2026-04-02,4,20261666,네가 마지막으로 남긴 노래,2026-04-01,5257,18224,49742770,171332120,489,1031
2026-04-02,5,20253289,극장판 귀멸의 칼날: 무한성편,2025-08-22,4370,5750628,58475500,62017520850,90,275
2026-04-02,6,20261906,명탐정 코난: 세기말의 마술사,2026-03-27,3315,65204,32466300,679566750,183,297
2026-04-02,7,20262463,오피셜히게단디즘 라이브 앳 스타디움 2025,2026-04-02,3178,3178,79407500,79407500,58,84
2026-04-02,8,20256283,호퍼스,2026-03-04,1266,715938,12088700,7058457410,196,218
2026-04-02,9,20247648,내 이름은,2026-04-15,1209,1498,10881000,13482000,4,5
2026-04-02,10,20262101,킬 빌: 더 홀 블러디 어페어,2026-04-01,1047,4780,20604300,92491000,80,111
2026-04-03,1,20261782,프로젝트 헤일메리,2026-03-18,58078,1364547,660357570,15536522810,1305,3459
2026-04-03,2,20242837,왕과 사는 남자,2026-02-04,52071,15873461,514559310,153142680590,1370,4922
2026-04-03,3,20192680,끝장수사,2026-04-02,11763,26380,109757100,239031700,643,1440
2026-04-03,4,20261666,네가 마지막으로 남긴 노래,2026-04-01,7267,25491,76935700,248267820,557,1102
2026-04-03,5,20253289,극장판 귀멸의 칼날: 무한성편,2025-08-22,5903,5756531,85049800,62102570650,90,264
2026-04-03,6,20261906,명탐정 코난: 세기말의 마술사,2026-03-27,3166,68370,33057350,712624100,187,306
2026-04-03,7,20256283,호퍼스,2026-03-04,1639,717577,16469000,7074926410,212,236
2026-04-03,8,20262463,오피셜히게단디즘 라이브 앳 스타디움 2025,2026-04-02,1441,4619,36023500,115431000,56,76
2026-04-03,9,20173226,패왕별희 디 오리지널,2017-03-30,1358,158989,16095100,1464163158,48,57
2026-04-03,10,20253101,극장판 진격의 거인 완결편 더 라스트 어택,2025-03-13,1110,1025105,14174100,10685442670,51,96
2026-04-04,1,20261782,프로젝트 헤일메리,2026-03-18,153841,1518388,1689901980,17226424790,1401,4099
2026-04-04,2,20242837,왕과 사는 남자,2026-02-04,123797,15997258,1240513800,154383194390,1392,5417
2026-04-04,3,20261666,네가 마지막으로 남긴 노래,2026-04-01,16758,42249,186093850,434361670,593,1160
2026-04-04,4,20192680,끝장수사,2026-04-02,16587,42967,158445050,397476750,689,1343
2026-04-04,5,20253289,극장판 귀멸의 칼날: 무한성편,2025-08-22,14918,5771449,207259200,62309829850,90,256
2026-04-04,6,20256283,호퍼스,2026-03-04,11402,728979,113403520,7188329930,463,667
2026-04-04,7,20254121,살목지,2026-04-08,8058,19156,97336800,209841500,116,144
2026-04-04,8,20261906,명탐정 코난: 세기말의 마술사,2026-03-27,6311,74681,62849750,775473850,196,313
2026-04-04,9,20262179,펫 트레인,2026-03-28,3565,15819,26819850,119056450,130,166
2026-04-04,10,20262101,킬 빌: 더 홀 블러디 어페어,2026-04-01,3479,9279,72035500,184799400,97,122
2026-04-05,1,20261782,프로젝트 헤일메리,2026-03-18,117008,1635396,1287677850,18514102640,1376,3915
2026-04-05,2,20242837,왕과 사는 남자,2026-02-04,94406,16091664,947523480,155330717870,1353,5104
2026-04-05,3,20192680,끝장수사,2026-04-02,13346,56313,128078710,525555460,687,1292
2026-04-05,4,20261666,네가 마지막으로 남긴 노래,2026-04-01,11758,54007,125077090,559438760,565,1071
2026-04-05,5,20253289,극장판 귀멸의 칼날: 무한성편,2025-08-22,11077,5782526,149204400,62459034250,90,239
2026-04-05,6,20256283,호퍼스,2026-03-04,9077,738056,92007070,7280337000,463,655
2026-04-05,7,20254121,살목지,2026-04-08,7565,26721,90617700,300459200,112,140
2026-04-05,8,20261906,명탐정 코난: 세기말의 마술사,2026-03-27,5531,80212,54478750,829952600,200,307
2026-04-05,9,20226489,리바운드,2023-04-05,3029,706398,34514400,6781869188,167,182
2026-04-05,10,20262179,펫 트레인,2026-03-28,2748,18567,20880550,139937000,132,165
2026-04-06,1,20242837,왕과 사는 남자,2026-02-04,37815,16129479,358630150,155689348020,1235,4317
2026-04-06,2,20261782,프로젝트 헤일메리,2026-03-18,35092,1670488,386273220,18900375860,1232,3232
2026-04-06,3,20192680,끝장수사,2026-04-02,7164,63477,64805150,590360610,580,1153
2026-04-06,4,20261666,네가 마지막으로 남긴 노래,2026-04-01,3790,57797,35749620,595188380,478,844
2026-04-06,5,20253289,극장판 귀멸의 칼날: 무한성편,2025-08-22,2354,5784880,31784500,62490818750,89,233
2026-04-06,6,20261906,명탐정 코난: 세기말의 마술사,2026-03-27,1353,81565,13469850,843422450,161,228
2026-04-06,7,20256283,호퍼스,2026-03-04,1048,739104,10599650,7290936650,186,206
2026-04-06,8,20262101,킬 빌: 더 홀 블러디 어페어,2026-04-01,983,12341,18160000,247019100,85,109
2026-04-06,9,20253101,극장판 진격의 거인 완결편 더 라스트 어택,2025-03-13,659,1029540,7873700,10739161570,51,88
2026-04-06,10,20261694,투어스 브이알 콘서트 : 러쉬로드,2026-03-04,638,34104,20416000,1087623500,1,8
2026-04-07,1,20242837,왕과 사는 남자,2026-02-04,32132,16161611,297606260,155986954280,1263,4151
2026-04-07,2,20261782,프로젝트 헤일메리,2026-03-18,30580,1701068,335531460,19235907320,1249,3207
2026-04-07,3,20192680,끝장수사,2026-04-02,5932,69409,53277550,643638160,593,1148
2026-04-07,4,20261666,네가 마지막으로 남긴 노래,2026-04-01,4040,61837,36436520,631624900,487,854
2026-04-07,5,20253289,극장판 귀멸의 칼날: 무한성편,2025-08-22,2090,5786970,28485000,62519303750,89,230
2026-04-07,6,20261906,명탐정 코난: 세기말의 마술사,2026-03-27,1242,82807,12378050,855800500,158,231
2026-04-07,7,20256283,호퍼스,2026-03-04,1170,740274,11849000,7302785650,178,195
2026-04-07,8,20259598,두 검사,2026-04-01,941,6171,7542050,55791730,46,52
2026-04-07,9,20253101,극장판 진격의 거인 완결편 더 라스트 어택,2025-03-13,892,1030432,10639600,10749801170,51,88
2026-04-07,10,20262101,킬 빌: 더 홀 블러디 어페어,2026-04-01,829,13170,15411700,262430800,84,104
2026-04-08,1,20254121,살목지,2026-04-08,89911,116824,902587320,1205158520,1191,3873
2026-04-08,2,20261782,프로젝트 헤일메리,2026-03-18,32139,1733207,354308230,19590215550,1139,2967
2026-04-08,3,20242837,왕과 사는 남자,2026-02-04,27524,16189135,255872660,156242826940,1040,3203
2026-04-08,4,20261622,위 리브 인 타임,2026-04-08,5337,6071,35874900,41012900,220,437
2026-04-08,5,20262343,크라임 101,2026-04-08,3513,4025,23454460,31086460,208,436
2026-04-08,6,20192680,끝장수사,2026-04-02,3498,72907,30160150,673798310,411,567
2026-04-08,7,20147727,그랜드 부다페스트 호텔,2014-03-20,3077,838769,34028960,6552734482,81,152
2026-04-08,8,20261666,네가 마지막으로 남긴 노래,2026-04-01,2835,64672,25648950,657273850,298,366
2026-04-08,9,20070602,마녀배달부 키키,2007-11-22,2497,62970,41756000,494581104,27,54
2026-04-08,10,20253289,극장판 귀멸의 칼날: 무한성편,2025-08-22,1208,5788178,15759000,62535062750,79,115
2026-04-09,1,20254121,살목지,2026-04-08,70759,187583,713827430,1918985950,1219,3974
2026-04-09,2,20261782,프로젝트 헤일메리,2026-03-18,33951,1767158,373716480,19963932030,1163,3013
2026-04-09,3,20242837,왕과 사는 남자,2026-02-04,32842,16221977,302668130,156545495070,1062,3241
2026-04-09,4,20261622,위 리브 인 타임,2026-04-08,3638,9709,26511750,67524650,221,437
2026-04-09,5,20192680,끝장수사,2026-04-02,2734,75641,24555920,698354230,350,510
2026-04-09,6,20262343,크라임 101,2026-04-08,2161,6186,15062860,46149320,194,384
2026-04-09,7,20261666,네가 마지막으로 남긴 노래,2026-04-01,2143,66815,19102200,676376050,306,376
2026-04-09,8,20261906,명탐정 코난: 세기말의 마술사,2026-03-27,1681,85531,15312450,881018250,132,162
2026-04-09,9,20253289,극장판 귀멸의 칼날: 무한성편,2025-08-22,1297,5789475,16849000,62551911750,77,114
2026-04-09,10,20173226,패왕별희 디 오리지널,2017-03-30,1069,166168,10596750,1550001108,42,49
2026-04-10,1,20254121,살목지,2026-04-08,111766,299349,1181170280,3100156230,1359,4681
2026-04-10,2,20261782,프로젝트 헤일메리,2026-03-18,56387,1823545,642763830,20606695860,1215,3296
2026-04-10,3,20242837,왕과 사는 남자,2026-02-04,38623,16260600,380872970,156926368040,1050,3371
2026-04-10,4,20261622,위 리브 인 타임,2026-04-08,3657,13366,30071500,97596150,242,438
2026-04-10,5,20192680,끝장수사,2026-04-02,2544,78185,23663600,722017830,337,461
2026-04-10,6,20261666,네가 마지막으로 남긴 노래,2026-04-01,2499,69314,23589460,699965510,313,395
2026-04-10,7,20262343,크라임 101,2026-04-08,2409,8595,17704430,63853750,192,400
2026-04-10,8,20253289,극장판 귀멸의 칼날: 무한성편,2025-08-22,2039,5791514,27713000,62579624750,77,119
2026-04-10,9,20261906,명탐정 코난: 세기말의 마술사,2026-03-27,1474,87005,14605350,895623600,138,170
2026-04-10,10,20241941,좀비딸,2025-07-30,1178,5641601,10602000,53149934990,5,5
2026-04-11,1,20254121,살목지,2026-04-08,226983,526332,2379280370,5479436600,1463,5463
2026-04-11,2,20261782,프로젝트 헤일메리,2026-03-18,121246,1944791,1342573330,21949269190,1264,3643
2026-04-11,3,20242837,왕과 사는 남자,2026-02-04,70653,16331253,713738900,157640106940,1052,3416
2026-04-11,4,20262648,런닝맨: 라이트&쉐도우,2026-04-11,6701,7204,55888450,59409450,196,345
2026-04-11,5,20256283,호퍼스,2026-03-04,5725,748222,57027450,7380355450,296,380
2026-04-11,6,20253289,극장판 귀멸의 칼날: 무한성편,2025-08-22,5467,5796981,71631500,62651256250,77,126
2026-04-11,7,20261622,위 리브 인 타임,2026-04-08,4089,17455,35201900,132798050,230,379
2026-04-11,8,20261666,네가 마지막으로 남긴 노래,2026-04-01,3544,72858,36237950,736203460,292,351
2026-04-11,9,20262343,크라임 101,2026-04-08,3351,11946,24338670,88192420,182,349
2026-04-11,10,20192680,끝장수사,2026-04-02,2655,80840,25826650,747844480,288,411
2026-04-12,1,20254121,살목지,2026-04-08,197669,724001,2064364090,7543800690,1434,5326
2026-04-12,2,20261782,프로젝트 헤일메리,2026-03-18,97319,2042110,1072023060,23021292250,1234,3499
2026-04-12,3,20242837,왕과 사는 남자,2026-02-04,65969,16397222,658868480,158298975420,1019,3253
2026-04-12,4,20262648,런닝맨: 라이트&쉐도우,2026-04-11,5851,13055,49530250,108939700,193,345
2026-04-12,5,20256283,호퍼스,2026-03-04,5824,754046,59100600,7439456050,308,396
2026-04-12,6,20253289,극장판 귀멸의 칼날: 무한성편,2025-08-22,4846,5801827,62355400,62713611650,75,120
2026-04-12,7,20261622,위 리브 인 타임,2026-04-08,3776,21231,28533900,161331950,224,359
2026-04-12,8,20261666,네가 마지막으로 남긴 노래,2026-04-01,3342,76200,34035690,770239150,283,336
2026-04-12,9,20261906,명탐정 코난: 세기말의 마술사,2026-03-27,2623,92145,27130900,948865450,143,165
2026-04-12,9,20262343,크라임 101,2026-04-08,2623,14569,18693220,106885640,182,345
2026-04-13,1,20254121,살목지,2026-04-08,73629,797630,752287270,8296087960,1279,4566
2026-04-13,2,20242837,왕과 사는 남자,2026-02-04,23806,16421028,224412330,158523387750,926,2865
2026-04-13,3,20261782,프로젝트 헤일메리,2026-03-18,23672,2065782,266329670,23287621920,1087,2811
2026-04-13,4,20262343,크라임 101,2026-04-08,1299,15868,8075580,114961220,138,264
2026-04-13,5,20261666,네가 마지막으로 남긴 노래,2026-04-01,1115,77315,10060050,780299200,227,274
2026-04-13,6,20192680,끝장수사,2026-04-02,1070,84082,9610670,777979150,220,285
2026-04-13,7,20253289,극장판 귀멸의 칼날: 무한성편,2025-08-22,928,5802755,11723500,62725335150,69,98
2026-04-13,8,20261622,위 리브 인 타임,2026-04-08,921,22152,8908850,170240800,179,283
2026-04-13,9,20247648,내 이름은,2026-04-15,729,6375,7290000,62316000,2,2
2026-04-13,10,20261906,명탐정 코난: 세기말의 마술사,2026-03-27,599,92744,5879750,954745200,117,133
2026-04-14,1,20254121,살목지,2026-04-08,64686,862316,655595720,8951683680,1312,4589
2026-04-14,2,20242837,왕과 사는 남자,2026-02-04,23854,16444882,215149460,158738537210,957,2823
2026-04-14,3,20261782,프로젝트 헤일메리,2026-03-18,21035,2086817,238224110,23525846030,1083,2704
2026-04-14,4,20247648,내 이름은,2026-04-15,1945,8320,17505000,79821000,10,10
2026-04-14,5,20262343,크라임 101,2026-04-08,1878,17746,10339850,125301070,158,294
2026-04-14,6,20261666,네가 마지막으로 남긴 노래,2026-04-01,1472,78787,12706270,793005470,253,298
2026-04-14,7,20192680,끝장수사,2026-04-02,1107,85189,9973500,787952650,250,315
2026-04-14,8,20253289,극장판 귀멸의 칼날: 무한성편,2025-08-22,949,5803704,12356000,62737691150,68,102
2026-04-14,9,20261622,위 리브 인 타임,2026-04-08,763,22915,7354350,177595150,179,284
2026-04-14,10,20259598,두 검사,2026-04-01,573,10800,5365270,99909940,35,39
2026-04-15,1,20254121,살목지,2026-04-08,68743,931059,693399620,9645083300,1324,4776
2026-04-15,2,20261782,프로젝트 헤일메리,2026-03-18,21338,2108155,235913980,23761760010,966,2387
2026-04-15,3,20242837,왕과 사는 남자,2026-02-04,20422,16465304,184510230,158923047440,777,2047
2026-04-15,4,20247648,내 이름은,2026-04-15,17069,25389,142110180,221931180,667,1594
2026-04-15,5,20070602,마녀배달부 키키,2007-11-22,9821,77563,113331250,696163854,346,547
2026-04-15,6,20262383,쉘터,2026-04-15,3789,3789,25533300,25533300,174,298
2026-04-15,7,20249507,극장판 하이큐!! 쓰레기장의 결전,2024-05-15,2336,748321,29562600,7675507067,108,153
2026-04-15,8,20261622,위 리브 인 타임,2026-04-08,2282,25197,13409300,191004450,134,176
2026-04-15,9,19980231,트루먼 쇼,1998-10-24,2101,22092,22443050,167480550,69,164
2026-04-15,10,20259339,힌드의 목소리,2026-04-15,1742,4592,14327150,44614420,116,145
2026-04-16,1,20254121,살목지,2026-04-08,58662,989721,593089560,10238172860,1322,4732
2026-04-16,2,20242837,왕과 사는 남자,2026-02-04,19251,16484555,170766100,159093813540,769,2011
2026-04-16,3,20261782,프로젝트 헤일메리,2026-03-18,19228,2127383,220868640,23982628650,932,2328
2026-04-16,4,20247648,내 이름은,2026-04-15,13799,39188,117996340,339927520,667,1566
2026-04-16,5,20070602,마녀배달부 키키,2007-11-22,3043,80606,31878240,728042094,326,484
2026-04-16,6,20262811,"극장판 총집편 걸즈 밴드 크라이 있잖아, 미래.",2026-04-16,2920,2920,30334020,30334020,100,136
2026-04-16,7,20262383,쉘터,2026-04-15,2840,6629,18448800,43982100,167,284
2026-04-16,8,20240532,짱구,2026-04-22,2792,3081,25128000,27729000,13,14
2026-04-16,9,20261622,위 리브 인 타임,2026-04-08,1890,27087,11511550,202516000,127,171
2026-04-16,10,20259339,힌드의 목소리,2026-04-15,1368,5960,11371300,55985720,105,135
2026-04-17,1,20254121,살목지,2026-04-08,98966,1088687,1038291850,11276464710,1375,5168
2026-04-17,2,20261782,프로젝트 헤일메리,2026-03-18,32892,2160275,387715390,24370344040,1005,2563
2026-04-17,3,20242837,왕과 사는 남자,2026-02-04,23919,16508474,231546470,159325360010,771,2073
2026-04-17,4,20247648,내 이름은,2026-04-15,16192,55380,142820790,482748310,660,1489
2026-04-17,5,20070602,마녀배달부 키키,2007-11-22,3916,84522,42360070,770402164,327,459
2026-04-17,6,20262907,고트: 더 레전드,2026-04-17,2472,2623,21409250,22768250,339,423
2026-04-17,7,20262639,노멀,2026-04-17,2366,2898,17046850,20789350,129,246
2026-04-17,8,20262383,쉘터,2026-04-15,2291,8920,16216800,60198900,167,264
2026-04-17,9,19980231,트루먼 쇼,1998-10-24,1624,24881,18314350,198289450,70,150
2026-04-17,10,20261622,위 리브 인 타임,2026-04-08,1343,28430,9877500,212393500,134,168
2026-04-18,1,20254121,살목지,2026-04-08,211494,1300181,2188439110,13464903820,1511,6142
2026-04-18,2,20261782,프로젝트 헤일메리,2026-03-18,76956,2237231,871270050,25241614090,1053,2832
2026-04-18,3,20242837,왕과 사는 남자,2026-02-04,43814,16552288,445427830,159770787840,807,2200
2026-04-18,4,20247648,내 이름은,2026-04-15,23796,79176,223015860,705764170,694,1454
2026-04-18,5,20262907,고트: 더 레전드,2026-04-17,7729,10352,68904800,91673050,505,789
2026-04-18,6,20070602,마녀배달부 키키,2007-11-22,7306,91828,91162220,861564384,361,450
2026-04-18,7,20262383,쉘터,2026-04-15,3125,12045,22799600,82998500,167,243
2026-04-18,8,19980231,트루먼 쇼,1998-10-24,2557,27438,31815600,230105050,88,138
2026-04-18,9,20262639,노멀,2026-04-17,2471,5369,17827450,38616800,133,239
2026-04-18,10,20249507,극장판 하이큐!! 쓰레기장의 결전,2024-05-15,2244,752424,28963600,7728897467,92,113
2026-04-19,1,20254121,살목지,2026-04-08,161640,1461821,1664648140,15129551960,1465,5882
2026-04-19,2,20261782,프로젝트 헤일메리,2026-03-18,60871,2298102,683373850,25924987940,1039,2734
2026-04-19,3,20242837,왕과 사는 남자,2026-02-04,37222,16589510,373704980,160144492820,812,2106
2026-04-19,4,20247648,내 이름은,2026-04-15,20963,100139,194944920,900709090,681,1426
2026-04-19,5,20262907,고트: 더 레전드,2026-04-17,8682,19034,78643730,170316780,496,800
2026-04-19,6,20070602,마녀배달부 키키,2007-11-22,5666,97494,72982610,934546994,351,435
2026-04-19,7,20262383,쉘터,2026-04-15,3286,15331,22517350,105515850,172,250
2026-04-19,8,20249507,극장판 하이큐!! 쓰레기장의 결전,2024-05-15,2313,754737,29425800,7758323267,93,110
2026-04-19,9,20262639,노멀,2026-04-17,2183,7552,15617250,54234050,121,217
2026-04-19,10,20253289,극장판 귀멸의 칼날: 무한성편,2025-08-22,2147,5809650,24984200,62808149050,57,61
2026-04-20,1,20254121,살목지,2026-04-08,46984,1508805,473283220,15602835180,1258,4669
2026-04-20,2,20261782,프로젝트 헤일메리,2026-03-18,16038,2314140,179914270,26104902210,905,2179
2026-04-20,3,20242837,왕과 사는 남자,2026-02-04,14322,16603832,133738030,160278230850,700,1779
2026-04-20,4,20247648,내 이름은,2026-04-15,8714,108853,74533540,975242630,585,1311
2026-04-20,5,20070602,마녀배달부 키키,2007-11-22,1521,99015,16513650,951060644,270,336
2026-04-20,6,20262639,노멀,2026-04-17,965,8517,6923650,61157700,109,186
2026-04-20,7,20262907,고트: 더 레전드,2026-04-17,854,19888,7016900,177333680,240,274
2026-04-20,8,20262383,쉘터,2026-04-15,851,16182,7082200,112598050,146,217
2026-04-20,9,20259339,힌드의 목소리,2026-04-15,696,11161,5728410,101992580,99,112
2026-04-20,10,19980231,트루먼 쇼,1998-10-24,540,29792,5747700,257754400,74,122
2026-04-21,1,20254121,살목지,2026-04-08,39689,1548494,399760410,16002595590,1253,4516
2026-04-21,2,20261782,프로젝트 헤일메리,2026-03-18,14892,2329032,168700350,26273602560,900,2144
2026-04-21,3,20242837,왕과 사는 남자,2026-02-04,13628,16617460,125060270,160403291120,706,1752
2026-04-21,4,20247648,내 이름은,2026-04-15,9798,118651,78723810,1053966440,624,1358
2026-04-21,5,20262639,노멀,2026-04-17,1922,10439,11581600,72739300,124,214
2026-04-21,6,20070602,마녀배달부 키키,2007-11-22,1806,100821,18736330,969796974,271,326
2026-04-21,7,20262383,쉘터,2026-04-15,1714,17896,11131850,123729900,159,233
2026-04-21,8,20259339,힌드의 목소리,2026-04-15,1185,12346,9423560,111416140,112,130
2026-04-21,9,20262907,고트: 더 레전드,2026-04-17,891,20779,7328370,184662050,238,276
2026-04-21,10,20250411,미야자키 하야오의 그대들은 어떻게 살 것인가,2026-04-15,798,6091,4761800,44711510,78,96
2026-04-22,1,20254121,살목지,2026-04-08,43400,1591894,435423360,16438018950,1172,4155
2026-04-22,2,20262685,란 12.3,2026-04-22,37037,38078,371416510,382479510,842,2156
2026-04-22,3,20240532,짱구,2026-04-22,26848,31893,246020890,298155690,693,1672
2026-04-22,4,20261782,프로젝트 헤일메리,2026-03-18,17656,2346688,202128560,26475731120,718,1657
2026-04-22,5,20242837,왕과 사는 남자,2026-02-04,10893,16628353,102077760,160505368880,611,1333
2026-04-22,6,20247648,내 이름은,2026-04-15,8333,126984,73581450,1127547890,552,977
2026-04-22,7,20262657,리 크로닌의 미이라,2026-04-22,6378,7652,65681090,78486090,368,610
2026-04-22,8,20262775,기동전사 건담: 섬광의 하사웨이 키르케의 마녀,2026-04-22,5076,5076,78196000,78196000,90,149
2026-04-22,9,20262776,르누아르,2026-04-22,3468,4209,21917500,29474500,127,239
2026-04-22,10,20070602,마녀배달부 키키,2007-11-22,3253,104074,29680400,999477374,119,141
2026-04-23,1,20254121,살목지,2026-04-08,48405,1640299,491825750,16929844700,1150,4090
2026-04-23,2,20240532,짱구,2026-04-22,20639,52532,191648240,489803930,678,1584
2026-04-23,3,20262685,란 12.3,2026-04-22,17231,55309,170903750,553383260,787,1990
2026-04-23,4,20261782,프로젝트 헤일메리,2026-03-18,15223,2361911,177415070,26653146190,721,1664
2026-04-23,5,20242837,왕과 사는 남자,2026-02-04,11285,16639638,103385170,160608754050,642,1346
2026-04-23,6,20247648,내 이름은,2026-04-15,7089,134073,61750050,1189297940,532,903
2026-04-23,7,20262657,리 크로닌의 미이라,2026-04-22,4459,12111,46734280,125220370,346,561
2026-04-23,8,20088147,줄무늬 파자마를 입은 소년,2026-04-23,3270,3604,19611100,23448700,153,213
2026-04-23,9,20262775,기동전사 건담: 섬광의 하사웨이 키르케의 마녀,2026-04-22,2539,7615,39252000,117448000,90,149
2026-04-23,10,20262639,노멀,2026-04-17,1744,13827,9932100,92062200,91,108
2026-04-24,1,20254121,살목지,2026-04-08,86527,1726826,914624580,17844469280,1263,4783
2026-04-24,2,20261782,프로젝트 헤일메리,2026-03-18,26138,2388049,315679320,26968825510,748,1838
2026-04-24,3,20240532,짱구,2026-04-22,24822,77354,241048860,730852790,733,1728
2026-04-24,4,20262685,란 12.3,2026-04-22,17228,72537,180305910,733689170,739,1933
2026-04-24,5,20242837,왕과 사는 남자,2026-02-04,14695,16654333,142824230,160751578280,663,1443
2026-04-24,6,20247648,내 이름은,2026-04-15,6550,140623,59941000,1249238940,546,916
2026-04-24,7,20262657,리 크로닌의 미이라,2026-04-22,4854,16965,55164170,180384540,366,582
2026-04-24,8,20262775,기동전사 건담: 섬광의 하사웨이 키르케의 마녀,2026-04-22,2842,10457,46815500,164263500,90,147
2026-04-24,9,20070602,마녀배달부 키키,2007-11-22,1783,107516,17183330,1031745684,123,147
2026-04-24,10,20262639,노멀,2026-04-17,1775,15602,9612600,101674800,52,66
2026-04-25,1,20254121,살목지,2026-04-08,147850,1874676,1544389690,19388858970,1378,5625
2026-04-25,2,20261782,프로젝트 헤일메리,2026-03-18,56289,2444338,667492690,27636318200,800,2084
2026-04-25,3,20240532,짱구,2026-04-22,44479,121833,444352600,1175205390,857,1938
2026-04-25,4,20262685,란 12.3,2026-04-22,32762,105299,337920310,1071609480,652,1972
2026-04-25,5,20242837,왕과 사는 남자,2026-02-04,27383,16681716,279696810,161031275090,687,1644
2026-04-25,6,20247648,내 이름은,2026-04-15,10368,150991,99718500,1348957440,562,912
2026-04-25,7,20262657,리 크로닌의 미이라,2026-04-22,6491,23456,72656260,253040800,345,499
2026-04-25,8,20262775,기동전사 건담: 섬광의 하사웨이 키르케의 마녀,2026-04-22,4441,14898,67305600,231569100,90,147
2026-04-25,9,20070602,마녀배달부 키키,2007-11-22,4302,111818,50437950,1082183634,146,172
2026-04-25,10,20262907,고트: 더 레전드,2026-04-17,3617,26148,32711310,231799350,335,432
2026-04-26,1,20254121,살목지,2026-04-08,109078,1983754,1133087750,20521946720,1349,5326
2026-04-26,2,20261782,프로젝트 헤일메리,2026-03-18,46552,2490890,541382840,28177701040,796,2008
2026-04-26,3,20240532,짱구,2026-04-22,42065,163898,421721840,1596927230,878,1925
2026-04-26,4,20262685,란 12.3,2026-04-22,28349,133648,289701060,1361310540,647,1865
2026-04-26,5,20242837,왕과 사는 남자,2026-02-04,25080,16706796,254317380,161285592470,674,1576
2026-04-26,6,20247648,내 이름은,2026-04-15,10615,161606,99366130,1448323570,558,883
2026-04-26,7,20262657,리 크로닌의 미이라,2026-04-22,4731,28187,53875420,306916220,332,471
2026-04-26,8,20262907,고트: 더 레전드,2026-04-17,3908,30056,35797310,267596660,330,415
2026-04-26,9,20070602,마녀배달부 키키,2007-11-22,3877,115695,50343200,1132526834,128,155
2026-04-26,10,20262775,기동전사 건담: 섬광의 하사웨이 키르케의 마녀,2026-04-22,3513,18411,51733000,283302100,90,146
2026-04-27,1,20254121,살목지,2026-04-08,41902,2025656,432784450,20954731170,1114,4129
2026-04-27,2,20240532,짱구,2026-04-22,15630,179528,151815590,1748742820,680,1690
2026-04-27,3,20261782,프로젝트 헤일메리,2026-03-18,15612,2506502,177733770,28355434810,686,1660
2026-04-27,4,20242837,왕과 사는 남자,2026-02-04,10114,16716910,97179210,161382771680,599,1323
2026-04-27,5,20262685,란 12.3,2026-04-22,7279,140927,71385200,1432695740,576,1530
2026-04-27,6,20247648,내 이름은,2026-04-15,4074,165680,36130300,1484453870,450,767
2026-04-27,7,20262657,리 크로닌의 미이라,2026-04-22,2758,30945,29366870,336283090,314,450
2026-04-27,8,20262775,기동전사 건담: 섬광의 하사웨이 키르케의 마녀,2026-04-22,1329,19740,19936000,303238100,88,138
2026-04-27,9,20259791,악마는 프라다를 입는다 2,2026-04-29,1001,1001,9009000,9009000,3,4
2026-04-27,10,20070602,마녀배달부 키키,2007-11-22,949,116644,8928950,1141455784,106,128
2026-04-28,1,20254121,살목지,2026-04-08,51175,2076831,516037650,21470768820,1152,4209
2026-04-28,2,20261782,프로젝트 헤일메리,2026-03-18,16822,2523324,187617430,28543052240,705,1671
2026-04-28,3,20240532,짱구,2026-04-22,15554,195082,148879770,1897622590,691,1717
2026-04-28,4,20242837,왕과 사는 남자,2026-02-04,11671,16728581,108013420,161490785100,614,1343
2026-04-28,5,20262685,란 12.3,2026-04-22,8011,148938,78977470,1511673210,581,1528
2026-04-28,6,20247648,내 이름은,2026-04-15,5077,170757,44141750,1528595620,491,826
2026-04-28,7,20262657,리 크로닌의 미이라,2026-04-22,2746,33691,29566140,365849230,316,450
2026-04-28,8,20262776,르누아르,2026-04-22,1942,13670,9449780,108415470,132,216
2026-04-28,9,20262775,기동전사 건담: 섬광의 하사웨이 키르케의 마녀,2026-04-22,1449,21189,21470500,324708600,88,136
2026-04-28,10,20070602,마녀배달부 키키,2007-11-22,1292,117936,11750000,1153205784,114,140
2026-04-29,1,20259791,악마는 프라다를 입는다 2,2026-04-29,150767,151768,1228075630,1237084630,1578,6165
2026-04-29,2,20259773,슈퍼 마리오 갤럭시,2026-04-29,60433,63460,516365150,554479150,1166,4173
2026-04-29,3,20254121,살목지,2026-04-08,59050,2135881,474448900,21945217720,845,2113
2026-04-29,4,20261782,프로젝트 헤일메리,2026-03-18,13393,2536717,123609740,28666661980,407,548
2026-04-29,5,20240532,짱구,2026-04-22,13237,208319,107524750,2005147340,523,826
2026-04-29,6,20262685,란 12.3,2026-04-22,6002,154940,51844760,1563517970,382,511
2026-04-29,7,20242837,왕과 사는 남자,2026-02-04,5848,16734429,48142500,161538927600,245,331
2026-04-29,8,20247648,내 이름은,2026-04-15,5752,176509,43230850,1571826470,217,296
2026-04-29,9,20262775,기동전사 건담: 섬광의 하사웨이 키르케의 마녀,2026-04-22,3083,24272,21421100,346129700,94,127
2026-04-29,10,20070602,마녀배달부 키키,2007-11-22,2037,119973,17069060,1170274844,70,74
2026-04-30,1,20254121,살목지,2026-04-08,102147,2238028,994936100,22940153820,957,2477
2026-04-30,2,20259791,악마는 프라다를 입는다 2,2026-04-29,101438,253206,1000524880,2237609510,1540,6202
2026-04-30,3,20259773,슈퍼 마리오 갤럭시,2026-04-29,47020,110480,462243870,1016723020,1162,4000
2026-04-30,4,20261782,프로젝트 헤일메리,2026-03-18,16797,2553514,181900540,28848562520,449,606
2026-04-30,5,20240532,짱구,2026-04-22,16278,224597,147456310,2152603650,539,886
2026-04-30,6,20262685,란 12.3,2026-04-22,7005,161945,65626860,1629144830,373,514
2026-04-30,7,20242837,왕과 사는 남자,2026-02-04,6652,16741081,60838460,161599766060,271,370
2026-04-30,8,20259626,마이클,2026-05-13,6378,7002,60048000,70656000,34,34
2026-04-30,9,20247648,내 이름은,2026-04-15,4506,181015,39611900,1611438370,212,297
2026-04-30,10,20070602,마녀배달부 키키,2007-11-22,2882,122855,33607350,1203882194,76,85
2026-05-01,1,20259773,슈퍼 마리오 갤럭시,2026-04-29,231103,341583,2266937540,3283660560,1577,6184
2026-05-01,2,20259791,악마는 프라다를 입는다 2,2026-04-29,183788,436994,1896598430,4134207940,1418,5804
2026-05-01,3,20254121,살목지,2026-04-08,146272,2384300,1513571410,24453725230,1164,3003
2026-05-01,4,20261782,프로젝트 헤일메리,2026-03-18,32974,2586488,395468670,29244031190,422,580
2026-05-01,5,20240532,짱구,2026-04-22,24579,249176,248391180,2400994830,473,748
2026-05-01,6,20262685,란 12.3,2026-04-22,13643,175588,135132260,1764277090,274,334
2026-05-01,7,20242837,왕과 사는 남자,2026-02-04,12119,16753200,119421970,161719188030,252,322
2026-05-01,8,20247648,내 이름은,2026-04-15,3634,184649,33859250,1645297620,177,221
2026-05-01,9,20263327,사랑의 하츄핑 특별판,2026-05-01,3321,3321,31612550,31612550,295,352
2026-05-01,10,20262775,기동전사 건담: 섬광의 하사웨이 키르케의 마녀,2026-04-22,2365,29093,24853100,390632350,84,100
2026-05-02,1,20259773,슈퍼 마리오 갤럭시,2026-04-29,157833,499416,1568221270,4851881830,1608,6089
2026-05-02,2,20259791,악마는 프라다를 입는다 2,2026-04-29,153936,590930,1596603230,5730811170,1368,5318
2026-05-02,3,20254121,살목지,2026-04-08,128023,2512323,1320311580,25774036810,1318,3490
2026-05-02,4,20261782,프로젝트 헤일메리,2026-03-18,31577,2618065,376655680,29620686870,464,643
2026-05-02,5,20240532,짱구,2026-04-22,24202,273378,244209220,2645204050,509,798
2026-05-02,6,20242837,왕과 사는 남자,2026-02-04,11581,16764781,115444720,161834632750,290,378
2026-05-02,7,20262685,란 12.3,2026-04-22,11115,186703,110344450,1874621540,280,343
2026-05-02,8,20247648,내 이름은,2026-04-15,3423,188072,32751400,1678049020,169,209
2026-05-02,9,20262775,기동전사 건담: 섬광의 하사웨이 키르케의 마녀,2026-04-22,2250,31343,24016600,414648950,84,96
2026-05-02,10,20070602,마녀배달부 키키,2007-11-22,1967,126203,21331400,1239798694,55,57
2026-05-03,1,20259773,슈퍼 마리오 갤럭시,2026-04-29,186521,685937,1826682060,6678563890,1589,5900
2026-05-03,2,20259791,악마는 프라다를 입는다 2,2026-04-29,145089,736019,1493406370,7224217540,1332,5081
2026-05-03,3,20254121,살목지,2026-04-08,123702,2636025,1265932690,27039969500,1349,3589
2026-05-03,4,20261782,프로젝트 헤일메리,2026-03-18,31520,2649585,370072580,29990759450,486,686
2026-05-03,5,20240532,짱구,2026-04-22,25123,298501,252956770,2898160820,535,826
2026-05-03,6,20242837,왕과 사는 남자,2026-02-04,14719,16779500,145790330,161980423080,322,416
2026-05-03,7,20262685,란 12.3,2026-04-22,12395,199098,122765160,1997386700,320,409
2026-05-03,8,20247648,내 이름은,2026-04-15,3901,191973,35268260,1713317280,177,215
2026-05-03,9,20263327,사랑의 하츄핑 특별판,2026-05-01,2471,7543,23627760,72219760,252,280
2026-05-03,10,20262906,극장판 반짝반짝 달님이: 싱어롱 파티,2026-05-01,1833,5950,17458400,56111300,164,235
2026-05-04,1,20259773,슈퍼 마리오 갤럭시,2026-04-29,141462,827399,1296316620,7974880510,1487,5546
2026-05-04,2,20259791,악마는 프라다를 입는다 2,2026-04-29,98410,834429,959650750,8183868290,1252,4778
2026-05-04,3,20254121,살목지,2026-04-08,91937,2727962,892403820,27932373320,1216,3695
2026-05-04,4,20261782,프로젝트 헤일메리,2026-03-18,26249,2675834,293826210,30284585660,522,755
2026-05-04,5,20240532,짱구,2026-04-22,15623,314124,149130540,3047291360,497,797
2026-05-04,6,20242837,왕과 사는 남자,2026-02-04,10724,16790224,99629370,162080052450,325,437
2026-05-04,7,20262685,란 12.3,2026-04-22,6817,205915,64661800,2062048500,330,430
2026-05-04,8,20247648,내 이름은,2026-04-15,2220,194193,21690300,1735007580,146,185
2026-05-04,9,20263327,사랑의 하츄핑 특별판,2026-05-01,1496,9039,13780700,86000460,213,237
2026-05-04,10,20262775,기동전사 건담: 섬광의 하사웨이 키르케의 마녀,2026-04-22,1436,34545,13365900,446921150,85,96
2026-05-05,1,20259773,슈퍼 마리오 갤럭시,2026-04-29,283280,1110679,2732284910,10707165420,1847,6853
2026-05-05,2,20259791,악마는 프라다를 입는다 2,2026-04-29,124686,959115,1270274500,9454142790,1199,4038
2026-05-05,3,20254121,살목지,2026-04-08,108212,2836174,1105314490,29037687810,1233,3333
2026-05-05,4,20261782,프로젝트 헤일메리,2026-03-18,30809,2706643,357831060,30642416720,496,708
2026-05-05,5,20240532,짱구,2026-04-22,19000,333124,188177010,3235468370,505,754
2026-05-05,6,20242837,왕과 사는 남자,2026-02-04,13309,16803533,131301150,162211353600,350,455
2026-05-05,7,20262685,란 12.3,2026-04-22,8889,214804,86380500,2148429000,268,330
2026-05-05,8,20263327,사랑의 하츄핑 특별판,2026-05-01,3284,12323,31415900,117416360,254,299
2026-05-05,9,20262906,극장판 반짝반짝 달님이: 싱어롱 파티,2026-05-01,2342,9515,22656650,89495750,169,238
2026-05-05,10,20247648,내 이름은,2026-04-15,2073,196266,19394600,1754402180,140,165
2026-05-06,1,20259791,악마는 프라다를 입는다 2,2026-04-29,35509,994624,353401880,9807544670,1158,3912
2026-05-06,2,20254121,살목지,2026-04-08,20988,2857162,213027110,29250714920,961,2874
2026-05-06,3,20259773,슈퍼 마리오 갤럭시,2026-04-29,13523,1124202,129249190,10836414610,900,2280
2026-05-06,4,20261782,프로젝트 헤일메리,2026-03-18,9281,2715924,105995390,30748412110,488,807
2026-05-06,5,20240532,짱구,2026-04-22,7081,340205,64895270,3300363640,448,722
2026-05-06,6,20242837,왕과 사는 남자,2026-02-04,3299,16806832,30149800,162241503400,324,438
2026-05-06,7,20262947,모탈 컴뱃 2,2026-05-06,2543,2709,27663250,29157250,365,592
2026-05-06,8,20262685,란 12.3,2026-04-22,2227,217031,21038300,2169467300,253,335
2026-05-06,9,20261943,올 그린스,2026-05-06,2194,2694,15269950,19079950,133,201
2026-05-06,10,20262775,기동전사 건담: 섬광의 하사웨이 키르케의 마녀,2026-04-22,1954,37573,13234400,471698600,55,61
2026-05-07,1,20259791,악마는 프라다를 입는다 2,2026-04-29,31480,1026104,313116700,10120661370,1173,3792
2026-05-07,2,20254121,살목지,2026-04-08,18283,2875445,185687020,29436401940,929,2748
2026-05-07,3,20259773,슈퍼 마리오 갤럭시,2026-04-29,10471,1134673,101582780,10937997390,880,2003
2026-05-07,4,20261782,프로젝트 헤일메리,2026-03-18,8492,2724416,98177580,30846589690,543,859
2026-05-07,5,20259626,마이클,2026-05-13,8113,15115,73401000,144057000,45,45
2026-05-07,6,20240532,짱구,2026-04-22,5142,345347,49583740,3349947380,457,734
2026-05-07,7,20242837,왕과 사는 남자,2026-02-04,3922,16810754,34783450,162276286850,361,494
2026-05-07,8,20262685,란 12.3,2026-04-22,2431,219462,22746200,2192213500,275,381
2026-05-07,9,20262947,모탈 컴뱃 2,2026-05-06,1706,4415,17902650,47059900,358,515
2026-05-07,10,20247648,내 이름은,2026-04-15,1592,199603,13816050,1783961130,126,167
2026-05-08,1,20259791,악마는 프라다를 입는다 2,2026-04-29,42875,1068979,439076090,10559737460,1182,4046
2026-05-08,2,20254121,살목지,2026-04-08,26377,2901822,276930830,29713332770,996,3233
2026-05-08,3,20259773,슈퍼 마리오 갤럭시,2026-04-29,17524,1152197,168721020,11106718410,924,2350
2026-05-08,4,20261782,프로젝트 헤일메리,2026-03-18,12485,2736901,151858280,30998447970,568,955
2026-05-08,5,20240532,짱구,2026-04-22,6118,351465,61352800,3411300180,473,813
2026-05-08,6,20242837,왕과 사는 남자,2026-02-04,5823,16816577,54004050,162330290900,424,598
2026-05-08,7,20262685,란 12.3,2026-04-22,2393,221855,24332350,2216545850,301,414
2026-05-08,8,20262947,모탈 컴뱃 2,2026-05-06,2135,6550,24040050,71099950,362,526
2026-05-08,9,20247648,내 이름은,2026-04-15,2056,201659,17033600,1800994730,106,144
2026-05-08,10,20262775,기동전사 건담: 섬광의 하사웨이 키르케의 마녀,2026-04-22,757,39306,6347700,485148900,52,58
2026-05-09,1,20259791,악마는 프라다를 입는다 2,2026-04-29,84302,1153281,880958490,11440695950,1162,4165
2026-05-09,2,20259773,슈퍼 마리오 갤럭시,2026-04-29,84026,1236223,817825580,11924543990,1435,4789
2026-05-09,3,20254121,살목지,2026-04-08,64731,2966553,672255250,30385588020,1083,3863
2026-05-09,4,20261782,프로젝트 헤일메리,2026-03-18,25296,2762197,319634340,31318082310,605,1107
2026-05-09,5,20240532,짱구,2026-04-22,12913,364378,132699780,3543999960,498,900
2026-05-09,6,20242837,왕과 사는 남자,2026-02-04,8658,16825235,87749830,162418040730,400,596
2026-05-09,7,20262685,란 12.3,2026-04-22,4322,226177,43943760,2260489610,305,405
2026-05-09,8,20262947,모탈 컴뱃 2,2026-05-06,3159,9709,37534140,108634090,365,447
2026-05-09,9,20247648,내 이름은,2026-04-15,1545,203204,13772500,1814767230,104,127
2026-05-09,10,20261943,올 그린스,2026-05-06,1228,5847,11126200,45345750,120,147
2026-05-10,1,20259773,슈퍼 마리오 갤럭시,2026-04-29,82482,1318705,799922360,12724466350,1422,4618
2026-05-10,2,20259791,악마는 프라다를 입는다 2,2026-04-29,68336,1221617,709762320,12150458270,1132,3898
2026-05-10,3,20254121,살목지,2026-04-08,56204,3022757,581454750,30967042770,1088,3653
2026-05-10,4,20261782,프로젝트 헤일메리,2026-03-18,20769,2782966,257972810,31576055120,608,1047
2026-05-10,5,20240532,짱구,2026-04-22,12231,376609,125904100,3669904060,494,869
2026-05-10,6,20242837,왕과 사는 남자,2026-02-04,8286,16833521,83398400,162501439130,385,566
2026-05-10,7,20262685,란 12.3,2026-04-22,4210,230387,41936150,2302425760,297,398
2026-05-10,8,20262947,모탈 컴뱃 2,2026-05-06,2340,12049,27477950,136112040,335,404
2026-05-10,9,20247648,내 이름은,2026-04-15,1540,204744,13356750,1828123980,97,122
2026-05-10,10,20262775,기동전사 건담: 섬광의 하사웨이 키르케의 마녀,2026-04-22,819,41274,8243550,504130900,50,53
2026-05-11,1,20259791,악마는 프라다를 입는다 2,2026-04-29,24856,1246473,250692610,12401150880,1079,3498
2026-05-11,2,20254121,살목지,2026-04-08,14561,3037318,149637230,31116680000,878,2641
2026-05-11,3,20259773,슈퍼 마리오 갤럭시,2026-04-29,7191,1325896,72856350,12797322700,733,1685
2026-05-11,4,20261782,프로젝트 헤일메리,2026-03-18,7049,2790015,86328020,31662383140,546,934
2026-05-11,5,20240532,짱구,2026-04-22,4447,381056,43781220,3713685280,429,785
2026-05-11,6,20242837,왕과 사는 남자,2026-02-04,3446,16836967,31877200,162533316330,372,555
2026-05-11,7,20262685,란 12.3,2026-04-22,1590,231977,15206950,2317632710,271,360
2026-05-11,8,20259626,마이클,2026-05-13,1506,18371,16200000,188341000,4,4
2026-05-11,9,20262947,모탈 컴뱃 2,2026-05-06,1168,13217,12540250,148652290,314,410
2026-05-11,10,20247648,내 이름은,2026-04-15,896,205640,8243200,1836367180,99,128
2026-05-12,1,20259791,악마는 프라다를 입는다 2,2026-04-29,23289,1269762,233015130,12634166010,1099,3484
2026-05-12,2,20254121,살목지,2026-04-08,13398,3050716,135801390,31252481390,891,2632
2026-05-12,3,20261782,프로젝트 헤일메리,2026-03-18,7512,2797527,92794180,31755177320,545,961
2026-05-12,4,20259773,슈퍼 마리오 갤럭시,2026-04-29,7350,1333246,72908300,12870231000,730,1641
2026-05-12,5,20242837,왕과 사는 남자,2026-02-04,4875,16841842,42324220,162575640550,398,592
2026-05-12,6,20240532,짱구,2026-04-22,4170,385226,41101850,3754787130,436,791
2026-05-12,7,20262685,란 12.3,2026-04-22,2566,234543,22971150,2340603860,275,375
2026-05-12,8,20262947,모탈 컴뱃 2,2026-05-06,1216,14433,12890900,161543190,316,404
2026-05-12,9,20247648,내 이름은,2026-04-15,1069,206709,8668500,1845035680,103,136
2026-05-12,10,20261943,올 그린스,2026-05-06,554,7695,4909500,62722550,107,139
2026-05-13,1,20259626,마이클,2026-05-13,99902,118488,1048765650,1239101650,1734,6157
2026-05-13,2,20259791,악마는 프라다를 입는다 2,2026-04-29,29970,1299732,292037450,12926203460,817,2285
2026-05-13,3,20254121,살목지,2026-04-08,16441,3067157,158754100,31411235490,728,1841
2026-05-13,4,20261782,프로젝트 헤일메리,2026-03-18,7048,2804575,70766810,31825944130,356,495
2026-05-13,5,20259773,슈퍼 마리오 갤럭시,2026-04-29,6561,1339807,59740620,12929971620,519,838
2026-05-13,6,20242837,왕과 사는 남자,2026-02-04,4625,16846467,37597000,162613237550,266,335
2026-05-13,7,20252801,교생실습,2026-05-13,3707,5801,32963550,48736550,253,394
2026-05-13,8,20240532,짱구,2026-04-22,3306,388532,30379100,3785166230,324,445
2026-05-13,9,20040695,이프 온리,2004-10-29,2988,1040634,30361050,6983325760,223,309
2026-05-13,10,20194376,탑건: 매버릭,2022-06-22,2718,8252163,27551250,88564987444,111,174
2026-05-14,1,20259626,마이클,2026-05-13,59035,177523,653730300,1892831950,1687,5731
2026-05-14,2,20259791,악마는 프라다를 입는다 2,2026-04-29,23909,1323641,252564470,13178767930,826,2301
2026-05-14,3,20254121,살목지,2026-04-08,11588,3078745,124792170,31536027660,715,1763
2026-05-14,4,20259773,슈퍼 마리오 갤럭시,2026-04-29,6117,1345924,57093380,12987065000,515,805
2026-05-14,5,20261782,프로젝트 헤일메리,2026-03-18,5192,2809767,56127050,31882071180,381,519
2026-05-14,6,20242837,왕과 사는 남자,2026-02-04,3739,16850206,33632950,162646870500,261,326
2026-05-14,7,20252801,교생실습,2026-05-13,3484,9285,24873900,73610450,237,396
2026-05-14,8,20240532,짱구,2026-04-22,2885,391417,27491600,3812657830,296,407
2026-05-14,9,20040695,이프 온리,2004-10-29,2474,1043108,27762100,7011087860,231,320
2026-05-14,10,20194376,탑건: 매버릭,2022-06-22,2087,8254250,25112800,88590100244,125,198
2026-05-15,1,20259626,마이클,2026-05-13,86922,264445,1011694630,2904526580,1718,6216
2026-05-15,2,20259791,악마는 프라다를 입는다 2,2026-04-29,30518,1354159,335660670,13514428600,843,2487
2026-05-15,3,20254121,살목지,2026-04-08,20009,3098754,221876930,31757904590,743,2011
2026-05-15,4,20259773,슈퍼 마리오 갤럭시,2026-04-29,9229,1355153,90325930,13077390930,579,944
2026-05-15,5,20261782,프로젝트 헤일메리,2026-03-18,8386,2818153,92849590,31974920770,414,598
2026-05-15,6,20242837,왕과 사는 남자,2026-02-04,4155,16854361,39141120,162686011620,276,346
2026-05-15,7,20252801,교생실습,2026-05-13,3378,12663,27754250,101364700,240,385
2026-05-15,8,20040695,이프 온리,2004-10-29,3187,1046295,37642710,7048730570,231,328
2026-05-15,9,20240532,짱구,2026-04-22,3080,394497,31154620,3843812450,306,438
2026-05-15,10,20194376,탑건: 매버릭,2022-06-22,3061,8257311,39314500,88629414744,131,204
2026-05-16,1,20259626,마이클,2026-05-13,204422,468867,2384957140,5289483720,1696,6808
2026-05-16,2,20259773,슈퍼 마리오 갤럭시,2026-04-29,55266,1410419,559033840,13636424770,902,2198
2026-05-16,3,20259791,악마는 프라다를 입는다 2,2026-04-29,49883,1404042,562367290,14076795890,870,2621
2026-05-16,4,20254121,살목지,2026-04-08,38823,3137577,432101080,32190005670,751,2170
2026-05-16,5,20261782,프로젝트 헤일메리,2026-03-18,15867,2834020,180963400,32155884170,437,623
2026-05-16,6,20194376,탑건: 매버릭,2022-06-22,7199,8264510,90978610,88720393354,133,207
2026-05-16,7,20252801,교생실습,2026-05-13,5250,17913,47693350,149058050,237,350
2026-05-16,8,20240532,짱구,2026-04-22,4684,399181,49866370,3893678820,284,408
2026-05-16,9,20242837,왕과 사는 남자,2026-02-04,4664,16859025,49144000,162735155620,249,328
2026-05-16,10,20040695,이프 온리,2004-10-29,4475,1050770,51651810,7100382380,232,291
2026-05-17,1,20259626,마이클,2026-05-13,179025,647892,2041192250,7330675970,1661,6416
2026-05-17,2,20259773,슈퍼 마리오 갤럭시,2026-04-29,59067,1469486,597054380,14233479150,903,2169
2026-05-17,3,20259791,악마는 프라다를 입는다 2,2026-04-29,40144,1444186,450656330,14527452220,847,2516
2026-05-17,4,20254121,살목지,2026-04-08,32131,3169708,353002090,32543007760,743,2010
2026-05-17,5,20261782,프로젝트 헤일메리,2026-03-18,13124,2847144,146776040,32302660210,424,598
2026-05-17,6,20194376,탑건: 매버릭,2022-06-22,6030,8270540,74198600,88794591954,135,195
2026-05-17,7,20242837,왕과 사는 남자,2026-02-04,4854,16863879,50713170,162785868790,252,330
2026-05-17,8,20040695,이프 온리,2004-10-29,4820,1055590,55535390,7155917770,242,302
2026-05-17,9,20240532,짱구,2026-04-22,4676,403857,49453400,3943132220,284,407
2026-05-17,10,20252801,교생실습,2026-05-13,4109,22022,36358800,185416850,237,340
2026-05-18,1,20259626,마이클,2026-05-13,43653,691545,479831820,7810507790,1534,5202
2026-05-18,2,20259791,악마는 프라다를 입는다 2,2026-04-29,14277,1458463,151073870,14678526090,774,2200
2026-05-18,3,20254121,살목지,2026-04-08,8793,3178501,95426650,32638434410,622,1583
2026-05-18,4,20261782,프로젝트 헤일메리,2026-03-18,3965,2851109,43297140,32345957350,391,580
2026-05-18,5,20259773,슈퍼 마리오 갤럭시,2026-04-29,3642,1473128,36799980,14270279130,444,685
2026-05-18,6,20248252,와일드 씽,2026-06-03,2440,2652,22216000,24210000,8,9
2026-05-18,7,20242837,왕과 사는 남자,2026-02-04,2426,16866305,22702700,162808571490,261,348
2026-05-18,8,20252402,군체,2026-05-21,1941,2347,20498000,24308000,9,9
2026-05-18,9,20040695,이프 온리,2004-10-29,1830,1057420,20203150,7176120920,210,290
2026-05-18,10,20240532,짱구,2026-04-22,1790,405647,17974100,3961106320,264,364
2026-05-19,1,20259626,마이클,2026-05-13,38032,729577,410908860,8221416650,1526,5059
2026-05-19,2,20259791,악마는 프라다를 입는다 2,2026-04-29,13783,1472246,144264530,14822790620,772,2174
2026-05-19,3,20254121,살목지,2026-04-08,7973,3186474,85084100,32723518510,613,1541
2026-05-19,4,20259773,슈퍼 마리오 갤럭시,2026-04-29,3890,1477018,36829940,14307109070,442,666
2026-05-19,5,20261782,프로젝트 헤일메리,2026-03-18,3750,2854859,41028280,32386985630,401,578
2026-05-19,6,20242837,왕과 사는 남자,2026-02-04,3014,16869319,26663250,162835234740,261,353
2026-05-19,7,20240532,짱구,2026-04-22,2144,407791,19875800,3980982120,265,366
2026-05-19,8,20252402,군체,2026-05-21,1953,4300,21062000,45370000,9,9
2026-05-19,9,20040695,이프 온리,2004-10-29,1833,1059253,20509050,7196629970,211,291
2026-05-19,10,20194376,탑건: 매버릭,2022-06-22,1830,8274051,21837720,88836725594,130,184
2026-05-20,1,20259626,마이클,2026-05-13,48844,778421,522751410,8744168060,1563,5288
2026-05-20,2,20259791,악마는 프라다를 입는다 2,2026-04-29,15939,1488185,169166720,14991957340,752,2137
2026-05-20,3,20252402,군체,2026-05-21,14212,18512,135623000,180993000,68,70
2026-05-20,4,20262975,신극장판 은혼: 요시와라 대염상,2026-05-20,11687,13475,131275280,152998450,440,901
2026-05-20,5,20254121,살목지,2026-04-08,9620,3196094,101787700,32825306210,644,1560
2026-05-20,6,20261782,프로젝트 헤일메리,2026-03-18,4949,2859808,52963600,32439949230,370,537
2026-05-20,7,20259773,슈퍼 마리오 갤럭시,2026-04-29,3741,1480759,34344910,14341453980,392,531
2026-05-20,8,20263344,너바나 더 밴드 : 전설적 밴드 ‘너바나’와는 별 관련 없는 ‘너바나 더 밴드’의 콤비 맷과 제이. 어느 날 공연을 위해 타임머신을 만드는 황당한 작전을 세우고 처음 만났던 17년 전으로 돌,2026-05-20,3635,5154,41492300,57821300,155,273
2026-05-20,9,20242837,왕과 사는 남자,2026-02-04,3521,16872840,31056600,162866291340,251,344
2026-05-20,10,20194376,탑건: 매버릭,2022-06-22,1915,8275966,22155540,88858881134,93,147
2026-05-21,1,20252402,군체,2026-05-21,199762,218274,2134346400,2315339400,1964,8118
2026-05-21,2,20259626,마이클,2026-05-13,29285,807706,306013710,9050181770,868,2623
2026-05-21,3,20259791,악마는 프라다를 입는다 2,2026-04-29,9413,1497598,100808750,15092766090,529,1108
2026-05-21,4,20262975,신극장판 은혼: 요시와라 대염상,2026-05-20,4093,17568,45314610,198313060,373,603
2026-05-21,5,20263253,극장판 내 마음의 위험한 녀석,2026-05-21,3895,3895,43427110,43427110,115,205
2026-05-21,6,20263363,리마인더스 오브 힘,2026-05-27,3000,3000,21000000,21000000,17,17
2026-05-21,7,20254121,살목지,2026-04-08,2914,3199008,32064850,32857371060,384,545
2026-05-21,8,20263344,너바나 더 밴드 : 전설적 밴드 ‘너바나’와는 별 관련 없는 ‘너바나 더 밴드’의 콤비 맷과 제이. 어느 날 공연을 위해 타임머신을 만드는 황당한 작전을 세우고 처음 만났던 17년 전으로 돌,2026-05-20,2674,7828,31733050,89554350,133,212
2026-05-21,9,20259773,슈퍼 마리오 갤럭시,2026-04-29,2518,1483277,19872600,14361326580,200,234
2026-05-21,10,20242837,왕과 사는 남자,2026-02-04,2334,16875174,18803950,162885095290,137,161
2026-05-22,1,20252402,군체,2026-05-21,230039,448313,2579467970,4894807370,2026,8607
2026-05-22,2,20259626,마이클,2026-05-13,41008,848714,463522440,9513704210,874,2796
2026-05-22,3,20259791,악마는 프라다를 입는다 2,2026-04-29,11684,1509282,131440680,15224206770,544,1174
2026-05-22,4,20254121,살목지,2026-04-08,4841,3203849,56039500,32913410560,446,667
2026-05-22,5,20262975,신극장판 은혼: 요시와라 대염상,2026-05-20,4779,22347,56722090,255035150,378,607
2026-05-22,6,20259773,슈퍼 마리오 갤럭시,2026-04-29,3594,1486871,33194200,14394520780,237,288
2026-05-22,7,20263344,너바나 더 밴드 : 전설적 밴드 ‘너바나’와는 별 관련 없는 ‘너바나 더 밴드’의 콤비 맷과 제이. 어느 날 공연을 위해 타임머신을 만드는 황당한 작전을 세우고 처음 만났던 17년 전으로 돌,2026-05-20,2850,10678,33818900,123373250,138,220
2026-05-22,8,20261782,프로젝트 헤일메리,2026-03-18,2654,2864163,30616450,32489420400,181,221
2026-05-22,9,20263253,극장판 내 마음의 위험한 녀석,2026-05-21,2543,6438,29917080,73344190,109,181
2026-05-22,10,20242837,왕과 사는 남자,2026-02-04,1500,16876674,14060700,162899155990,129,150
2026-05-23,1,20252402,군체,2026-05-21,475783,924096,5335378380,10230185750,2103,9523
2026-05-23,2,20259626,마이클,2026-05-13,103652,952366,1168618310,10682322520,856,2839
2026-05-23,3,20259773,슈퍼 마리오 갤럭시,2026-04-29,24347,1511218,247923560,14642444340,610,1039
2026-05-23,4,20259791,악마는 프라다를 입는다 2,2026-04-29,15980,1525262,181320550,15405527320,521,931
2026-05-23,5,20262975,신극장판 은혼: 요시와라 대염상,2026-05-20,11699,34046,133851900,388887050,397,552
2026-05-23,6,20254121,살목지,2026-04-08,8638,3212487,97702190,33011112750,414,560
2026-05-23,7,20263222,극장판 호빵맨: 세균맨과 그림책의 루룬,2026-05-23,6708,7109,57552900,60359900,221,372
2026-05-23,8,20261782,프로젝트 헤일메리,2026-03-18,5490,2869653,63618250,32553038650,171,211
2026-05-23,9,20263344,너바나 더 밴드 : 전설적 밴드 ‘너바나’와는 별 관련 없는 ‘너바나 더 밴드’의 콤비 맷과 제이. 어느 날 공연을 위해 타임머신을 만드는 황당한 작전을 세우고 처음 만났던 17년 전으로 돌,2026-05-20,5283,15961,61579400,184952650,155,204
2026-05-23,10,20263253,극장판 내 마음의 위험한 녀석,2026-05-21,4873,11311,59098130,132442320,124,182
2026-05-24,1,20252402,군체,2026-05-21,577520,1501616,6429675700,16659861450,2110,9509
2026-05-24,2,20259626,마이클,2026-05-13,122850,1075216,1372333100,12054655620,922,2924
2026-05-24,3,20259773,슈퍼 마리오 갤럭시,2026-04-29,27591,1538809,282533780,14924978120,621,1059
2026-05-24,4,20259791,악마는 프라다를 입는다 2,2026-04-29,16996,1542258,191649900,15597177220,524,904
2026-05-24,5,20254121,살목지,2026-04-08,9998,3222485,113065900,33124178650,404,565
2026-05-24,6,20262975,신극장판 은혼: 요시와라 대염상,2026-05-20,8702,42748,98825670,487712720,375,525
2026-05-24,7,20261782,프로젝트 헤일메리,2026-03-18,6975,2876628,80397000,32633435650,170,207
2026-05-24,8,20263222,극장판 호빵맨: 세균맨과 그림책의 루룬,2026-05-23,5355,12464,47976700,108336600,220,354
2026-05-24,9,20263344,너바나 더 밴드 : 전설적 밴드 ‘너바나’와는 별 관련 없는 ‘너바나 더 밴드’의 콤비 맷과 제이. 어느 날 공연을 위해 타임머신을 만드는 황당한 작전을 세우고 처음 만났던 17년 전으로 돌,2026-05-20,4591,20552,53486500,238439150,153,196
2026-05-24,10,20263253,극장판 내 마음의 위험한 녀석,2026-05-21,4429,15740,54555100,186997420,124,181
2026-05-25,1,20252402,군체,2026-05-21,516988,2018604,5669420710,22329282160,2060,9008
2026-05-25,2,20259626,마이클,2026-05-13,109377,1184593,1189096280,13243751900,901,2773
2026-05-25,3,20259773,슈퍼 마리오 갤럭시,2026-04-29,38095,1576904,386686540,15311664660,585,1027
2026-05-25,4,20259791,악마는 프라다를 입는다 2,2026-04-29,16318,1558576,181207340,15778384560,495,842
2026-05-25,5,20254121,살목지,2026-04-08,8147,3230632,90076350,33214255000,384,514
2026-05-25,6,20262975,신극장판 은혼: 요시와라 대염상,2026-05-20,7308,50056,81767710,569480430,368,501
2026-05-25,7,20261782,프로젝트 헤일메리,2026-03-18,6880,2883508,76218220,32709653870,176,209
2026-05-25,8,20263222,극장판 호빵맨: 세균맨과 그림책의 루룬,2026-05-23,6682,19146,61517600,169854200,221,350
2026-05-25,9,20263344,너바나 더 밴드 : 전설적 밴드 ‘너바나’와는 별 관련 없는 ‘너바나 더 밴드’의 콤비 맷과 제이. 어느 날 공연을 위해 타임머신을 만드는 황당한 작전을 세우고 처음 만났던 17년 전으로 돌,2026-05-20,5652,26204,67013600,305452750,153,201
2026-05-25,10,20242837,왕과 사는 남자,2026-02-04,2802,16883799,27949860,162971925860,117,144
2026-05-26,1,20252402,군체,2026-05-21,150488,2169092,1585100740,23914382900,1858,7855
2026-05-26,2,20259626,마이클,2026-05-13,20593,1205186,212201670,13455953570,809,2436
2026-05-26,3,20259791,악마는 프라다를 입는다 2,2026-04-29,5821,1564397,62754630,15841139190,487,992
2026-05-26,4,20263344,너바나 더 밴드 : 전설적 밴드 ‘너바나’와는 별 관련 없는 ‘너바나 더 밴드’의 콤비 맷과 제이. 어느 날 공연을 위해 타임머신을 만드는 황당한 작전을 세우고 처음 만났던 17년 전으로 돌,2026-05-20,3192,29396,37500550,342953300,142,211
2026-05-26,5,20254121,살목지,2026-04-08,2196,3232828,24665900,33238920900,331,464
2026-05-26,6,20261782,프로젝트 헤일메리,2026-03-18,2107,2885615,23103620,32732757490,198,268
2026-05-26,7,20262975,신극장판 은혼: 요시와라 대염상,2026-05-20,2006,52062,21791930,591272360,335,471
2026-05-26,8,20259773,슈퍼 마리오 갤럭시,2026-04-29,1198,1578102,11154100,15322818760,176,204
2026-05-26,9,20242837,왕과 사는 남자,2026-02-04,1181,16884980,10669250,162982595110,134,152
2026-05-26,10,20262972,남태령,2026-05-20,706,4761,5858650,41725250,54,64
2026-05-27,1,20252402,군체,2026-05-21,209405,2378497,2017347160,25931730060,1813,6970
2026-05-27,2,20263030,백룸,2026-05-27,54103,54631,527833890,535603890,688,1609
2026-05-27,3,20259626,마이클,2026-05-13,34487,1239673,339208030,13795161600,809,1879
2026-05-27,4,20258236,만달로리안과 그로구,2026-05-27,26242,27634,290204530,314300530,809,2103
2026-05-27,5,20259791,악마는 프라다를 입는다 2,2026-04-29,5333,1569730,52984700,15894123890,304,452
2026-05-27,6,20263344,너바나 더 밴드 : 전설적 밴드 ‘너바나’와는 별 관련 없는 ‘너바나 더 밴드’의 콤비 맷과 제이. 어느 날 공연을 위해 타임머신을 만드는 황당한 작전을 세우고 처음 만났던 17년 전으로 돌,2026-05-20,3533,32929,33738100,376691400,149,178
2026-05-27,7,20262975,신극장판 은혼: 요시와라 대염상,2026-05-20,2935,54997,30452850,621725210,166,195
2026-05-27,8,20258837,뒷자리에 태워줘,2026-05-27,2045,3674,19684900,36459100,155,201
2026-05-27,9,20261782,프로젝트 헤일메리,2026-03-18,1398,2887013,14555450,32747312940,106,126
2026-05-27,10,20263644,미세스 그린 애플 매지컬 10주년 기념 라이브 ~피오르드~ 온 스크린,2026-05-27,1279,1279,31975000,31975000,21,21
2026-05-28,1,20252402,군체,2026-05-21,125432,2503929,1297081510,27228811570,1773,6887
2026-05-28,2,20263030,백룸,2026-05-27,33233,87864,362902140,898506030,716,1691
2026-05-28,3,20259626,마이클,2026-05-13,18579,1258252,193972910,13989134510,750,1805
2026-05-28,4,20258236,만달로리안과 그로구,2026-05-27,12037,39671,142624350,456924880,714,1720
2026-05-28,5,20261766,상자 속의 양,2026-06-10,5408,5408,48672000,48672000,32,32
2026-05-28,6,20263521,카드캡터 체리 극장판,2026-05-28,4456,4456,47883110,47883110,162,238
2026-05-28,7,20259791,악마는 프라다를 입는다 2,2026-04-29,3695,1573425,38536350,15932660240,291,424
2026-05-28,8,20263344,너바나 더 밴드 : 전설적 밴드 ‘너바나’와는 별 관련 없는 ‘너바나 더 밴드’의 콤비 맷과 제이. 어느 날 공연을 위해 타임머신을 만드는 황당한 작전을 세우고 처음 만났던 17년 전으로 돌,2026-05-20,2275,35204,25996800,402688200,139,171
2026-05-28,9,20248252,와일드 씽,2026-06-03,1988,5077,17897000,46040000,10,10
2026-05-28,10,20258837,뒷자리에 태워줘,2026-05-27,1634,5308,14032650,50491750,142,191
2026-05-29,1,20252402,군체,2026-05-21,182224,2686153,1976592280,29205403850,1854,7389
2026-05-29,2,20263030,백룸,2026-05-27,57805,145669,657402110,1555908140,773,1851
2026-05-29,3,20259626,마이클,2026-05-13,23414,1281666,261377230,14250511740,771,1811
2026-05-29,4,20258236,만달로리안과 그로구,2026-05-27,15000,54671,191356780,648281660,699,1670
2026-05-29,5,20263512,이상한 과자 가게 전천당,2026-05-29,6683,8630,57947950,80011150,485,738
2026-05-29,6,20248252,와일드 씽,2026-06-03,6217,11294,61953000,107993000,33,33
2026-05-29,7,20259791,악마는 프라다를 입는다 2,2026-04-29,4255,1577680,47553490,15980213730,265,390
2026-05-29,8,20263344,너바나 더 밴드 : 전설적 밴드 ‘너바나’와는 별 관련 없는 ‘너바나 더 밴드’의 콤비 맷과 제이. 어느 날 공연을 위해 타임머신을 만드는 황당한 작전을 세우고 처음 만났던 17년 전으로 돌,2026-05-20,2538,37742,31051750,433739950,138,166
2026-05-29,9,20258837,뒷자리에 태워줘,2026-05-27,1715,7023,18367900,68859650,140,187
2026-05-29,10,20262975,신극장판 은혼: 요시와라 대염상,2026-05-20,1628,58128,18956200,657093430,140,155
2026-05-30,1,20252402,군체,2026-05-21,423314,3109467,4520456510,33725860360,1991,8490
2026-05-30,2,20263030,백룸,2026-05-27,132437,278106,1442411690,2998319830,909,2234
2026-05-30,3,20259626,마이클,2026-05-13,58073,1339739,645717010,14896228750,775,1789
2026-05-30,4,20258236,만달로리안과 그로구,2026-05-27,33808,88479,429094260,1077375920,687,1445
2026-05-30,5,20263512,이상한 과자 가게 전천당,2026-05-29,24240,32870,229950070,309961220,516,866
2026-05-30,6,20259773,슈퍼 마리오 갤럭시,2026-04-29,12164,1593343,121608290,15469276670,393,539
2026-05-30,7,20248252,와일드 씽,2026-06-03,4963,16257,45752760,153745760,52,60
2026-05-30,8,20259791,악마는 프라다를 입는다 2,2026-04-29,4223,1581903,46850140,16027063870,163,198
2026-05-30,9,20263344,너바나 더 밴드 : 전설적 밴드 ‘너바나’와는 별 관련 없는 ‘너바나 더 밴드’의 콤비 맷과 제이. 어느 날 공연을 위해 타임머신을 만드는 황당한 작전을 세우고 처음 만났던 17년 전으로 돌,2026-05-20,4201,41943,48306150,482046100,132,153
2026-05-30,10,20263222,극장판 호빵맨: 세균맨과 그림책의 루룬,2026-05-23,4012,25460,32217200,217643800,166,216
2026-05-31,1,20252402,군체,2026-05-21,365458,3474925,3743279750,37469140110,1950,7981
2026-05-31,2,20263030,백룸,2026-05-27,112952,391058,1207138430,4205458260,1014,2423
2026-05-31,3,20259626,마이클,2026-05-13,55194,1394933,595519380,15491748130,757,1686
2026-05-31,4,20258236,만달로리안과 그로구,2026-05-27,28241,116720,346068670,1423444590,680,1326
2026-05-31,5,20263512,이상한 과자 가게 전천당,2026-05-29,27551,60421,255206580,565167800,515,830
2026-05-31,6,20259773,슈퍼 마리오 갤럭시,2026-04-29,12984,1606327,127807430,15597084100,365,493
2026-05-31,7,20263222,극장판 호빵맨: 세균맨과 그림책의 루룬,2026-05-23,4876,30336,35612550,253256350,181,230
2026-05-31,8,20263344,너바나 더 밴드 : 전설적 밴드 ‘너바나’와는 별 관련 없는 ‘너바나 더 밴드’의 콤비 맷과 제이. 어느 날 공연을 위해 타임머신을 만드는 황당한 작전을 세우고 처음 만났던 17년 전으로 돌,2026-05-20,3730,45673,41761450,523807550,130,149
2026-05-31,9,20248252,와일드 씽,2026-06-03,3724,19981,34592150,188337910,50,57
2026-05-31,10,20259791,악마는 프라다를 입는다 2,2026-04-29,3502,1585405,37310900,16064374770,148,181
2026-06-01,1,20252402,군체,2026-05-21,101982,3576907,1001853570,38470993680,1732,6914
2026-06-01,2,20263030,백룸,2026-05-27,28523,419581,297731370,4503189630,762,2138
2026-06-01,3,20259626,마이클,2026-05-13,14792,1409725,144152970,15635901100,660,1536
2026-06-01,4,20258236,만달로리안과 그로구,2026-05-27,8136,124856,95106040,1518550630,598,1167
2026-06-01,5,20259791,악마는 프라다를 입는다 2,2026-04-29,2098,1587503,20968700,16085343470,207,262
2026-06-01,6,20263512,이상한 과자 가게 전천당,2026-05-29,2039,62460,17079100,582246900,344,449
2026-06-01,7,20263344,너바나 더 밴드 : 전설적 밴드 ‘너바나’와는 별 관련 없는 ‘너바나 더 밴드’의 콤비 맷과 제이. 어느 날 공연을 위해 타임머신을 만드는 황당한 작전을 세우고 처음 만났던 17년 전으로 돌,2026-05-20,1473,47146,14826800,538634350,127,154
2026-06-01,8,20262975,신극장판 은혼: 요시와라 대염상,2026-05-20,950,66009,10055100,743758500,121,133
2026-06-01,9,20261782,프로젝트 헤일메리,2026-03-18,921,2894974,9407150,32834535140,98,109
2026-06-01,10,20242837,왕과 사는 남자,2026-02-04,893,16889947,6944200,163024866730,53,60
2026-06-02,1,20252402,군체,2026-05-21,135387,3712294,1317421020,39788414700,1811,7383
2026-06-02,2,20263030,백룸,2026-05-27,39057,458638,399877380,4903067010,841,2349
2026-06-02,3,20259626,마이클,2026-05-13,21071,1430796,205796710,15841697810,694,1653
2026-06-02,4,20258236,만달로리안과 그로구,2026-05-27,13751,138607,151445420,1669996050,641,1267
2026-06-02,5,20261766,상자 속의 양,2026-06-10,5023,10431,45207000,93879000,28,28
2026-06-02,6,20263512,이상한 과자 가게 전천당,2026-05-29,3005,65465,24879540,607126440,354,478
2026-06-02,7,20259791,악마는 프라다를 입는다 2,2026-04-29,2797,1590300,27144850,16112488320,226,281
2026-06-02,8,20263344,너바나 더 밴드 : 전설적 밴드 ‘너바나’와는 별 관련 없는 ‘너바나 더 밴드’의 콤비 맷과 제이. 어느 날 공연을 위해 타임머신을 만드는 황당한 작전을 세우고 처음 만났던 17년 전으로 돌,2026-05-20,2386,49532,26022750,564657100,133,159
2026-06-02,9,20261782,프로젝트 헤일메리,2026-03-18,1804,2896778,17916550,32852451690,105,121
2026-06-02,10,20242837,왕과 사는 남자,2026-02-04,1191,16891138,9564150,163034430880,58,69
2026-06-03,1,20252402,군체,2026-05-21,331471,4043765,3341082720,43129497420,1516,5783
2026-06-03,2,20248252,와일드 씽,2026-06-03,160756,182077,1547446960,1747844870,1351,5470
2026-06-03,3,20263030,백룸,2026-05-27,114102,572740,1189241000,6092308010,872,2302
2026-06-03,4,20259626,마이클,2026-05-13,37148,1467944,384637210,16226335020,524,788
2026-06-03,5,20263512,이상한 과자 가게 전천당,2026-05-29,30346,95811,274439010,881565450,531,714
2026-06-03,6,20258236,만달로리안과 그로구,2026-05-27,17876,156483,230458320,1900454370,308,437
2026-06-03,7,20263761,플레이브 아시아 투어 [대쉬: 퀀텀 리프] 앙코르 인 시네마,2026-06-03,11499,11571,264470000,266126000,62,112
2026-06-03,8,20259773,슈퍼 마리오 갤럭시,2026-04-29,11396,1618765,111860290,15717653990,196,217
2026-06-03,9,20263272,돌핀보이: 푸른 바다의 수호자,2026-06-03,5419,5634,48894050,50950050,222,242
2026-06-03,10,20262975,신극장판 은혼: 요시와라 대염상,2026-05-20,3475,70388,35994570,789225800,60,68
2026-06-04,1,20252402,군체,2026-05-21,79915,4123680,796309120,43925806540,1419,5284
2026-06-04,2,20248252,와일드 씽,2026-06-03,40464,222541,371313110,2119157980,1253,4715
2026-06-04,3,20263030,백룸,2026-05-27,27071,599811,278092200,6370400210,775,1991
2026-06-04,4,20259626,마이클,2026-05-13,8681,1476625,84382320,16310717340,517,784
2026-06-04,5,20258236,만달로리안과 그로구,2026-05-27,4174,160657,38527540,1938981910,284,363
2026-06-04,6,20040734,노트북,2004-11-26,3279,830924,36310600,6393779290,77,142
2026-06-04,7,20263761,플레이브 아시아 투어 [대쉬: 퀀텀 리프] 앙코르 인 시네마,2026-06-03,3244,14815,74612000,340738000,62,110
2026-06-04,8,20263512,이상한 과자 가게 전천당,2026-05-29,1897,97708,14818660,896384110,267,301
2026-06-04,9,20263344,너바나 더 밴드 : 전설적 밴드 ‘너바나’와는 별 관련 없는 ‘너바나 더 밴드’의 콤비 맷과 제이. 어느 날 공연을 위해 타임머신을 만드는 황당한 작전을 세우고 처음 만났던 17년 전으로 돌,2026-05-20,1237,53803,11874850,607585100,81,90
2026-06-04,10,20258837,뒷자리에 태워줘,2026-05-27,1205,15323,7614850,145393550,70,70
2026-06-05,1,20252402,군체,2026-05-21,117728,4241408,1224944030,45150750570,1518,5810
2026-06-05,2,20248252,와일드 씽,2026-06-03,60413,282954,582031730,2701189710,1211,4731
2026-06-05,3,20263030,백룸,2026-05-27,38942,638753,421418940,6791819150,821,2294
2026-06-05,4,20259626,마이클,2026-05-13,11048,1487673,114114700,16424832040,528,789
2026-06-05,5,20263941,마스터즈 오브 유니버스,2026-06-05,4615,4741,39104100,40238100,214,281
2026-06-05,6,20258236,만달로리안과 그로구,2026-05-27,4480,165137,46304490,1985286400,297,385
2026-06-05,7,20040734,노트북,2004-11-26,3156,834080,36857950,6430637240,86,145
2026-06-05,8,20263761,플레이브 아시아 투어 [대쉬: 퀀텀 리프] 앙코르 인 시네마,2026-06-03,2337,17152,53751000,394489000,62,108
2026-06-05,9,20263512,이상한 과자 가게 전천당,2026-05-29,1696,99404,14347750,910731860,273,307
2026-06-05,10,20263344,너바나 더 밴드 : 전설적 밴드 ‘너바나’와는 별 관련 없는 ‘너바나 더 밴드’의 콤비 맷과 제이. 어느 날 공연을 위해 타임머신을 만드는 황당한 작전을 세우고 처음 만났던 17년 전으로 돌,2026-05-20,1450,55253,14778250,622363350,80,88
2026-06-06,1,20252402,군체,2026-05-21,281917,4523325,2892689760,48043440330,1614,6470
2026-06-06,2,20248252,와일드 씽,2026-06-03,149033,431987,1476114300,4177304010,1164,4565
2026-06-06,3,20263030,백룸,2026-05-27,93068,731821,986139400,7777958550,908,2680
2026-06-06,4,20259626,마이클,2026-05-13,28968,1516641,304925010,16729757050,550,848
2026-06-06,5,20263512,이상한 과자 가게 전천당,2026-05-29,19011,118415,170455630,1081187490,537,809
2026-06-06,6,20258236,만달로리안과 그로구,2026-05-27,14861,179998,200435290,2185721690,311,456
2026-06-06,7,20259773,슈퍼 마리오 갤럭시,2026-04-29,5551,1624970,54862900,15777119290,189,212
2026-06-06,8,20263761,플레이브 아시아 투어 [대쉬: 퀀텀 리프] 앙코르 인 시네마,2026-06-03,3400,20552,78193000,472682000,62,108
2026-06-06,9,20263272,돌핀보이: 푸른 바다의 수호자,2026-06-03,3273,10502,29045450,92902150,215,226
2026-06-06,10,20263941,마스터즈 오브 유니버스,2026-06-05,3170,7911,28721370,68959470,210,248
2026-06-07,1,20252402,군체,2026-05-21,204211,4727536,2094426990,50137867320,1598,6170
2026-06-07,2,20248252,와일드 씽,2026-06-03,111725,543712,1106637280,5283941290,1161,4304
2026-06-07,3,20263030,백룸,2026-05-27,67802,799623,720664040,8498622590,884,2500
2026-06-07,4,20259626,마이클,2026-05-13,23504,1540145,247022640,16976779690,554,834
2026-06-07,5,20263512,이상한 과자 가게 전천당,2026-05-29,18402,136817,164903040,1246090530,521,790
2026-06-07,6,20258236,만달로리안과 그로구,2026-05-27,11841,191839,155230350,2340952040,308,448
2026-06-07,7,20259773,슈퍼 마리오 갤럭시,2026-04-29,5566,1630536,55020060,15832139350,180,200
2026-06-07,8,20263272,돌핀보이: 푸른 바다의 수호자,2026-06-03,3115,13617,28062900,120965050,211,223
2026-06-07,9,20040734,노트북,2004-11-26,3037,839431,38720000,6496294590,72,83
2026-06-07,10,20263941,마스터즈 오브 유니버스,2026-06-05,2412,10323,21591870,90551340,195,232
2026-06-08,1,20252402,군체,2026-05-21,52032,4779568,524659440,50662526760,1386,5260
2026-06-08,2,20248252,와일드 씽,2026-06-03,31702,575414,297263190,5581204480,1026,3774
2026-06-08,3,20263030,백룸,2026-05-27,17838,817461,186738060,8685360650,720,2087
2026-06-08,4,20259626,마이클,2026-05-13,6224,1546369,61120300,17037899990,492,770
2026-06-08,5,20258236,만달로리안과 그로구,2026-05-27,1956,193795,20340550,2361292590,232,302
2026-06-08,6,20263941,마스터즈 오브 유니버스,2026-06-05,1304,11627,11183050,101734390,185,210
2026-06-08,7,20040734,노트북,2004-11-26,1170,840601,13044700,6509339290,76,118
2026-06-08,8,20248484,신사: 악귀의 속삭임,2026-06-17,1114,1114,10676000,10676000,4,5
2026-06-08,9,20263344,너바나 더 밴드 : 전설적 밴드 ‘너바나’와는 별 관련 없는 ‘너바나 더 밴드’의 콤비 맷과 제이. 어느 날 공연을 위해 타임머신을 만드는 황당한 작전을 세우고 처음 만났던 17년 전으로 돌,2026-05-20,1023,61705,10054450,690657550,70,84
2026-06-08,10,20263512,이상한 과자 가게 전천당,2026-05-29,813,137630,6910150,1253000680,206,234
2026-06-09,1,20252402,군체,2026-05-21,44402,4823970,446723550,51109250310,1412,5188
2026-06-09,2,20248252,와일드 씽,2026-06-03,30279,605693,282266420,5863470900,1050,3729
2026-06-09,3,20263030,백룸,2026-05-27,16153,833614,168838540,8854199190,739,2049
2026-06-09,4,20259626,마이클,2026-05-13,6737,1553106,67274370,17105174360,516,798
2026-06-09,5,20258236,만달로리안과 그로구,2026-05-27,2372,196167,23745470,2385038060,263,334
2026-06-09,6,20263941,마스터즈 오브 유니버스,2026-06-05,1341,12968,11334050,113068440,196,221
2026-06-09,7,20040734,노트북,2004-11-26,1319,841920,14705000,6524044290,76,120
2026-06-09,8,20263262,맘보 점보,2026-06-03,1166,6125,8259500,54050850,34,34
2026-06-09,9,20263512,이상한 과자 가게 전천당,2026-05-29,1107,138737,8904650,1261905330,217,237
2026-06-09,10,20263344,너바나 더 밴드 : 전설적 밴드 ‘너바나’와는 별 관련 없는 ‘너바나 더 밴드’의 콤비 맷과 제이. 어느 날 공연을 위해 타임머신을 만드는 황당한 작전을 세우고 처음 만났던 17년 전으로 돌,2026-05-20,865,62570,8527400,699184950,75,89
2026-06-10,1,20250655,디스클로저 데이,2026-06-10,56083,56930,583986980,596601980,1072,2962
2026-06-10,2,20252402,군체,2026-05-21,47224,4871194,436806660,51546056970,1227,4223
2026-06-10,3,20248252,와일드 씽,2026-06-03,32253,637946,282672990,6146143890,910,2754
2026-06-10,4,20263030,백룸,2026-05-27,17742,851356,169899810,9024099000,732,1668
2026-06-10,5,20261766,상자 속의 양,2026-06-10,8751,20229,75124700,182805500,456,745
2026-06-10,6,20259626,마이클,2026-05-13,4336,1557442,41377090,17146551450,363,471
2026-06-10,7,20263761,플레이브 아시아 투어 [대쉬: 퀀텀 리프] 앙코르 인 시네마,2026-06-03,3932,28218,90436000,649000000,64,123
2026-06-10,8,20163018,싱 스트리트,2016-05-19,3089,578687,25440600,4600534872,137,162
2026-06-10,9,20264226,쏜애플 '나의 세기' 익스텐디드 플레이 필름,,2000,2000,24000000,24000000,29,60
2026-06-10,10,20258236,만달로리안과 그로구,2026-05-27,1797,197964,17566790,2402604850,123,154
2026-06-11,1,20252402,군체,2026-05-21,40619,4911813,403511460,51949568430,1210,4225
2026-06-11,2,20248252,와일드 씽,2026-06-03,26678,664624,248136770,6394280660,887,2689
2026-06-11,3,20250655,디스클로저 데이,2026-06-10,25356,82286,269092210,865694190,1014,2756
2026-06-11,4,20263030,백룸,2026-05-27,15969,867325,167785510,9191884510,710,1656
2026-06-11,5,20261766,상자 속의 양,2026-06-10,5676,25905,49555410,232360910,433,724
2026-06-11,6,20259626,마이클,2026-05-13,4530,1561972,45527630,17192079080,372,504
2026-06-11,7,20163018,싱 스트리트,2016-05-19,2472,581159,21175000,4621709872,123,158
2026-06-11,8,20258236,만달로리안과 그로구,2026-05-27,1742,199706,18980200,2421585050,122,177
2026-06-11,9,20258725,순례자들은 왜 돌아오지 않는가,2026-06-03,1573,9645,11305500,72337650,45,47
2026-06-11,10,20259781,토이 스토리 5,2026-06-17,1537,1537,23817000,23817000,2,3
2026-06-12,1,20252402,군체,2026-05-21,54064,4965877,567820930,52517389360,1257,4410
2026-06-12,2,20248252,와일드 씽,2026-06-03,36326,700950,360056200,6754336860,964,2964
2026-06-12,3,20250655,디스클로저 데이,2026-06-10,27363,109649,307814030,1173508220,1016,2832
2026-06-12,4,20263030,백룸,2026-05-27,21808,889133,242156280,9434040790,748,1757
2026-06-12,5,20261766,상자 속의 양,2026-06-10,4654,30559,42813580,275174490,440,711
2026-06-12,6,20259626,마이클,2026-05-13,4417,1566389,46349000,17238428080,342,477
2026-06-12,7,20258236,만달로리안과 그로구,2026-05-27,2564,202270,30573880,2452158930,143,206
2026-06-12,8,20163018,싱 스트리트,2016-05-19,1792,582951,17753850,4639463722,120,146
2026-06-12,9,20263344,너바나 더 밴드 : 전설적 밴드 ‘너바나’와는 별 관련 없는 ‘너바나 더 밴드’의 콤비 맷과 제이. 어느 날 공연을 위해 타임머신을 만드는 황당한 작전을 세우고 처음 만났던 17년 전으로 돌,2026-05-20,1354,65804,16994050,734898850,60,63
2026-06-12,10,20040734,노트북,2004-11-26,956,844348,11485100,6551498190,36,48
2026-06-13,1,20252402,군체,2026-05-21,132016,5097893,1363114990,53880504350,1331,4922
2026-06-13,2,20248252,와일드 씽,2026-06-03,92187,793137,929136430,7683473290,1112,3748
2026-06-13,3,20250655,디스클로저 데이,2026-06-10,49791,159440,558180140,1731688360,925,2753
2026-06-13,4,20263030,백룸,2026-05-27,48817,937950,528292790,9962333580,767,1989
2026-06-13,5,20259626,마이클,2026-05-13,11558,1577947,128981260,17367409340,395,589
2026-06-13,6,20263512,이상한 과자 가게 전천당,2026-05-29,8253,149356,75751000,1357158680,425,582
2026-06-13,7,20261766,상자 속의 양,2026-06-10,6090,36649,58393230,333567720,444,606
2026-06-13,8,20258236,만달로리안과 그로구,2026-05-27,5642,207912,65204930,2517363860,154,238
2026-06-13,9,20163018,싱 스트리트,2016-05-19,3602,586553,36927150,4676390872,113,143
2026-06-13,10,20259773,슈퍼 마리오 갤럭시,2026-04-29,1935,1633044,19795500,15857256250,93,112
2026-06-14,1,20252402,군체,2026-05-21,114961,5212854,1194307160,55074811510,1322,4751
2026-06-14,2,20248252,와일드 씽,2026-06-03,76586,869723,753951860,8437425150,1105,3577
2026-06-14,3,20263030,백룸,2026-05-27,38107,976057,410464720,10372798300,776,1894
2026-06-14,4,20250655,디스클로저 데이,2026-06-10,35230,194670,391290760,2122979120,887,2458
2026-06-14,5,20259626,마이클,2026-05-13,11088,1589035,119952020,17487361360,401,571
2026-06-14,6,20263512,이상한 과자 가게 전천당,2026-05-29,9807,159163,89187310,1446345990,405,555
2026-06-14,7,20264331,디어 마이 히어로,,5500,5500,27500000,27500000,120,328
2026-06-14,8,20261766,상자 속의 양,2026-06-10,5104,41753,48405860,381973580,418,553
2026-06-14,9,20258236,만달로리안과 그로구,2026-05-27,4763,212675,54168910,2571532770,153,220
2026-06-14,10,20163018,싱 스트리트,2016-05-19,2887,589440,30755600,4707146472,115,135
2026-06-15,1,20252402,군체,2026-05-21,33836,5246690,337376130,55412187640,1131,4040
2026-06-15,2,20248252,와일드 씽,2026-06-03,23666,893389,225892920,8663318070,893,2974
2026-06-15,3,20263030,백룸,2026-05-27,11897,987954,127343160,10500141460,639,1516
2026-06-15,4,20250655,디스클로저 데이,2026-06-10,10366,205036,111210200,2234189320,766,2050
2026-06-15,5,20259626,마이클,2026-05-13,3201,1592236,32892280,17520253640,357,501
2026-06-15,6,20242402,눈동자,2026-06-24,2879,3102,28179000,30186000,13,13
2026-06-15,7,20261766,상자 속의 양,2026-06-10,2293,44046,20988620,402962200,368,521
2026-06-15,8,20258236,만달로리안과 그로구,2026-05-27,1819,214494,19988250,2591521020,129,192
2026-06-15,9,20264331,디어 마이 히어로,,1758,7258,8790000,36290000,110,279
2026-06-15,10,20163018,싱 스트리트,2016-05-19,1274,590714,12610400,4719756872,111,142
2026-06-16,1,20252402,군체,2026-05-21,32022,5278712,324208640,55736396280,1146,3973
2026-06-16,2,20248252,와일드 씽,2026-06-03,24984,918373,235796930,8899115000,935,2990
2026-06-16,3,20263030,백룸,2026-05-27,12240,1000194,131852560,10631994020,649,1510
2026-06-16,4,20250655,디스클로저 데이,2026-06-10,9976,215012,105651700,2339841020,783,1998
2026-06-16,5,20259626,마이클,2026-05-13,3563,1595799,36973120,17557226760,358,505
2026-06-16,6,20261766,상자 속의 양,2026-06-10,3068,47114,27564820,430527020,389,561
2026-06-16,7,20258236,만달로리안과 그로구,2026-05-27,2071,216565,22434930,2613955950,133,197
2026-06-16,8,20264331,디어 마이 히어로,,1461,8719,7305000,43595000,113,279
2026-06-16,9,20263344,너바나 더 밴드 : 전설적 밴드 ‘너바나’와는 별 관련 없는 ‘너바나 더 밴드’의 콤비 맷과 제이. 어느 날 공연을 위해 타임머신을 만드는 황당한 작전을 세우고 처음 만났던 17년 전으로 돌,2026-05-20,1428,70506,11955700,778958200,56,64
2026-06-16,10,20258945,너만 보이는 날,2026-06-24,1320,3367,11880000,30383000,6,6
2026-06-17,1,20259781,토이 스토리 5,2026-06-17,94694,96231,997525790,1021342790,1538,6104
2026-06-17,2,20252402,군체,2026-05-21,30906,5309618,308726760,56045123040,936,2808
2026-06-17,3,20248252,와일드 씽,2026-06-03,25267,943640,235659920,9134774920,786,2312
2026-06-17,4,20263030,백룸,2026-05-27,9898,1010092,106129420,10738123440,513,908
2026-06-17,5,20248484,신사: 악귀의 속삭임,2026-06-17,7145,8897,66759450,86055450,207,403
2026-06-17,6,20250655,디스클로저 데이,2026-06-10,5600,220612,53877390,2393718410,569,849
2026-06-17,7,20261766,상자 속의 양,2026-06-10,3661,50775,31614840,462141860,224,276
2026-06-17,8,20149629,비긴 어게인,2014-08-13,3115,3716553,34177750,29618610321,119,192
2026-06-17,9,20259626,마이클,2026-05-13,1880,1597679,19571530,17576798290,207,246
2026-06-17,10,20163018,싱 스트리트,2016-05-19,1603,593628,15871900,4748074022,78,96
2026-06-18,1,20259781,토이 스토리 5,2026-06-17,63122,159353,663139770,1684482560,1495,5801
2026-06-18,2,20252402,군체,2026-05-21,29223,5338841,296296190,56341419230,914,2752
2026-06-18,3,20248252,와일드 씽,2026-06-03,23360,967000,220573200,9355348120,786,2286
2026-06-18,4,20263030,백룸,2026-05-27,10760,1020852,116524030,10854647470,495,876
2026-06-18,5,20263948,에픽: 엘비스 프레슬리 콘서트,2026-07-01,4947,5073,34629000,35511000,26,26
2026-06-18,6,20250655,디스클로저 데이,2026-06-10,4549,225161,45830060,2439548470,543,781
2026-06-18,7,20248484,신사: 악귀의 속삭임,2026-06-17,4213,13110,37817500,123872950,209,366
2026-06-18,8,20261766,상자 속의 양,2026-06-10,3636,54411,31270400,493412260,232,278
2026-06-18,9,20259626,마이클,2026-05-13,2693,1600372,28982150,17605780440,213,255
2026-06-18,10,20149629,비긴 어게인,2014-08-13,2180,3718733,24145300,29642755621,115,188
2026-06-19,1,20259781,토이 스토리 5,2026-06-17,90267,249620,973355600,2657838160,1564,6209
2026-06-19,2,20252402,군체,2026-05-21,37964,5376805,408154250,56749573480,970,2896
2026-06-19,3,20248252,와일드 씽,2026-06-03,25202,992202,252416210,9607764330,820,2391
2026-06-19,4,20263030,백룸,2026-05-27,15036,1035888,170529910,11025177380,531,1005
2026-06-19,5,20250655,디스클로저 데이,2026-06-10,4478,229639,48420390,2487968860,473,662
2026-06-19,6,20248484,신사: 악귀의 속삭임,2026-06-17,3734,16844,38305400,162178350,208,366
2026-06-19,7,20261766,상자 속의 양,2026-06-10,3420,57831,30268850,523681110,224,264
2026-06-19,8,20149629,비긴 어게인,2014-08-13,2655,3721388,30885600,29673641221,119,198
2026-06-19,9,20259626,마이클,2026-05-13,2142,1602514,23748900,17629529340,200,249
2026-06-19,10,19960126,비포 선라이즈,1996-03-30,1209,94778,12952200,831724806,91,126
2026-06-20,1,20259781,토이 스토리 5,2026-06-17,335726,585346,3474897420,6132735580,1847,8510
2026-06-20,2,20252402,군체,2026-05-21,87583,5464388,919409470,57668982950,1004,3015
2026-06-20,3,20248252,와일드 씽,2026-06-03,62542,1054744,622960600,10230724930,829,2525
2026-06-20,4,20263030,백룸,2026-05-27,28414,1064302,311141800,11336319180,560,1054
2026-06-20,5,20248484,신사: 악귀의 속삭임,2026-06-17,9601,26445,106269950,268448300,224,373
2026-06-20,6,20250655,디스클로저 데이,2026-06-10,7669,237308,78552130,2566520990,437,586
2026-06-20,7,20259626,마이클,2026-05-13,5030,1607544,54816810,17684346150,204,240
2026-06-20,8,20149629,비긴 어게인,2014-08-13,4766,3726154,59153500,29732794721,123,185
2026-06-20,9,20261766,상자 속의 양,2026-06-10,3301,61132,31434490,555115600,195,224
2026-06-20,10,20258236,만달로리안과 그로구,2026-05-27,2405,221481,34181390,2681034030,84,98
2026-06-21,1,20259781,토이 스토리 5,2026-06-17,287035,872381,2945933060,9078668640,1837,8198
2026-06-21,2,20252402,군체,2026-05-21,63119,5527507,652418230,58321401180,952,2837
2026-06-21,3,20248252,와일드 씽,2026-06-03,45799,1100543,453639610,10684364540,800,2360
2026-06-21,4,20263030,백룸,2026-05-27,22444,1086746,247341780,11583660960,554,988
2026-06-21,5,20248484,신사: 악귀의 속삭임,2026-06-17,6973,33418,77449100,345897400,217,347
2026-06-21,6,20250655,디스클로저 데이,2026-06-10,5946,243254,60393110,2626914100,436,577
2026-06-21,7,20259626,마이클,2026-05-13,4335,1611879,45799990,17730146140,195,232
2026-06-21,8,20149629,비긴 어게인,2014-08-13,3242,3729396,37627100,29770421821,117,174
2026-06-21,9,20261766,상자 속의 양,2026-06-10,2580,63712,24728500,579844100,198,223
2026-06-21,10,20264331,디어 마이 히어로,,2475,15722,12375000,78610000,153,185
2026-06-22,1,20259781,토이 스토리 5,2026-06-17,59378,931759,624753060,9703421700,1399,5599
2026-06-22,2,20252402,군체,2026-05-21,25259,5552766,256198950,58577600130,867,2671
2026-06-22,3,20248252,와일드 씽,2026-06-03,16114,1116657,155070570,10839435110,714,2131
2026-06-22,4,20263030,백룸,2026-05-27,11277,1098023,121440000,11705100960,514,949
2026-06-22,5,20250655,디스클로저 데이,2026-06-10,2658,245912,26499480,2653413580,424,571
2026-06-22,6,20248484,신사: 악귀의 속삭임,2026-06-17,2332,35750,23123550,369020950,196,320
2026-06-22,7,20261766,상자 속의 양,2026-06-10,2158,65870,18763300,598607400,203,237
2026-06-22,8,20149629,비긴 어게인,2014-08-13,2025,3731421,22551900,29792973721,114,202
2026-06-22,9,20259626,마이클,2026-05-13,1875,1613754,19384680,17749530820,201,264
2026-06-22,10,19960126,비포 선라이즈,1996-03-30,1135,99870,11861400,892081006,100,130
2026-06-23,1,20259781,토이 스토리 5,2026-06-17,59813,991572,627097930,10330519630,1441,5569
2026-06-23,2,20252402,군체,2026-05-21,23250,5576016,235565980,58813166110,885,2654
2026-06-23,3,20248252,와일드 씽,2026-06-03,17890,1134547,167352420,11006787530,760,2225
2026-06-23,4,20263030,백룸,2026-05-27,10439,1108462,113216720,11818317680,503,937
2026-06-23,5,20250655,디스클로저 데이,2026-06-10,3424,249336,33762550,2687176130,435,582
2026-06-23,6,20248484,신사: 악귀의 속삭임,2026-06-17,2232,37982,20667950,389688900,201,323
2026-06-23,7,20259626,마이클,2026-05-13,2093,1615847,21471980,17771002800,217,281
2026-06-23,8,20149629,비긴 어게인,2014-08-13,2052,3733473,22744350,29815718071,117,208
2026-06-23,9,20261766,상자 속의 양,2026-06-10,1931,67801,16686300,615293700,213,251
2026-06-23,10,19960126,비포 선라이즈,1996-03-30,1295,101165,14042700,906123706,98,128
2026-06-24,1,20259781,토이 스토리 5,2026-06-17,75206,1066778,714100090,11044619720,1254,4315
2026-06-24,2,20250489,슈퍼걸,2026-06-24,34938,35754,350517560,363237560,883,2916
2026-06-24,2,20242402,눈동자,2026-06-24,34938,38411,320060870,353585870,789,2559
2026-06-24,4,20252402,군체,2026-05-21,24627,5600643,234278960,59047445070,706,1809
2026-06-24,5,20248252,와일드 씽,2026-06-03,19418,1153965,176013150,11182800680,651,1496
2026-06-24,6,20263030,백룸,2026-05-27,8608,1117070,86090650,11904408330,339,503
2026-06-24,7,20261524,짝사랑 세계,2026-06-24,3562,3994,25118980,29006980,150,275
2026-06-24,8,20258945,너만 보이는 날,2026-06-24,3337,6704,29351800,59734800,158,201
2026-06-24,9,20246318,해피엔드,2025-04-30,1514,136582,13473950,1342114950,82,92
2026-06-24,10,20250655,디스클로저 데이,2026-06-10,1506,250842,14702400,2701878530,105,113
2026-06-25,1,20259781,토이 스토리 5,2026-06-17,47610,1114388,484400580,11529020300,1193,4022
2026-06-25,2,20242402,눈동자,2026-06-24,33866,72277,330394050,683979920,764,2518
2026-06-25,3,20252402,군체,2026-05-21,17300,5617943,174642340,59222087410,677,1715
2026-06-25,4,20250489,슈퍼걸,2026-06-24,14329,50083,145238890,508476450,830,2476
2026-06-25,5,20248252,와일드 씽,2026-06-03,12409,1166374,114056150,11296856830,607,1400
2026-06-25,6,20263030,백룸,2026-05-27,6360,1123430,69389540,11973797870,340,499
2026-06-25,7,20263948,에픽: 엘비스 프레슬리 콘서트,2026-07-01,4918,9991,34426000,69937000,25,25
2026-06-25,8,20258945,너만 보이는 날,2026-06-24,1927,8631,16757050,76491850,144,183
2026-06-25,9,20263344,너바나 더 밴드 : 전설적 밴드 ‘너바나’와는 별 관련 없는 ‘너바나 더 밴드’의 콤비 맷과 제이. 어느 날 공연을 위해 타임머신을 만드는 황당한 작전을 세우고 처음 만났던 17년 전으로 돌,2026-05-20,1552,81338,10605250,873734950,39,42
2026-06-25,10,20261524,짝사랑 세계,2026-06-24,1495,5489,11259390,40266370,135,226
2026-06-26,1,20259781,토이 스토리 5,2026-06-17,74934,1189322,784834740,12313855040,1308,4755
2026-06-26,2,20242402,눈동자,2026-06-24,48996,121273,494979340,1178959260,795,2711
2026-06-26,3,20252402,군체,2026-05-21,21635,5639578,226349250,59448436660,749,1955
2026-06-26,4,20248252,와일드 씽,2026-06-03,15950,1182324,156294380,11453151210,679,1585
2026-06-26,5,20250489,슈퍼걸,2026-06-24,15817,65900,167226470,675702920,808,2523
2026-06-26,6,20263030,백룸,2026-05-27,7894,1131324,88865950,12062663820,387,602
2026-06-26,7,20264241,정동원 팬콘서트 필름 : 다시 만나는 길,2026-06-26,3353,3353,83825000,83825000,43,79
2026-06-26,8,20258945,너만 보이는 날,2026-06-24,1955,10586,16897800,93389650,139,175
2026-06-26,9,20149629,비긴 어게인,2014-08-13,1610,3737921,18913050,29865596771,73,122
2026-06-26,10,20242837,왕과 사는 남자,2026-02-04,1597,16904375,11933600,163133708190,29,29
2026-06-27,1,20259781,토이 스토리 5,2026-06-17,226045,1415367,2319457890,14633312930,1734,7142
2026-06-27,2,20242402,눈동자,2026-06-24,95028,216301,977287800,2156247060,921,2830
2026-06-27,3,20252402,군체,2026-05-21,41073,5680651,432716140,59881152800,818,1948
2026-06-27,4,20248252,와일드 씽,2026-06-03,28434,1210758,280984390,11734135600,717,1567
2026-06-27,5,20250489,슈퍼걸,2026-06-24,26356,92256,282640680,958343600,806,2087
2026-06-27,6,20263030,백룸,2026-05-27,12449,1143773,137040580,12199704400,361,574
2026-06-27,7,20246318,해피엔드,2025-04-30,2666,141332,35462000,1401653300,76,84
2026-06-27,8,20264241,정동원 팬콘서트 필름 : 다시 만나는 길,2026-06-26,2639,5992,65975000,149800000,42,74
2026-06-27,9,20248484,신사: 악귀의 속삭임,2026-06-17,2570,43273,30848600,443769500,111,138
2026-06-27,10,20261524,짝사랑 세계,2026-06-24,2360,9381,21241660,73810450,133,218
2026-06-28,1,20259781,토이 스토리 5,2026-06-17,201956,1617323,2053814940,16687127870,1705,6806
2026-06-28,2,20242402,눈동자,2026-06-24,88921,305222,922439440,3078686500,955,2774
2026-06-28,3,20252402,군체,2026-05-21,33363,5714014,346105620,60227258420,799,1837
2026-06-28,4,20248252,와일드 씽,2026-06-03,23281,1234039,227928600,11962064200,704,1483
2026-06-28,5,20250489,슈퍼걸,2026-06-24,19591,111847,204673270,1163016870,773,1864
2026-06-28,6,20263030,백룸,2026-05-27,10180,1153953,112966220,12312670620,370,566
2026-06-28,7,20246318,해피엔드,2025-04-30,2546,143878,33665900,1435319200,71,82
2026-06-28,8,20248484,신사: 악귀의 속삭임,2026-06-17,2438,45711,29405100,473174600,102,129
2026-06-28,9,20264241,정동원 팬콘서트 필름 : 다시 만나는 길,2026-06-26,2303,8295,57575000,207375000,42,60
2026-06-28,10,20261524,짝사랑 세계,2026-06-24,2225,11606,20461520,94271970,131,201
2026-06-29,1,20259781,토이 스토리 5,2026-06-17,40699,1658022,419863690,17106991560,1127,4197
2026-06-29,2,20242402,눈동자,2026-06-24,38498,343720,393099650,3471786150,809,2716
2026-06-29,3,20252402,군체,2026-05-21,14403,5728417,143828720,60371087140,672,1759
2026-06-29,4,20248252,와일드 씽,2026-06-03,9414,1243453,88137260,12050201460,610,1418
2026-06-29,5,20250489,슈퍼걸,2026-06-24,6281,118128,61707460,1224724330,670,1615
2026-06-29,6,20263030,백룸,2026-05-27,5213,1159166,56365620,12369036240,343,563
2026-06-29,7,20242837,왕과 사는 남자,2026-02-04,1203,16905949,8472500,163145836140,32,32
2026-06-29,8,20261524,짝사랑 세계,2026-06-24,1164,12770,9472200,103744170,132,238
2026-06-29,9,20149629,비긴 어게인,2014-08-13,1037,3741513,11374250,29906443671,77,110
2026-06-29,10,20264241,정동원 팬콘서트 필름 : 다시 만나는 길,2026-06-26,1027,9322,25675000,233050000,39,56
2026-06-30,1,20259781,토이 스토리 5,2026-06-17,42008,1700030,422576670,17529568230,1156,4210
2026-06-30,2,20242402,눈동자,2026-06-24,39317,383037,396451100,3868237250,832,2790
2026-06-30,3,20252402,군체,2026-05-21,15821,5744238,152933800,60524020940,687,1781
2026-06-30,4,20248252,와일드 씽,2026-06-03,10151,1253604,93477950,12143679410,641,1469
2026-06-30,5,20250489,슈퍼걸,2026-06-24,6075,124203,57685420,1282409750,678,1578
2026-06-30,6,20263030,백룸,2026-05-27,5129,1164295,54460000,12423496240,343,568
2026-06-30,7,20261524,짝사랑 세계,2026-06-24,1422,14192,10015880,113760050,128,231
2026-06-30,8,20258945,너만 보이는 날,2026-06-24,1363,15968,10961300,140667800,135,162
2026-06-30,9,20149629,비긴 어게인,2014-08-13,1116,3742629,12156000,29918599671,77,111
2026-06-30,10,20264241,정동원 팬콘서트 필름 : 다시 만나는 길,2026-06-26,994,10316,24850000,257900000,40,54
2026-07-01,1,20242402,눈동자,2026-06-24,49098,432135,484253960,4352491210,872,2804
2026-07-01,2,20259781,토이 스토리 5,2026-06-17,44064,1744094,432151920,17961720150,1030,3444
2026-07-01,3,20263530,마티 슈프림,2026-07-01,19984,21401,193904300,217160300,738,1625
2026-07-01,4,20252402,군체,2026-05-21,13988,5758226,141312050,60665332990,666,1485
2026-07-01,5,20264056,그린랜드 2: 마이그레이션,2026-07-01,8165,8583,75379040,80077390,378,733
2026-07-01,6,20248252,와일드 씽,2026-06-03,7779,1261383,71287470,12214966880,589,991
2026-07-01,7,20264027,극장판 도라에몽: 신 진구의 해저비밀성,2026-07-01,6619,7521,55607700,66426700,141,538
2026-07-01,8,20264427,극장판 암살교실 모두의 시간,2026-07-01,4845,4845,51645800,51645800,143,214
2026-07-01,9,20263030,백룸,2026-05-27,3866,1168161,40111700,12463607940,229,310
2026-07-01,10,20250489,슈퍼걸,2026-06-24,3193,127396,30624140,1313033890,507,706
2026-07-02,1,20242402,눈동자,2026-06-24,50720,482855,502105750,4854596960,894,2870
2026-07-02,2,20259781,토이 스토리 5,2026-06-17,45353,1789447,445949430,18407669580,1043,3434
2026-07-02,3,20252402,군체,2026-05-21,13009,5771235,130457230,60795790220,667,1465
2026-07-02,4,20263530,마티 슈프림,2026-07-01,10360,31761,103410000,320570300,686,1464
2026-07-02,5,20248252,와일드 씽,2026-06-03,6987,1268370,64777100,12279743980,576,965
2026-07-02,6,20264056,그린랜드 2: 마이그레이션,2026-07-01,6288,14871,56349380,136426770,374,709
2026-07-02,7,20263030,백룸,2026-05-27,3843,1172004,40302970,12503910910,237,312
2026-07-02,8,20264027,극장판 도라에몽: 신 진구의 해저비밀성,2026-07-01,3157,10678,28634200,95060900,143,495
2026-07-02,9,20264427,극장판 암살교실 모두의 시간,2026-07-01,2680,7525,28552350,80198150,145,210
2026-07-02,10,20250489,슈퍼걸,2026-06-24,2567,129963,24055970,1337089860,471,619
2026-07-03,1,20242402,눈동자,2026-06-24,91438,574293,941041030,5795637990,1032,3483
2026-07-03,2,20259781,토이 스토리 5,2026-06-17,72727,1862174,745467220,19153136800,1160,4089
2026-07-03,3,20252402,군체,2026-05-21,19053,5790288,197652810,60993443030,682,1452
2026-07-03,4,20263530,마티 슈프림,2026-07-01,10570,42331,112328290,432898590,656,1391
2026-07-03,5,20248252,와일드 씽,2026-06-03,8944,1277314,88140490,12367884470,606,1006
2026-07-03,6,20263030,백룸,2026-05-27,6085,1178089,66459970,12570370880,262,363
2026-07-03,7,20264056,그린랜드 2: 마이그레이션,2026-07-01,5656,20527,54036780,190463550,370,660
2026-07-03,8,20264027,극장판 도라에몽: 신 진구의 해저비밀성,2026-07-01,5371,16049,45713650,140774550,148,543
2026-07-03,9,20250489,슈퍼걸,2026-06-24,2555,132518,24436400,1361526260,412,516
2026-07-03,10,20264427,극장판 암살교실 모두의 시간,2026-07-01,2496,10021,26992200,107190350,137,201
2026-07-04,1,20259781,토이 스토리 5,2026-06-17,183905,2046079,1868070190,21021206990,1496,6058
2026-07-04,2,20242402,눈동자,2026-06-24,141257,715550,1440932480,7236570470,1177,4257
2026-07-04,3,20252402,군체,2026-05-21,27477,5817765,284293410,61277736440,711,1306
2026-07-04,4,20263530,마티 슈프림,2026-07-01,15083,57414,165139780,598038370,656,1143
2026-07-04,5,20248252,와일드 씽,2026-06-03,14047,1291361,140215530,12508100000,557,917
2026-07-04,6,20264027,극장판 도라에몽: 신 진구의 해저비밀성,2026-07-01,12650,28699,114869150,255643700,194,616
2026-07-04,7,20264056,그린랜드 2: 마이그레이션,2026-07-01,7954,28481,78780490,269244040,353,562
2026-07-04,8,20263030,백룸,2026-05-27,7607,1185696,81337670,12651708550,240,347
2026-07-04,9,20264427,극장판 암살교실 모두의 시간,2026-07-01,3746,13767,39270300,146460650,133,185
2026-07-04,10,20250489,슈퍼걸,2026-06-24,3280,135798,31833920,1393360180,365,484
2026-07-05,1,20259781,토이 스토리 5,2026-06-17,172402,2218481,1739730750,22760937740,1463,5799
2026-07-05,2,20242402,눈동자,2026-06-24,127134,842684,1307395760,8543966230,1157,4082
2026-07-05,3,20252402,군체,2026-05-21,24538,5842303,252991750,61530728190,680,1241
2026-07-05,4,20263530,마티 슈프림,2026-07-01,12848,70262,142326980,740365350,627,1065
2026-07-05,5,20248252,와일드 씽,2026-06-03,12250,1303611,119173390,12627273390,554,865
2026-07-05,6,20264027,극장판 도라에몽: 신 진구의 해저비밀성,2026-07-01,11358,40057,108132600,363776300,194,592
2026-07-05,7,20264056,그린랜드 2: 마이그레이션,2026-07-01,7092,35573,70569240,339813280,349,550
2026-07-05,8,20263030,백룸,2026-05-27,6387,1192083,68131960,12719840510,235,325
2026-07-05,9,20262902,다윗,2026-07-10,4968,16159,41267600,139459600,87,87
2026-07-05,10,20264427,극장판 암살교실 모두의 시간,2026-07-01,3453,17220,36534950,182995600,132,180
2026-07-06,1,20242402,눈동자,2026-06-24,43648,886332,439220960,8983187190,994,3534
2026-07-06,2,20259781,토이 스토리 5,2026-06-17,30951,2249432,310925150,23071862890,987,3305
2026-07-06,3,20252402,군체,2026-05-21,9642,5851945,100448800,61631176990,624,1416
2026-07-06,4,20263530,마티 슈프림,2026-07-01,5506,75768,57034710,797400060,553,1020
2026-07-06,5,20248252,와일드 씽,2026-06-03,4806,1308417,44918750,12672192140,491,831
2026-07-06,6,20263030,백룸,2026-05-27,2775,1194858,29473300,12749313810,229,314
2026-07-06,7,20264056,그린랜드 2: 마이그레이션,2026-07-01,2587,38160,24681370,364494650,327,525
2026-07-06,8,20264027,극장판 도라에몽: 신 진구의 해저비밀성,2026-07-01,1604,41661,16379400,380155700,132,387
2026-07-06,9,20264427,극장판 암살교실 모두의 시간,2026-07-01,1313,18533,14055050,197050650,125,175
2026-07-06,10,20264352,앤팀 브이알 콘서트 : 바운드리스,2026-06-26,1041,8609,37383000,309282000,1,8
2026-07-07,1,20242402,눈동자,2026-06-24,44464,930796,443146330,9426333520,1002,3536
2026-07-07,2,20259781,토이 스토리 5,2026-06-17,33386,2282818,333113730,23404976620,1026,3360
2026-07-07,3,20252402,군체,2026-05-21,9370,5861315,96531700,61727708690,608,1379
2026-07-07,4,20263530,마티 슈프림,2026-07-01,5542,81310,56279800,853679860,562,1025
2026-07-07,5,20248252,와일드 씽,2026-06-03,4631,1313048,43375100,12715567240,501,821
2026-07-07,6,20264056,그린랜드 2: 마이그레이션,2026-07-01,3039,41199,28259500,392754150,337,540
2026-07-07,7,20263030,백룸,2026-05-27,2736,1197594,29173800,12778487610,229,314
2026-07-07,8,20261524,짝사랑 세계,2026-06-24,1671,23203,11382000,183745680,109,153
2026-07-07,9,20264027,극장판 도라에몽: 신 진구의 해저비밀성,2026-07-01,1482,43143,15022200,395177900,126,366
2026-07-07,10,20264427,극장판 암살교실 모두의 시간,2026-07-01,1344,19877,14370000,211420650,124,171
2026-07-08,1,20259946,모아나,2026-07-08,67025,67649,669874810,680482810,1374,5260
2026-07-08,2,20242402,눈동자,2026-06-24,50512,981308,473954840,9900288360,982,3538
2026-07-08,3,20259781,토이 스토리 5,2026-06-17,34341,2317159,317517550,23722494170,756,2284
2026-07-08,4,20252402,군체,2026-05-21,8621,5869936,83813500,61811522190,524,889
2026-07-08,5,20248252,와일드 씽,2026-06-03,4218,1317266,35945850,12751513090,332,480
2026-07-08,6,20263530,마티 슈프림,2026-07-01,3757,85067,36736850,890416710,200,239
2026-07-08,7,20262651,하나 코리아,2026-07-08,2500,4129,21131850,39891750,170,228
2026-07-08,8,20263030,백룸,2026-05-27,1963,1199557,19573500,12798061110,108,145
2026-07-08,9,20261410,키퍼,2026-07-08,1948,1948,13428900,13428900,119,194
2026-07-08,10,20261467,시크릿 에이전트,2026-07-08,1742,2779,16242150,27253420,83,93
2026-07-09,1,20259946,모아나,2026-07-08,39887,107536,439641000,1120123810,1349,4937
2026-07-09,2,20242402,눈동자,2026-06-24,38125,1019433,397856450,10298144810,960,3499
2026-07-09,3,20259781,토이 스토리 5,2026-06-17,24625,2341784,254272790,23976766960,756,2288
2026-07-09,4,20252402,군체,2026-05-21,7381,5877317,77814590,61889336780,530,895
2026-07-09,5,20248252,와일드 씽,2026-06-03,3641,1320907,30304300,12781817390,345,495
2026-07-09,6,20264056,그린랜드 2: 마이그레이션,2026-07-01,3012,45712,26526200,433782750,154,200
2026-07-09,7,20263530,마티 슈프림,2026-07-01,2737,87804,30434700,920851410,204,235
2026-07-09,8,20262651,하나 코리아,2026-07-08,2136,6265,17812050,57703800,146,204
2026-07-09,9,20261410,키퍼,2026-07-08,1491,3439,10121950,23550850,99,175
2026-07-09,10,20263030,백룸,2026-05-27,1319,1200876,15213850,12813274960,107,142
2026-07-10,1,20259946,모아나,2026-07-08,58817,166353,677949060,1798072870,1329,5091
2026-07-10,2,20242402,눈동자,2026-06-24,50730,1070163,556516060,10854660870,956,3476
2026-07-10,3,20259781,토이 스토리 5,2026-06-17,36305,2378089,382208530,24358975490,745,2290
2026-07-10,4,20262902,다윗,2026-07-10,7840,25634,81992220,235386620,547,1191
2026-07-10,5,20252402,군체,2026-05-21,7837,5885154,87793600,61977130380,501,789
2026-07-10,6,20248252,와일드 씽,2026-06-03,3787,1324694,33009550,12814826940,318,434
2026-07-10,7,20263530,마티 슈프림,2026-07-01,3526,91330,39670100,960521510,202,231
2026-07-10,8,20264056,그린랜드 2: 마이그레이션,2026-07-01,2819,48531,25785900,459568650,136,162
2026-07-10,9,20262651,하나 코리아,2026-07-08,2139,8404,19328800,77032600,140,192
2026-07-10,10,20263030,백룸,2026-05-27,1807,1202683,22060900,12835335860,126,154
2026-07-11,1,20259946,모아나,2026-07-08,180176,346529,2016796640,3814869510,1449,6004
2026-07-11,2,20242402,눈동자,2026-06-24,111498,1181661,1215565510,12070226380,1026,3833
2026-07-11,3,20259781,토이 스토리 5,2026-06-17,103545,2481634,1126596760,25485572250,994,3128
2026-07-11,4,20262902,다윗,2026-07-10,23132,48766,235651590,471038210,649,1343
2026-07-11,5,20252402,군체,2026-05-21,15644,5900798,175498700,62152629080,517,777
2026-07-11,6,20263530,마티 슈프림,2026-07-01,5870,97200,71051950,1031573460,195,214
2026-07-11,7,20264027,극장판 도라에몽: 신 진구의 해저비밀성,2026-07-01,5580,52270,58551550,490319400,199,347
2026-07-11,8,20233219,호프,2026-07-15,5096,5630,76440000,84426000,27,27
2026-07-11,9,20248252,와일드 씽,2026-06-03,4813,1329507,42988250,12857815190,301,379
2026-07-11,10,20263030,백룸,2026-05-27,3479,1206162,42134300,12877470160,119,154
2026-07-12,1,20259946,모아나,2026-07-08,164927,511456,1824374270,5639243780,1435,5749
2026-07-12,2,20259781,토이 스토리 5,2026-06-17,98662,2580296,1060338000,26545910250,1012,3094
2026-07-12,3,20242402,눈동자,2026-06-24,95577,1277238,1039009150,13109235530,1035,3626
2026-07-12,4,20262902,다윗,2026-07-10,26703,75469,269567020,740605230,669,1249
2026-07-12,5,20252402,군체,2026-05-21,13527,5914325,150602370,62303231450,501,736
2026-07-12,6,20233219,호프,2026-07-15,5050,10680,75750000,160176000,27,27
2026-07-12,7,20263530,마티 슈프림,2026-07-01,4890,102090,54726100,1086299560,187,209
2026-07-12,8,20264027,극장판 도라에몽: 신 진구의 해저비밀성,2026-07-01,4880,57150,51602950,541922350,188,323
2026-07-12,9,20248252,와일드 씽,2026-06-03,3721,1333228,32698100,12890513290,269,329
2026-07-12,10,20263030,백룸,2026-05-27,2901,1209063,34311950,12911782110,111,148
2026-07-13,1,20259946,모아나,2026-07-08,29084,540540,322845250,5962089030,1127,4097
2026-07-13,2,20242402,눈동자,2026-06-24,26897,1304135,287804770,13397040300,898,3214
2026-07-13,3,20259781,토이 스토리 5,2026-06-17,17731,2598027,184909200,26730819450,697,2082
2026-07-13,4,20252402,군체,2026-05-21,6106,5920431,64586700,62367818150,493,788
2026-07-13,5,20262902,다윗,2026-07-10,5314,80783,55746350,796351580,455,922
2026-07-13,6,20233219,호프,2026-07-15,4365,15045,42309000,202485000,17,17
2026-07-13,7,20263530,마티 슈프림,2026-07-01,2961,105051,33420950,1119720510,185,211
2026-07-13,8,20248252,와일드 씽,2026-06-03,1947,1335175,16734300,12907247590,272,337
2026-07-13,9,20264056,그린랜드 2: 마이그레이션,2026-07-01,1346,53889,13169800,514545200,130,160
2026-07-13,10,20263030,백룸,2026-05-27,1325,1210388,15534050,12927316160,105,139
2026-07-14,1,20259946,모아나,2026-07-08,25966,566506,282484450,6244573480,1155,3922
2026-07-14,2,20242402,눈동자,2026-06-24,22901,1327036,245576930,13642617230,890,3096
2026-07-14,3,20259781,토이 스토리 5,2026-06-17,17149,2615176,175798050,26906617500,700,2072
2026-07-14,4,20252402,군체,2026-05-21,5977,5926408,61387200,62429205350,502,791
2026-07-14,5,20262902,다윗,2026-07-10,5797,86580,58185850,854537430,483,900
2026-07-14,6,20263530,마티 슈프림,2026-07-01,3118,108169,34668400,1154388910,195,227
2026-07-14,7,20248252,와일드 씽,2026-06-03,2427,1337602,22360800,12929608390,288,369
2026-07-14,8,20233219,호프,2026-07-15,2313,17358,33223000,235708000,7,7
2026-07-14,9,20263030,백룸,2026-05-27,1158,1211546,13637750,12940953910,101,129
2026-07-14,10,20262651,하나 코리아,2026-07-08,993,12896,9248250,119943450,131,167
2026-07-15,1,20233219,호프,2026-07-15,333886,351244,3668205360,3903913360,2403,8343
2026-07-15,2,20261784,미니언즈 & 몬스터즈,2026-07-15,31725,35562,328214270,362105030,851,2448
2026-07-15,3,20259946,모아나,2026-07-08,13018,579524,134229500,6378802980,657,1142
2026-07-15,4,20242402,눈동자,2026-06-24,11859,1338895,122870500,13765487730,579,913
2026-07-15,5,20259781,토이 스토리 5,2026-06-17,8518,2623694,82932620,26989550120,440,584
2026-07-15,6,20262902,다윗,2026-07-10,3976,90556,35281350,889818780,312,368
2026-07-15,7,20263530,마티 슈프림,2026-07-01,1386,109555,17953900,1172342810,66,70
2026-07-15,8,20248252,와일드 씽,2026-06-03,1205,1338807,10023350,12939631740,46,48
2026-07-15,9,20252402,군체,2026-05-21,1122,5927530,11343050,62440548400,126,144
2026-07-15,10,20261421,나무의 노래,,1033,4185,9297000,36505000,6,6
2026-07-16,1,20233219,호프,2026-07-15,274440,625684,3000925120,6904838480,2424,8592
2026-07-16,2,20261784,미니언즈 & 몬스터즈,2026-07-15,30647,66209,307914930,670019960,893,2425
2026-07-16,3,20259946,모아나,2026-07-08,19016,598540,191877660,6570680640,709,1244
2026-07-16,4,20242402,눈동자,2026-06-24,16755,1355650,171895100,13937382830,626,989
2026-07-16,5,20259781,토이 스토리 5,2026-06-17,11751,2635445,116927250,27106477370,498,691
2026-07-16,6,20262902,다윗,2026-07-10,4642,95198,42834450,932653230,321,372
2026-07-16,7,20252402,군체,2026-05-21,2069,5929599,20607100,62461155500,142,164
2026-07-16,8,20263530,마티 슈프림,2026-07-01,1678,111233,17750400,1190093210,60,67
2026-07-16,9,20242837,왕과 사는 남자,2026-02-04,662,16912665,4391500,163192265340,14,14
2026-07-16,10,20259551,파리의 사생활,2026-07-15,590,1391,5229450,13285700,30,32
2026-07-17,1,20233219,호프,2026-07-15,594768,1220452,6683752260,13588590740,2386,8997
2026-07-17,2,20261784,미니언즈 & 몬스터즈,2026-07-15,126338,192547,1319042570,1989062530,1043,3098
2026-07-17,3,20259946,모아나,2026-07-08,67550,666090,708200360,7278881000,774,1462
2026-07-17,4,20259781,토이 스토리 5,2026-06-17,42786,2678231,458698460,27565175830,566,847
2026-07-17,5,20242402,눈동자,2026-06-24,30840,1386490,331535670,14268918500,614,946
2026-07-17,6,20262902,다윗,2026-07-10,22707,117905,227917890,1160571120,362,441
2026-07-17,7,20252402,군체,2026-05-21,6738,5936337,82266100,62543421600,131,159
2026-07-17,8,20264027,극장판 도라에몽: 신 진구의 해저비밀성,2026-07-01,2288,61600,22827200,587525600,78,85
2026-07-17,9,20263530,마티 슈프림,2026-07-01,2034,113267,22218970,1212312180,75,78
2026-07-17,10,20264718,블리치 천년혈전 편 : 화진담,2026-07-04,1302,11791,16840000,158249000,10,12
2026-07-18,1,20233219,호프,2026-07-15,512174,1732626,5741108520,19329699260,2376,8919
2026-07-18,2,20261784,미니언즈 & 몬스터즈,2026-07-15,96184,288731,1008976360,2998038890,1034,3003
2026-07-18,3,20259946,모아나,2026-07-08,56032,722122,587196400,7866077400,823,1533
2026-07-18,4,20259781,토이 스토리 5,2026-06-17,37157,2715388,404654280,27969830110,605,923
2026-07-18,5,20242402,눈동자,2026-06-24,24828,1411318,269537300,14538455800,598,901
2026-07-18,6,20262902,다윗,2026-07-10,20276,138181,202855250,1363426370,399,500
2026-07-18,7,20252402,군체,2026-05-21,2950,5939287,33374400,62576796000,121,142
2026-07-18,8,20264027,극장판 도라에몽: 신 진구의 해저비밀성,2026-07-01,2457,64057,22477250,610002850,88,108
2026-07-18,9,20263530,마티 슈프림,2026-07-01,2086,115353,28178650,1240490830,67,73
2026-07-18,10,20264718,블리치 천년혈전 편 : 화진담,2026-07-04,1212,13003,15972000,174221000,11,12
2026-07-19,1,20233219,호프,2026-07-15,397003,2129629,4405144440,23734843700,2334,8399
2026-07-19,2,20261784,미니언즈 & 몬스터즈,2026-07-15,85957,374688,891152580,3889191470,1039,2902
2026-07-19,3,20259946,모아나,2026-07-08,49965,772087,518125570,8384202970,846,1503
2026-07-19,4,20259781,토이 스토리 5,2026-06-17,34777,2750165,370677140,28340507250,596,926
2026-07-19,5,20262902,다윗,2026-07-10,21569,159750,214691500,1578117870,418,521
2026-07-19,6,20242402,눈동자,2026-06-24,19890,1431208,215820980,14754276780,577,858
2026-07-19,7,20252402,군체,2026-05-21,1846,5941133,20615900,62597411900,113,124
2026-07-19,8,20263530,마티 슈프림,2026-07-01,1730,117083,21355450,1261846280,69,76
2026-07-19,9,20264027,극장판 도라에몽: 신 진구의 해저비밀성,2026-07-01,1679,65736,16829600,626832450,83,100
2026-07-19,10,20264718,블리치 천년혈전 편 : 화진담,2026-07-04,977,13980,12498000,186719000,9,10
2026-07-20,1,20233219,호프,2026-07-15,143061,2272690,1522232140,25257075840,2209,7657
2026-07-20,2,20261784,미니언즈 & 몬스터즈,2026-07-15,16807,391495,171812230,4061003700,765,1938
2026-07-20,3,20259946,모아나,2026-07-08,11094,783181,115022350,8499225320,649,1216
2026-07-20,4,20242402,눈동자,2026-06-24,10217,1441425,108068050,14862344830,597,1007
2026-07-20,5,20259781,토이 스토리 5,2026-06-17,7510,2757675,77806850,28418314100,486,706
2026-07-20,6,20262902,다윗,2026-07-10,3242,162992,31584200,1609702070,298,367
2026-07-20,7,20252402,군체,2026-05-21,1125,5942258,11895350,62609307250,137,162
2026-07-20,8,20263530,마티 슈프림,2026-07-01,881,117964,9671350,1271517630,57,67
2026-07-20,9,20264665,드림 애니멀즈: 더무비,2026-07-24,654,8355,5886000,76514800,5,5
2026-07-20,10,20259551,파리의 사생활,2026-07-15,352,3736,3178250,36963200,26,27
2026-07-21,1,20233219,호프,2026-07-15,128899,2401589,1344281460,26601357300,2224,7696
2026-07-21,2,20261784,미니언즈 & 몬스터즈,2026-07-15,18765,410260,185873530,4246877230,822,2003
2026-07-21,3,20259946,모아나,2026-07-08,12634,795815,126872070,8626097390,667,1266
2026-07-21,4,20242402,눈동자,2026-06-24,12341,1453766,126423600,14988768430,621,1030
2026-07-21,5,20259781,토이 스토리 5,2026-06-17,8400,2766075,84155290,28502469390,503,741
2026-07-21,6,20262902,다윗,2026-07-10,3362,166354,32834750,1642536820,306,369
2026-07-21,7,20252402,군체,2026-05-21,1252,5943510,13139400,62622446650,134,160
2026-07-21,8,20262381,사랑의 하츄핑: 고래보석의 전설,2026-08-05,874,874,7866000,7866000,4,4
2026-07-21,9,20263530,마티 슈프림,2026-07-01,815,118779,8463100,1279980730,51,61
2026-07-21,10,20248252,와일드 씽,2026-06-03,713,1341798,6654950,12964695040,39,42
2026-07-22,1,20233219,호프,2026-07-15,131739,2533328,1346667560,27948024860,2230,7678
2026-07-22,2,20261784,미니언즈 & 몬스터즈,2026-07-15,18075,428335,175919190,4422796420,759,1891
2026-07-22,3,20259946,모아나,2026-07-08,13159,808974,132122460,8758219850,709,1378
2026-07-22,4,20242402,눈동자,2026-06-24,11292,1465058,114971420,15103739850,610,1092
2026-07-22,5,20259781,토이 스토리 5,2026-06-17,9028,2775103,88939870,28591409260,517,792
2026-07-22,6,20262902,다윗,2026-07-10,3002,169356,28969150,1671505970,305,376
2026-07-22,7,20264753,호컴,2026-07-22,2032,3142,17871200,27511200,124,192
2026-07-22,8,20236493,지느러미,2026-07-22,1543,2542,14895450,25387750,54,70
2026-07-22,9,20252402,군체,2026-05-21,1414,5944924,15012200,62637458850,145,174
2026-07-22,10,20263530,마티 슈프림,2026-07-01,1216,119995,12745350,1292726080,58,71
2026-07-23,1,20233219,호프,2026-07-15,114997,2648325,1174720200,29122745060,2222,7628
2026-07-23,2,20261784,미니언즈 & 몬스터즈,2026-07-15,16713,445048,158052140,4580848560,766,1884
2026-07-23,3,20259946,모아나,2026-07-08,13261,822235,130141970,8888361820,699,1365
2026-07-23,4,20242402,눈동자,2026-06-24,9417,1474475,96438570,15200178420,611,1071
2026-07-23,5,20259781,토이 스토리 5,2026-06-17,8043,2783146,78656050,28670065310,520,800
2026-07-23,6,20262902,다윗,2026-07-10,4502,173858,41817500,1713323470,310,393
2026-07-23,7,20264753,호컴,2026-07-22,1508,4650,13348300,40859500,122,186
2026-07-23,8,20252402,군체,2026-05-21,1281,5946205,13167200,62650626050,153,178
2026-07-23,9,20263530,마티 슈프림,2026-07-01,910,120905,9189650,1301915730,53,68
2026-07-23,10,20250654,오디세이,2026-08-05,624,624,10608000,10608000,1,1
2026-07-24,1,20233219,호프,2026-07-15,153910,2802235,1658248600,30780993660,2256,8064
2026-07-24,2,20261784,미니언즈 & 몬스터즈,2026-07-15,19957,465005,196090780,4776939340,794,1848
2026-07-24,3,20259946,모아나,2026-07-08,16041,838276,160572600,9048934420,743,1414
2026-07-24,4,20242402,눈동자,2026-06-24,9531,1484006,102241700,15302420120,603,1035
2026-07-24,5,20259781,토이 스토리 5,2026-06-17,9456,2792602,97058920,28767124230,526,791
2026-07-24,6,20262902,다윗,2026-07-10,5347,179205,50414700,1763738170,318,393
2026-07-24,7,20264665,드림 애니멀즈: 더무비,2026-07-24,3368,12472,27319050,109862850,305,389
2026-07-24,8,20264753,호컴,2026-07-22,1540,6190,14102200,54961700,123,179
2026-07-24,9,20252402,군체,2026-05-21,1199,5947404,13232820,62663858870,131,156
2026-07-24,10,20248252,와일드 씽,2026-06-03,1112,1344042,8107200,12981378590,41,44
2026-07-25,1,20233219,호프,2026-07-15,327564,3129799,3478826330,34259819990,2258,8412
2026-07-25,2,20261784,미니언즈 & 몬스터즈,2026-07-15,49512,514517,491546840,5268486180,1004,2391
2026-07-25,3,20259946,모아나,2026-07-08,36157,874433,364078680,9413013100,843,1653
2026-07-25,4,20259781,토이 스토리 5,2026-06-17,22032,2814634,227164930,28994289160,640,1013
2026-07-25,5,20262902,다윗,2026-07-10,20331,199536,193831670,1957569840,460,581
2026-07-25,6,20242402,눈동자,2026-06-24,14534,1498540,154391050,15456811170,563,906
2026-07-25,7,20264665,드림 애니멀즈: 더무비,2026-07-24,5690,18162,51606640,161469490,378,518
2026-07-25,8,20263530,마티 슈프림,2026-07-01,1579,123430,20402700,1332438530,58,66
2026-07-25,9,20262381,사랑의 하츄핑: 고래보석의 전설,2026-08-05,1558,2983,17138000,29963000,6,6
2026-07-25,10,20252402,군체,2026-05-21,1447,5948851,15958770,62679817640,112,127
2026-07-26,1,20233219,호프,2026-07-15,285870,3415669,3001077110,37260897100,2245,8010
2026-07-26,2,20261784,미니언즈 & 몬스터즈,2026-07-15,48445,562962,477803500,5746289680,981,2307
2026-07-26,3,20259946,모아나,2026-07-08,34802,909235,346767280,9759780380,860,1607
2026-07-26,4,20259781,토이 스토리 5,2026-06-17,22487,2837121,229075600,29223364760,622,987
2026-07-26,5,20262902,다윗,2026-07-10,20815,220351,200143340,2157713180,441,542
2026-07-26,6,20242402,눈동자,2026-06-24,13074,1511614,138652370,15595463540,521,823
2026-07-26,7,20264665,드림 애니멀즈: 더무비,2026-07-24,6242,24404,57326820,218796310,378,509
2026-07-26,8,20263530,마티 슈프림,2026-07-01,1877,125307,24763550,1357202080,67,76
2026-07-26,9,20252402,군체,2026-05-21,1131,5949982,11759500,62691577140,104,119
2026-07-26,10,20264027,극장판 도라에몽: 신 진구의 해저비밀성,2026-07-01,979,69574,9367150,663780000,70,80
2026-07-27,1,20233219,호프,2026-07-15,103400,3519069,1057523480,38318420580,2096,7272
2026-07-27,2,20261784,미니언즈 & 몬스터즈,2026-07-15,21401,584363,202780900,5949070580,774,1856
2026-07-27,3,20259946,모아나,2026-07-08,15049,924284,145849290,9905629670,704,1403
2026-07-27,4,20259781,토이 스토리 5,2026-06-17,11521,2848642,112255100,29335619860,522,854
2026-07-27,5,20242402,눈동자,2026-06-24,6698,1518312,68698000,15664161540,545,885
2026-07-27,6,20262902,다윗,2026-07-10,5037,225388,47140850,2204854030,307,379
2026-07-27,7,20264665,드림 애니멀즈: 더무비,2026-07-24,3741,28145,33524130,252320440,337,431
2026-07-27,8,20255484,오케이 마담2,2026-08-12,2952,3241,26952000,29553000,12,15
2026-07-27,9,20252402,군체,2026-05-21,812,5950794,8301600,62699878740,126,143
2026-07-27,10,20263530,마티 슈프림,2026-07-01,704,126011,7342100,1364544180,53,61
2026-07-28,1,20233219,호프,2026-07-15,100147,3619216,1023915630,39342336210,2108,7258
2026-07-28,2,20261784,미니언즈 & 몬스터즈,2026-07-15,22067,606430,204455520,6153526100,806,1886
2026-07-28,3,20259946,모아나,2026-07-08,15557,939841,148364140,10053993810,724,1441
2026-07-28,4,20259781,토이 스토리 5,2026-06-17,12498,2861140,119482840,29455102700,536,884
2026-07-28,5,20242402,눈동자,2026-06-24,6533,1524845,67535250,15731696790,525,881
2026-07-28,6,20262902,다윗,2026-07-10,5472,230860,49701550,2254555580,315,388
2026-07-28,7,20264665,드림 애니멀즈: 더무비,2026-07-24,3166,31311,28063810,280384250,323,414
2026-07-28,8,20262770,스파이더맨: 브랜드 뉴 데이,2026-07-29,1254,1254,17586000,17586000,3,5
2026-07-28,9,20252402,군체,2026-05-21,967,5951761,9713100,62709591840,128,149
2026-07-28,10,20262381,사랑의 하츄핑: 고래보석의 전설,2026-08-05,961,4951,8649000,48689000,5,5
2026-07-29,1,20262770,스파이더맨: 브랜드 뉴 데이,2026-07-29,690979,692233,6915956640,6933542640,2304,9082
2026-07-29,2,20233219,호프,2026-07-15,87892,3707108,831949150,40174285360,1023,2901
2026-07-29,3,20261784,미니언즈 & 몬스터즈,2026-07-15,21655,628085,192333300,6345859400,692,1065
2026-07-29,4,20259946,모아나,2026-07-08,11102,950943,100993520,10154987330,471,656
2026-07-29,5,20259781,토이 스토리 5,2026-06-17,9231,2870371,84644220,29539746920,320,385
2026-07-29,6,20264148,어떻게 해야 했을까?,2026-07-29,3694,4086,35015300,37759300,61,77
2026-07-29,7,20262902,다윗,2026-07-10,3669,234529,33863540,2288419120,139,157
2026-07-29,8,20264665,드림 애니멀즈: 더무비,2026-07-24,2522,33833,22357400,302741650,224,231
2026-07-29,9,20242402,눈동자,2026-06-24,2488,1527333,24170260,15755867050,199,232
2026-07-29,10,20242837,왕과 사는 남자,2026-02-04,1004,16916280,6874000,163215573840,12,12
2026-07-30,1,20262770,스파이더맨: 브랜드 뉴 데이,2026-07-29,441844,1134077,4654882550,11588425190,2222,8848
2026-07-30,2,20233219,호프,2026-07-15,67623,3774731,664603620,40838888980,1026,2954
2026-07-30,3,20261784,미니언즈 & 몬스터즈,2026-07-15,20610,648695,187808260,6533667660,690,1067
2026-07-30,4,20259946,모아나,2026-07-08,11882,962825,110939350,10265926680,486,707
2026-07-30,5,20259781,토이 스토리 5,2026-06-17,9967,2880338,94315820,29634062740,358,435
2026-07-30,6,20264148,어떻게 해야 했을까?,2026-07-29,3913,7999,39247920,77007220,52,80
2026-07-30,7,20262902,다윗,2026-07-10,3836,238365,36130800,2324549920,150,166
2026-07-30,8,20264665,드림 애니멀즈: 더무비,2026-07-24,3444,37277,29428220,332169870,238,250
2026-07-30,9,20242402,눈동자,2026-06-24,2680,1530013,26754600,15782621650,220,261
2026-07-30,10,20257100,산양들,2026-07-29,1118,2827,9096050,24172050,39,51
2026-07-31,1,20262770,스파이더맨: 브랜드 뉴 데이,2026-07-29,526328,1660405,5796801450,17385226640,2275,9373
2026-07-31,2,20233219,호프,2026-07-15,81496,3856227,835666800,41674555780,1005,2980
2026-07-31,3,20261784,미니언즈 & 몬스터즈,2026-07-15,20042,668737,190218930,6723886590,726,1110
2026-07-31,4,20259946,모아나,2026-07-08,11630,974455,112605600,10378532280,480,705
2026-07-31,5,20259781,토이 스토리 5,2026-06-17,10380,2890718,102040720,29736103460,395,472
2026-07-31,6,20262902,다윗,2026-07-10,6272,244637,59424000,2383973920,186,207
2026-07-31,7,20264148,어떻게 해야 했을까?,2026-07-29,4351,12350,45668700,122675920,61,94
2026-07-31,8,20242402,눈동자,2026-06-24,2375,1532388,25475350,15808097000,200,246
2026-07-31,9,20264665,드림 애니멀즈: 더무비,2026-07-24,1943,39220,17893270,350063140,173,178
2026-07-31,10,20265254,투모로우바이투게더 브이알 콘서트 : 엔드리스 라이드,2026-07-31,1469,1469,52001000,52001000,2,14
2026-08-01,1,20262770,스파이더맨: 브랜드 뉴 데이,2026-07-29,901577,2561982,9697260810,27082487450,2409,10152
2026-08-01,2,20233219,호프,2026-07-15,136417,3992644,1403288900,43077844680,957,2724
2026-08-01,3,20261784,미니언즈 & 몬스터즈,2026-07-15,22173,690910,211438510,6935325100,715,1091
2026-08-01,4,20259946,모아나,2026-07-08,12729,987184,124129850,10502662130,465,626
2026-08-01,5,20262381,사랑의 하츄핑: 고래보석의 전설,2026-08-05,10683,16191,128012600,181714600,76,91
2026-08-01,6,20259781,토이 스토리 5,2026-06-17,9940,2900658,100129740,29836233200,367,455
2026-08-01,7,20262902,다윗,2026-07-10,8795,253432,85172890,2469146810,253,285
2026-08-01,8,20264148,어떻게 해야 했을까?,2026-07-29,6224,18574,64192100,186868020,67,110
2026-08-01,9,20242402,눈동자,2026-06-24,2646,1535034,28513200,15836610200,160,187
2026-08-01,10,20264665,드림 애니멀즈: 더무비,2026-07-24,1365,40585,12517310,362580450,130,134
2026-08-02,1,20262770,스파이더맨: 브랜드 뉴 데이,2026-07-29,826331,3388313,8780276600,35862764050,2382,9784
2026-08-02,2,20233219,호프,2026-07-15,117895,4110539,1200362570,44278207250,965,2620
2026-08-02,3,20261784,미니언즈 & 몬스터즈,2026-07-15,23030,713940,218408190,7153733290,716,1089
2026-08-02,4,20259946,모아나,2026-07-08,12763,999947,124095400,10626757530,452,580
2026-08-02,5,20259781,토이 스토리 5,2026-06-17,11554,2912212,115375580,29951608780,375,472
2026-08-02,6,20262381,사랑의 하츄핑: 고래보석의 전설,2026-08-05,10305,26496,125351720,307066320,75,85
2026-08-02,7,20262902,다윗,2026-07-10,9917,263349,94622950,2563769760,243,276
2026-08-02,8,20264148,어떻게 해야 했을까?,2026-07-29,5434,24008,56577800,243445820,63,107
2026-08-02,9,20242402,눈동자,2026-06-24,2341,1537375,25049300,15861659500,151,176
2026-08-02,10,20264665,드림 애니멀즈: 더무비,2026-07-24,1411,41996,12786500,375366950,126,130
2026-08-03,1,20262770,스파이더맨: 브랜드 뉴 데이,2026-07-29,401778,3790091,4174440150,40037204200,2178,8774
2026-08-03,2,20233219,호프,2026-07-15,63927,4174466,618271300,44896478550,901,2658
2026-08-03,3,20261784,미니언즈 & 몬스터즈,2026-07-15,12454,726394,113041800,7266775090,672,1050
2026-08-03,4,20259781,토이 스토리 5,2026-06-17,7454,2919666,71227390,30022836170,384,487
2026-08-03,5,20259946,모아나,2026-07-08,6986,1006933,65168340,10691925870,437,580
2026-08-03,6,20264148,어떻게 해야 했을까?,2026-07-29,3147,27155,31604660,275050480,59,103
2026-08-03,7,20262902,다윗,2026-07-10,3085,266434,29609230,2593378990,171,199
2026-08-03,8,20242402,눈동자,2026-06-24,1489,1538864,15303850,15876963350,164,185
2026-08-03,9,20264665,드림 애니멀즈: 더무비,2026-07-24,845,42841,7537100,382904050,112,112
2026-08-03,10,20250654,오디세이,2026-08-05,678,1302,6102000,16710000,2,2
2026-08-04,1,20262770,스파이더맨: 브랜드 뉴 데이,2026-07-29,348285,4138376,3631187270,43668391470,2214,8852
2026-08-04,2,20233219,호프,2026-07-15,61234,4235700,582035140,45478513690,919,2690
2026-08-04,3,20261784,미니언즈 & 몬스터즈,2026-07-15,12337,738731,110412150,7377187240,668,1029
2026-08-04,4,20259781,토이 스토리 5,2026-06-17,7890,2927556,73375740,30096211910,385,488
2026-08-04,5,20259946,모아나,2026-07-08,6860,1013793,63507000,10755432870,444,603
2026-08-04,6,20262902,다윗,2026-07-10,3059,269493,28581200,2621960190,178,204
2026-08-04,7,20264148,어떻게 해야 했을까?,2026-07-29,2991,30146,29506850,304557330,56,104
2026-08-04,8,20242402,눈동자,2026-06-24,1369,1540233,13952100,15890915450,168,189
2026-08-04,9,20250654,오디세이,2026-08-05,1065,2367,12681000,29391000,3,3
2026-08-04,10,20262381,사랑의 하츄핑: 고래보석의 전설,2026-08-05,916,27412,10966800,318033120,3,6
2026-08-05,1,20250654,오디세이,2026-08-05,292705,295072,3136526240,3165917240,1682,5036
2026-08-05,2,20262770,스파이더맨: 브랜드 뉴 데이,2026-07-29,275160,4413536,2725184730,46393576200,1666,5657
2026-08-05,3,20262381,사랑의 하츄핑: 고래보석의 전설,2026-08-05,73165,100577,659585480,977618600,824,1751
2026-08-05,4,20233219,호프,2026-07-15,30063,4265763,290892170,45769405860,690,1164
2026-08-05,5,20261784,미니언즈 & 몬스터즈,2026-07-15,5297,744028,45915250,7423102490,302,340
2026-08-05,6,20264148,어떻게 해야 했을까?,2026-07-29,4132,34278,39024770,343582100,74,140
2026-08-05,7,20259781,토이 스토리 5,2026-06-17,2768,2930324,25988750,30122200660,150,162
2026-08-05,8,20259946,모아나,2026-07-08,2325,1016118,19959260,10775392130,119,127
2026-08-05,9,20262902,다윗,2026-07-10,1390,270883,12720600,2634680790,70,74
2026-08-05,10,20262945,퍼피 구조대: 더 다이노 무비,2026-08-13,746,746,6714000,6714000,3,3
2026-08-06,1,20250654,오디세이,2026-08-05,246219,541291,2672164870,5838082110,1660,4912
2026-08-06,2,20262770,스파이더맨: 브랜드 뉴 데이,2026-07-29,238066,4651602,2367884110,48761460310,1694,5675
2026-08-06,3,20262381,사랑의 하츄핑: 고래보석의 전설,2026-08-05,43768,144345,386345380,1363963980,801,1698
2026-08-06,4,20233219,호프,2026-07-15,27200,4292963,261929550,46031335410,688,1163
2026-08-06,5,20261784,미니언즈 & 몬스터즈,2026-07-15,4646,748674,38688200,7461790690,284,313
2026-08-06,6,20255484,오케이 마담2,2026-08-12,4467,7874,40203000,71416000,25,25
2026-08-06,7,20264148,어떻게 해야 했을까?,2026-07-29,3420,37698,33483050,377065150,78,143
2026-08-06,8,20259781,토이 스토리 5,2026-06-17,2665,2932989,24128200,30146328860,148,154
2026-08-06,9,20262902,다윗,2026-07-10,1607,272490,14737500,2649418290,77,81
2026-08-06,10,20259946,모아나,2026-07-08,1536,1017654,13807550,10789199680,106,113
2026-08-07,1,20250654,오디세이,2026-08-05,310283,851574,3490617570,9328699680,1633,5012
2026-08-07,2,20262770,스파이더맨: 브랜드 뉴 데이,2026-07-29,286706,4938308,2995123340,51756583650,1751,6084
2026-08-07,3,20262381,사랑의 하츄핑: 고래보석의 전설,2026-08-05,41708,186053,384140750,1748104730,822,1798
2026-08-07,4,20233219,호프,2026-07-15,30831,4323794,323269460,46354604870,658,1135
2026-08-07,5,20261784,미니언즈 & 몬스터즈,2026-07-15,4525,753199,40089750,7501880440,260,281
2026-08-07,6,20264148,어떻게 해야 했을까?,2026-07-29,3505,41203,36250000,413315150,81,145
2026-08-07,7,20262902,다윗,2026-07-10,2671,275161,25396950,2674815240,75,79
2026-08-07,8,20259781,토이 스토리 5,2026-06-17,2415,2935404,23252890,30169581750,141,149
2026-08-07,9,20259946,모아나,2026-07-08,1570,1019224,15306450,10804506130,91,97
2026-08-07,10,20265254,투모로우바이투게더 브이알 콘서트 : 엔드리스 라이드,2026-07-31,454,5528,16091000,195756000,2,16
2026-08-08,1,20250654,오디세이,2026-08-05,525638,1377212,5748471340,15077171020,1745,5187
2026-08-08,2,20262770,스파이더맨: 브랜드 뉴 데이,2026-07-29,514125,5452433,5341934920,57098518570,1802,6440
2026-08-08,3,20262381,사랑의 하츄핑: 고래보석의 전설,2026-08-05,124186,310239,1182377140,2930481870,958,2216
2026-08-08,4,20233219,호프,2026-07-15,37846,4361640,399903800,46754508670,553,868
2026-08-08,5,20262902,다윗,2026-07-10,5847,281008,54209890,2729025130,125,134
2026-08-08,6,20261784,미니언즈 & 몬스터즈,2026-07-15,5077,758276,45893200,7547773640,227,240
2026-08-08,7,20264148,어떻게 해야 했을까?,2026-07-29,4547,45750,46435150,459750300,76,140
2026-08-08,8,20264635,명탐정 코난: 하이웨이의 타천사,2026-08-12,4355,4355,55751450,55751450,36,37
2026-08-08,9,20259781,토이 스토리 5,2026-06-17,2067,2937471,20228640,30189810390,109,112
2026-08-08,10,20255484,오케이 마담2,2026-08-12,1527,9401,18623700,90039700,12,16
2026-08-09,1,20250654,오디세이,2026-08-05,497543,1874755,5421019260,20498190280,1798,5118
2026-08-09,2,20262770,스파이더맨: 브랜드 뉴 데이,2026-07-29,463906,5916339,4782341970,61880860540,1763,6052
2026-08-09,3,20262381,사랑의 하츄핑: 고래보석의 전설,2026-08-05,123565,433804,1172012190,4102494060,941,2164
2026-08-09,4,20233219,호프,2026-07-15,32223,4393863,336395020,47090903690,548,832
2026-08-09,5,20262902,다윗,2026-07-10,8342,289350,78274050,2807299180,145,154
2026-08-09,6,20261784,미니언즈 & 몬스터즈,2026-07-15,5014,763290,45056680,7592830320,227,243
2026-08-09,7,20264635,명탐정 코난: 하이웨이의 타천사,2026-08-12,4473,8828,57231270,112982720,37,38
2026-08-09,8,20264148,어떻게 해야 했을까?,2026-07-29,3978,49728,40423200,500173500,79,137
2026-08-09,9,20255484,오케이 마담2,2026-08-12,2382,11783,25903900,115943600,12,14
2026-08-09,10,20259781,토이 스토리 5,2026-06-17,1907,2939378,18777850,30208588240,99,102
2026-08-10,1,20250654,오디세이,2026-08-05,257610,2132365,2827940070,23326130350,1647,4991
2026-08-10,2,20262770,스파이더맨: 브랜드 뉴 데이,2026-07-29,174609,6090948,1773484300,63654344840,1590,5518
2026-08-10,3,20262381,사랑의 하츄핑: 고래보석의 전설,2026-08-05,19410,453214,174337210,4276831270,726,1509
2026-08-10,4,20233219,호프,2026-07-15,14523,4408386,146372870,47237276560,562,949
2026-08-10,5,20264148,어떻게 해야 했을까?,2026-07-29,2317,52045,22904150,523077650,70,132
2026-08-10,6,20261784,미니언즈 & 몬스터즈,2026-07-15,2193,765483,19237500,7612067820,208,217
2026-08-10,7,20259781,토이 스토리 5,2026-06-17,1112,2940490,10804150,30219392390,109,112
2026-08-10,8,20262902,다윗,2026-07-10,958,290308,9168150,2816467330,65,69
2026-08-10,9,20259946,모아나,2026-07-08,826,1021755,7290500,10828476430,67,70
2026-08-10,10,20263530,마티 슈프림,2026-07-01,290,131844,2896500,1426494680,18,18
2026-08-11,1,20250654,오디세이,2026-08-05,236216,2368581,2613301770,25939432120,1697,5075
2026-08-11,2,20262770,스파이더맨: 브랜드 뉴 데이,2026-07-29,151901,6242849,1538527900,65192872740,1618,5552
2026-08-11,3,20262381,사랑의 하츄핑: 고래보석의 전설,2026-08-05,19207,472421,169298340,4446129610,755,1509
2026-08-11,4,20233219,호프,2026-07-15,14078,4422464,142342040,47379618600,580,977
2026-08-11,5,20264148,어떻게 해야 했을까?,2026-07-29,2696,54741,26766300,549843950,70,127
2026-08-11,6,20261784,미니언즈 & 몬스터즈,2026-07-15,2689,768172,23066750,7635134570,222,233
2026-08-11,7,20259781,토이 스토리 5,2026-06-17,1862,2942352,17324500,30236716890,121,127
2026-08-11,8,20264879,청년 조용기,2026-09-11,1193,2055,11560000,20036000,6,10
2026-08-11,9,20259946,모아나,2026-07-08,1172,1022927,10258450,10838734880,64,67
2026-08-11,10,20262902,다윗,2026-07-10,964,291272,8774150,2825241480,64,67
2026-08-12,1,20250654,오디세이,2026-08-05,247314,2615895,2637448190,28576880310,1727,4730
2026-08-12,2,20262770,스파이더맨: 브랜드 뉴 데이,2026-07-29,147198,6390047,1387059150,66579931890,1443,4208
2026-08-12,3,20264635,명탐정 코난: 하이웨이의 타천사,2026-08-12,67964,76792,635246320,748229040,809,1794
2026-08-12,4,20255484,오케이 마담2,2026-08-12,42923,54929,362650260,480600860,925,2514
2026-08-12,5,20262381,사랑의 하츄핑: 고래보석의 전설,2026-08-05,14977,487398,132244160,4578373770,564,793
2026-08-12,6,20233219,호프,2026-07-15,7631,4430095,75037550,47454656150,307,406
2026-08-12,7,20264148,어떻게 해야 했을까?,2026-07-29,2734,57475,23871450,573715400,51,93
2026-08-12,8,20261784,미니언즈 & 몬스터즈,2026-07-15,1232,769404,10252400,7645386970,48,50
2026-08-12,9,20185485,보헤미안 랩소디,2018-10-31,1230,9949616,12068450,86293044235,54,171
2026-08-12,10,19940067,애정만세,1995-06-17,1201,3211,10385850,28904450,48,52
2026-08-13,1,20250654,오디세이,2026-08-05,234825,2850720,2619186760,31196067070,1726,4879
2026-08-13,2,20262770,스파이더맨: 브랜드 뉴 데이,2026-07-29,121466,6511513,1228315890,67808247780,1369,4118
2026-08-13,3,20264635,명탐정 코난: 하이웨이의 타천사,2026-08-12,32715,109507,317151170,1065380210,717,1541
2026-08-13,4,20255484,오케이 마담2,2026-08-12,28054,82983,246023500,726624360,857,2345
2026-08-13,5,20262381,사랑의 하츄핑: 고래보석의 전설,2026-08-05,12203,499601,106874540,4685248310,545,754
2026-08-13,6,20233219,호프,2026-07-15,6750,4436845,69280720,47523936870,317,418
2026-08-13,7,20262945,퍼피 구조대: 더 다이노 무비,2026-08-13,4240,7986,39257900,82410900,289,314
2026-08-13,8,20247458,경주기행,2026-08-26,3112,3112,28264000,28264000,13,14
2026-08-13,9,20264148,어떻게 해야 했을까?,2026-07-29,2338,59813,22455950,596171350,53,94
2026-08-13,10,20264879,청년 조용기,2026-09-11,1403,4091,13881000,40033000,5,13
2026-08-14,1,20250654,오디세이,2026-08-05,329036,3179756,3773778580,34969845650,1876,5485
2026-08-14,2,20262770,스파이더맨: 브랜드 뉴 데이,2026-07-29,154942,6666455,1649216980,69457464760,1380,4175
2026-08-14,3,20264635,명탐정 코난: 하이웨이의 타천사,2026-08-12,28803,138310,296077500,1361457710,752,1498
2026-08-14,4,20255484,오케이 마담2,2026-08-12,26241,109224,246882300,973506660,844,2160
2026-08-14,5,20262381,사랑의 하츄핑: 고래보석의 전설,2026-08-05,14427,514028,134219450,4819467760,582,790
2026-08-14,6,20233219,호프,2026-07-15,9171,4446016,96355870,47620292740,324,480
2026-08-14,7,20262945,퍼피 구조대: 더 다이노 무비,2026-08-13,3507,11493,32858950,115269850,274,296
2026-08-14,8,20264148,어떻게 해야 했을까?,2026-07-29,2465,62278,25341900,621513250,56,104
2026-08-14,9,20185485,보헤미안 랩소디,2018-10-31,2111,9952635,23478750,86325852635,60,166
2026-08-14,10,20261784,미니언즈 & 몬스터즈,2026-07-15,1460,771939,11059550,7664511470,39,39
