locker_stat_id,district,facility_name,address,operation_status,installed_year,removed_year,locker_count,snapshot_date,period,occupancy_rate,usage_count,year,period_end,months_observed,is_partial_year,installed_year_conflict,data_quality_status,occupancy_rate_pct,monthly_avg_usage
STAT_f2873d5dd989,종로구,청운효자동 자치회관,자하문로19길 36,운영,2017,,19,2026-06-30,2021,0.35,2425.0,2021,2021-12-31,12,False,False,ok,35.0,202.08333333333334
STAT_fc2a86ed1394,종로구,종로육아종합지원센터,성균관로1길 6-3,운영,2015,,19,2026-06-30,2021,,3014.0,2021,2021-12-31,12,False,False,ok,,251.16666666666666
STAT_0cd8a2d799e5,종로구,숭인1동 주민센터,지봉로 86,운영,2014,,19,2026-06-30,2021,,3252.0,2021,2021-12-31,12,False,False,ok,,271.0
STAT_c7e46abc1681,종로구,숭인제2동주민센터,종로65길 10,운영,2020,,12,2026-06-30,2021,,176.0,2021,2021-12-31,12,False,False,ok,,14.666666666666666
STAT_21a86d9f47ae,종로구,종로구민회관,지봉로5길 7-5,운영,2019,,12,2026-06-30,2021,,960.0,2021,2021-12-31,12,False,False,ok,,80.0
STAT_993b2f02ae9c,중구,약수동공영주차장,동호로8다길 22,철거,2017,2025,12,2026-06-30,2021,0.21,1226.0,2021,2021-12-31,12,False,False,ok,21.0,102.16666666666667
STAT_faccecab1808,중구,버티 공영주차장,동호로17길 270,운영,2017,,19,2026-06-30,2021,,2442.0,2021,2021-12-31,12,False,False,ok,,203.5
STAT_54b150fff4fd,중구,장충체육관 후문,동호로 241,운영,2016,,19,2026-06-30,2021,,1455.0,2021,2021-12-31,12,False,False,ok,,121.25
STAT_b9f19c6dddd0,중구,약수교회 식당입구,다산로8길 32,철거,2014,2025,19,2026-06-30,2021,,1565.0,2021,2021-12-31,12,False,False,ok,,130.41666666666666
STAT_f8bb8db97063,중구,장충공영주차장,장충동2가 192-129,철거,2018,2024,12,2026-06-30,2021,,545.0,2021,2021-12-31,12,False,False,ok,,45.416666666666664
STAT_5f1ff7970896,중구,충현 공영주차장,동호로 11나길 47,철거,,2024,12,2026-06-30,2021,,238.0,2021,2021-12-31,12,False,False,ok,,19.833333333333332
STAT_438c9ca92101,중구,명동주민센터,퇴계로20나길 16,철거,2016,2024,19,2026-06-30,2021,,2499.0,2021,2021-12-31,12,False,False,ok,,208.25
STAT_3b03968e50d1,중구,다산동공영주차장,동호로15길60,철거,,2022,12,2026-06-30,2021,,379.0,2021,2021-12-31,12,False,False,ok,,31.583333333333332
STAT_8249f19c6910,중구,충무창업큐브,광희동 퇴계로 265,운영,2023,,12,2026-06-30,2021,,,2021,2021-12-31,12,False,False,ok,,
STAT_1b5b79410bc5,용산구,보광동주민센터,장문로 95,운영,2020,,12,2026-06-30,2021,0.33,1583.0,2021,2021-12-31,12,False,False,ok,33.0,131.91666666666666
STAT_0f7ce7abe0cd,용산구,숙대 명재관 인근,효창원로86길 33,운영,2017,,19,2026-06-30,2021,,2049.0,2021,2021-12-31,12,False,False,ok,,170.75
STAT_4050d8fe3123,용산구,용산치안센터(2가동주민센터),신흥로 90,운영,2016,,19,2026-06-30,2021,,2126.0,2021,2021-12-31,12,False,False,ok,,177.16666666666666
STAT_e81e7c62c745,용산구,효창동주민센터,효창원로 161,운영,2016,,19,2026-06-30,2021,,1588.0,2021,2021-12-31,12,False,False,ok,,132.33333333333334
STAT_7b48b85b0312,용산구,한남동공영주차장,이태원로 224-19,운영,2016,,12,2026-06-30,2021,,1300.0,2021,2021-12-31,12,False,False,ok,,108.33333333333333
STAT_9b09f30c5033,용산구,용산구청후문,녹사평대로 150,운영,2013,,19,2026-06-30,2021,,3502.0,2021,2021-12-31,12,False,False,ok,,291.8333333333333
STAT_6d1860ea10b7,용산구,효창종합사회복지관,효창원로146-12,철거,,2023,19,2026-06-30,2021,,23.0,2021,2021-12-31,12,False,False,ok,,1.9166666666666667
STAT_12ddd3aab93b,용산구,갈월종합사회복지관,두텁바위로 25,운영,2013,,26,2026-06-30,2021,,3553.0,2021,2021-12-31,12,False,False,ok,,296.0833333333333
STAT_1172c7332dcd,용산구,용산꿈나무종합타운,백범로 329,운영,2018,,12,2026-06-30,2021,,2057.0,2021,2021-12-31,12,False,False,ok,,171.41666666666666
STAT_29cac3c98c62,성동구,열린금호교육문화관,무수막길 69,운영,,,12,2026-06-30,2021,0.21,758.0,2021,2021-12-31,12,False,False,ok,21.0,63.166666666666664
STAT_9d3fa2b69083,성동구,성수2가3동 공영주차장,광나루로 4가길 23,운영,2021,,12,2026-06-30,2021,,168.0,2021,2021-12-31,12,False,False,ok,,14.0
STAT_4b912f14f5db,성동구,용답공영주차장,용답 29길 22,철거,2020,2024,12,2026-06-30,2021,,98.0,2021,2021-12-31,12,False,False,ok,,8.166666666666666
STAT_943af5c9afc0,성동구,강변공영주차장,둘레길 47-5,철거,,2024,19,2026-06-30,2021,,202.0,2021,2021-12-31,12,False,False,ok,,16.833333333333332
STAT_641149cfb49b,성동구,하왕십리공영주차장,무학봉길 48,운영,,,12,2026-06-30,2021,,503.0,2021,2021-12-31,12,False,False,ok,,41.916666666666664
STAT_bd325c0b6958,성동구,성동구민종합체육센터,왕십리로 89,운영,2017,,19,2026-06-30,2021,,2290.0,2021,2021-12-31,12,False,False,ok,,190.83333333333334
STAT_6baaa2d14df5,성동구,응봉동 공영주차장,독서당로63길 40,운영,2024,,12,2026-06-30,2021,,,2021,2021-12-31,12,False,False,ok,,
STAT_cc117a8e3400,성동구,성동구립도서관,고산자로10길 9,운영,2016,,26,2026-06-30,2021,,5305.0,2021,2021-12-31,12,False,False,ok,,442.0833333333333
STAT_9d29c73ae990,성동구,왕십리2동주민센터,무학봉15길 6,운영,2022,,12,2026-06-30,2021,,,2021,2021-12-31,12,False,False,ok,,
STAT_9a738c1e0e95,성동구,사근동주민센터,사근동길 37,운영,2018,,12,2026-06-30,2021,,1270.0,2021,2021-12-31,12,False,False,ok,,105.83333333333333
STAT_d34ef1e8269d,광진구,자양2동주민센터,자양로3가길 26,운영,2019,,12,2026-06-30,2021,0.31,1311.0,2021,2021-12-31,12,False,False,ok,31.0,109.25
STAT_3676629fc0b6,광진구,자양문화체육센터,뚝섬로52길 66,운영,2021,,19,2026-06-30,2021,,47.0,2021,2021-12-31,12,False,False,ok,,3.9166666666666665
STAT_075189ed3cf4,광진구,군자동주민센터,면목로 13,운영,2022,,12,2026-06-30,2021,,,2021,2021-12-31,12,False,False,ok,,
STAT_b1db1e2faece,광진구,구의1동공영주차장,자양로18길 78,운영,,,19,2026-06-30,2021,,697.0,2021,2021-12-31,12,False,False,ok,,58.083333333333336
STAT_23649dd805e2,광진구,중곡감리교회,긴고랑로36길 56,철거,2017,2023,19,2026-06-30,2021,,1264.0,2021,2021-12-31,12,False,False,ok,,105.33333333333333
STAT_758ff5ca6137,광진구,구의2동주택가 공동주차장,자양로 309,운영,2017,,19,2026-06-30,2021,,2285.0,2021,2021-12-31,12,False,False,ok,,190.41666666666666
STAT_e9bf395d37b8,광진구,자양종합사회복지관,자양번영로 35,운영,2016,,19,2026-06-30,2021,,3352.0,2021,2021-12-31,12,False,False,ok,,279.3333333333333
STAT_408bd0ac3797,광진구,중곡문화체육센터,능동로 433,운영,2016,,19,2026-06-30,2021,,3115.0,2021,2021-12-31,12,False,False,ok,,259.5833333333333
STAT_e55a66477e82,광진구,중곡종합건강센터,긴고랑로 110,운영,2016,,19,2026-06-30,2021,,2213.0,2021,2021-12-31,12,False,False,ok,,184.41666666666666
STAT_3acf37d271c1,광진구,화양동주민센터,능동로17길 39,운영,2015,,19,2026-06-30,2021,,2471.0,2021,2021-12-31,12,False,False,ok,,205.91666666666666
STAT_63bdb69c59a1,광진구,자양4동 주민센터,뚝섬로26길 58,운영,2014,,19,2026-06-30,2021,,2192.0,2021,2021-12-31,12,False,False,ok,,182.66666666666666
STAT_ca5751664bd1,광진구,동부여성발전센터,아차산로30길 36,운영,2014,,26,2026-06-30,2021,,4185.0,2021,2021-12-31,12,False,False,ok,,348.75
STAT_2b92845e04d7,광진구,중곡1동주민센터,긴고랑로12길 49,운영,2018,,12,2026-06-30,2021,,1893.0,2021,2021-12-31,12,False,False,ok,,157.75
STAT_cd0d76d74c3a,광진구,현대오일뱅크_중원주유소,동일로 398,철거,2019,2023,,2026-06-30,2021,,269.0,2021,2021-12-31,12,False,False,ok,,22.416666666666668
STAT_0c47cbd55ae6,광진구,광진경찰서,자양로 167,운영,2018,,12,2026-06-30,2021,,1704.0,2021,2021-12-31,12,False,False,ok,,142.0
STAT_eaa2d3d65362,동대문구,휘경동공영주차장,망우로12길 33,운영,2019,,19,2026-06-30,2021,0.28,449.0,2021,2021-12-31,12,False,False,ok,28.000000000000004,37.416666666666664
STAT_d0f69a3385d2,동대문구,이문체육문화센터,한천로58길 81-49,운영,2022,,12,2026-06-30,2021,,,2021,2021-12-31,12,False,False,ok,,
STAT_8507bb784f10,동대문구,신한은행 외대역 지점,휘경로 23(이문동),철거,2019,2026,12,2026-06-30,2021,,2091.0,2021,2021-12-31,12,False,False,ok,,174.25
STAT_764b677382e5,동대문구,나사렛교회,전농로27길 42,철거,2017,2024,19,2026-06-30,2021,,2293.0,2021,2021-12-31,12,False,False,ok,,191.08333333333334
STAT_30253358ff81,동대문구,장안2동 공영주차장,답십리로65길 124-5,운영,2017,,19,2026-06-30,2021,,2658.0,2021,2021-12-31,12,False,False,ok,,221.5
STAT_0e5791032abc,동대문구,동대문구청 종합민원실,천호대로 145,운영,2016,,19,2026-06-30,2021,,2363.0,2021,2021-12-31,12,False,False,ok,,196.91666666666666
STAT_d88bac6a8b15,동대문구,동대문종합사회복지관,약령시로5길 22,철거,2016,2023,19,2026-06-30,2021,,1109.0,2021,2021-12-31,12,False,False,ok,,92.41666666666667
STAT_6bc8f8825cac,동대문구,회기동공영주차장,회기로25길 31,운영,2016,,12,2026-06-30,2021,,1867.0,2021,2021-12-31,12,False,False,ok,,155.58333333333334
STAT_a301e08fb187,동대문구,답십리도서관,서울시립대로4길 75,운영,2015,,19,2026-06-30,2021,,3268.0,2021,2021-12-31,12,False,False,ok,,272.3333333333333
STAT_3639fcc7ebce,동대문구,정보화도서관,회기로10길 60,운영,2013,,19,2026-06-30,2021,,2046.0,2021,2021-12-31,12,False,False,ok,,170.5
STAT_fb818619e613,동대문구,장안종합사회복지관,한천로18길 48,운영,2013,,26,2026-06-30,2021,,3899.0,2021,2021-12-31,12,False,False,ok,,324.9166666666667
STAT_95a09e290bd9,동대문구,답십리2청소년독서실,답십리로56길 15,운영,2022,,12,2026-06-30,2021,,,2021,2021-12-31,12,False,False,ok,,
STAT_cbdc9360c91f,중랑구,중화1치안센터,동일로 792,철거,2021,2024,19,2026-06-30,2021,0.28,6.0,2021,2021-12-31,12,False,False,ok,28.000000000000004,0.5
STAT_6de60005fdc0,중랑구,면목4동주민센터,면목로 246,운영,2016,,19,2026-06-30,2021,,2618.0,2021,2021-12-31,12,False,False,ok,,218.16666666666666
STAT_0856c74ea1d5,중랑구,면목5동 주민센터,동일로 619,운영,2014,,19,2026-06-30,2021,,2442.0,2021,2021-12-31,12,False,False,ok,,203.5
STAT_bf8a83ad9ef3,중랑구,면목본동 주민센터,면목로 397,운영,2013,,33,2026-06-30,2021,,5495.0,2021,2021-12-31,12,False,False,ok,,457.9166666666667
STAT_6cb0a600e20f,중랑구,상봉1동주민센터,상봉중앙로1길 6,운영,2023,,19,2026-06-30,2021,,,2021,2021-12-31,12,False,False,ok,,
STAT_28eb1a2300e8,중랑구,상봉2동주민센터,동일로 114길 10,운영,,,19,2026-06-30,2021,,211.0,2021,2021-12-31,12,False,False,ok,,17.583333333333332
STAT_23e5d157fd2d,성북구,석관동주민센터,화랑로 296,운영,2019,,12,2026-06-30,2021,0.34,1113.0,2021,2021-12-31,12,False,False,ok,34.0,92.75
STAT_7c3980948ba9,성북구,성북정릉감리교회,보국문로8길 23,철거,2022,2026,19,2026-06-30,2021,,,2021,2021-12-31,12,False,False,ok,,
STAT_db6096ed1b43,성북구,성북구립휘트니스센터,보문로29길 49,운영,2026,,19,2026-06-30,2021,,,2021,2021-12-31,12,False,False,ok,,
STAT_d02c85eb65b9,성북구,보문부모아이지원센터,지봉로24길 26,운영,2020,,12,2026-06-30,2021,,332.0,2021,2021-12-31,12,False,False,ok,,27.666666666666668
STAT_6a31f976acf1,성북구,제일빌딩,북악산로31길 8,운영,2017,,19,2026-06-30,2021,,1833.0,2021,2021-12-31,12,False,False,ok,,152.75
STAT_63ba54a52163,성북구,성북희망나눔봉사센터,삼양로 20,운영,2016,,19,2026-06-30,2021,,2348.0,2021,2021-12-31,12,False,False,ok,,195.66666666666666
STAT_e667effbc8d6,성북구,안암교회,보문로30가길 41-6,운영,2015,,19,2026-06-30,2021,,2857.0,2021,2021-12-31,12,False,False,ok,,238.08333333333334
STAT_7e654d362a1a,성북구,성북청소년수련관,한천로 660-9,철거,2018,2023,12,2026-06-30,2021,,653.0,2021,2021-12-31,12,False,False,ok,,54.416666666666664
STAT_f5a46a229b66,성북구,아리랑 시네미디어센터,아리랑로 82,운영,2014,,19,2026-06-30,2021,,2840.0,2021,2021-12-31,12,False,False,ok,,236.66666666666666
STAT_3a978882743c,성북구,장위1동 주민센터,장위로 61,운영,2014,,19,2026-06-30,2021,,4983.0,2021,2021-12-31,12,False,False,ok,,415.25
STAT_11e6f823fec9,강북구,미아사거리역 1번출구,도봉로 50,운영,,,19,2026-06-30,2021,0.42,202.0,2021,2021-12-31,12,False,False,ok,42.0,16.833333333333332
STAT_a95f5efae027,강북구,강북노인종합복지회관,삼양로92길 40,철거,2017,2024,19,2026-06-30,2021,,1643.0,2021,2021-12-31,12,False,False,ok,,136.91666666666666
STAT_df869c0261ad,강북구,솔밭근린공원 개방화장실,삼양로 561,운영,2016,,19,2026-06-30,2021,,3020.0,2021,2021-12-31,12,False,False,ok,,251.66666666666666
STAT_6cd2ae161b97,강북구,강북문화예술회관,삼각산로 85,철거,2016,2025,19,2026-06-30,2021,,2059.0,2021,2021-12-31,12,False,False,ok,,171.58333333333334
STAT_8c9981ad567d,강북구,번동북부시장 북부마트,한천로123길 26,운영,2016,,19,2026-06-30,2021,,2333.0,2021,2021-12-31,12,False,False,ok,,194.41666666666666
STAT_02ce211a73ff,강북구,수유역1번출구,도봉로 338,운영,2015,,19,2026-06-30,2021,,3381.0,2021,2021-12-31,12,False,False,ok,,281.75
STAT_6877775a2b50,강북구,미아동 복합청사,솔매로49길 14,운영,2014,,19,2026-06-30,2021,,4792.0,2021,2021-12-31,12,False,False,ok,,399.3333333333333
STAT_b9455df15715,강북구,강북구청 본관 입구,도봉로89길 13,철거,2014,2025,19,2026-06-30,2021,,3642.0,2021,2021-12-31,12,False,False,ok,,303.5
STAT_3462bd604e62,강북구,수유1동 주민센터,삼양로 299,운영,2013,,19,2026-06-30,2021,,4706.0,2021,2021-12-31,12,False,False,ok,,392.1666666666667
STAT_25c8fb76df82,도봉구,염광교회,도봉로120길 16,운영,2017,,19,2026-06-30,2021,0.36,1730.0,2021,2021-12-31,12,False,False,ok,36.0,144.16666666666666
STAT_2d1a4ae7e6b6,도봉구,창3동 주민센터,덕릉로62길 89,운영,2017,,19,2026-06-30,2021,,1941.0,2021,2021-12-31,12,False,False,ok,,161.75
STAT_c44b7c117080,도봉구,도봉구민회관,도봉로 552,운영,2016,,19,2026-06-30,2021,,4637.0,2021,2021-12-31,12,False,False,ok,,386.4166666666667
STAT_889ddcfc8dad,도봉구,창동 도봉육아종합지원센터,우이천로4길 24-5,철거,2016,2024,12,2026-06-30,2021,,1421.0,2021,2021-12-31,12,False,False,ok,,118.41666666666667
STAT_abdc15a2769f,도봉구,도봉서원종합사회복지관,마들로 668,운영,2014,,19,2026-06-30,2021,,2194.0,2021,2021-12-31,12,False,False,ok,,182.83333333333334
STAT_edd0ce707057,도봉구,방아골종합사회복지관,시루봉로17길 42,운영,2014,,19,2026-06-30,2021,,1567.0,2021,2021-12-31,12,False,False,ok,,130.58333333333334
STAT_db61cb773620,도봉구,창동역1번출구,마들로11길 77,철거,2013,2024,26,2026-06-30,2021,,5067.0,2021,2021-12-31,12,False,False,ok,,422.25
STAT_bbe947b6127e,도봉구,도봉구민청,마들로 656,철거,,2022,,2026-06-30,2021,,170.0,2021,2021-12-31,12,False,False,ok,,14.166666666666666
STAT_f2e61d5d0c1c,도봉구,창1동제1공영주차장,도봉로112길 43,철거,2016,2023,,2026-06-30,2021,,2931.0,2021,2021-12-31,12,False,False,ok,,244.25
STAT_9f573acbdc9c,도봉구,도봉1동주민센터,도봉로169나길 22,운영,2013,,19,2026-06-30,2021,,3011.0,2021,2021-12-31,12,False,False,ok,,250.91666666666666
STAT_f9c7836a82e2,도봉구,창2동 신창교회,덕릉로 247,운영,2018,,12,2026-06-30,2021,,1903.0,2021,2021-12-31,12,False,False,ok,,158.58333333333334
STAT_550e7be8d55a,노원구,공릉종합사회복지관,동일로 1127 공릉아파트,운영,2019,,12,2026-06-30,2021,0.37,1030.0,2021,2021-12-31,12,False,False,ok,37.0,85.83333333333333
STAT_973c52013a4d,노원구,상계문화정보도서관,동일로 243길 57,운영,2020,,19,2026-06-30,2021,,702.0,2021,2021-12-31,12,False,False,ok,,58.5
STAT_607b1e6c65c7,노원구,상계2동주민센터,상계로 118,운영,2016,,19,2026-06-30,2021,,3098.0,2021,2021-12-31,12,False,False,ok,,258.1666666666667
STAT_c95c9f143485,노원구,"상계3,4동 주민센터",덕릉로 859,운영,2014,,19,2026-06-30,2021,,2114.0,2021,2021-12-31,12,False,False,ok,,176.16666666666666
STAT_7139e11611c8,노원구,상계역 자전거대여소,상계로 190,운영,2014,,33,2026-06-30,2021,,7235.0,2021,2021-12-31,12,False,False,ok,,602.9166666666666
STAT_796f54c33f16,노원구,공릉 청소년문화정보센터,노원로1나길 10,운영,2013,,19,2026-06-30,2021,,3114.0,2021,2021-12-31,12,False,False,ok,,259.5
STAT_6a4e2e43208e,노원구,공릉1동 주민센터(노원),동일로186길 3-24,운영,,,19,2026-06-30,2021,,2984.0,2021,2021-12-31,12,False,False,ok,,248.66666666666666
STAT_a37f33e680d0,노원구,월계문화정보도서관,월계로 319,철거,2015,2023,19,2026-06-30,2021,,3198.0,2021,2021-12-31,12,False,False,ok,,266.5
STAT_a66288880b6e,노원구,월계치안센터,석계로 93,철거,2018,2024,19,2026-06-30,2021,,1952.0,2021,2021-12-31,12,False,False,ok,,162.66666666666666
STAT_3b4b3b6074fc,은평구,역촌동 주민센터,연서로 59,운영,2013,,19,2026-06-30,2021,0.37,4397.0,2021,2021-12-31,12,False,False,ok,37.0,366.4166666666667
STAT_93f602e43c1c,은평구,갈현1동 주민센터,갈현로 301,운영,2013,,26,2026-06-30,2021,,4969.0,2021,2021-12-31,12,False,False,ok,,414.0833333333333
STAT_769ff5af10db,은평구,갈현청소년센터쉼쉼,통일로89길 6-20,운영,2020,,12,2026-06-30,2021,,111.0,2021,2021-12-31,12,False,False,ok,,9.25
STAT_56dbf40af347,은평구,연신내 지구대,갈현로 195,운영,2016,,19,2026-06-30,2021,,2640.0,2021,2021-12-31,12,False,False,ok,,220.0
STAT_5598f8ce4998,은평구,구산동주민센터,갈현로17길 10,운영,2015,,19,2026-06-30,2021,,2382.0,2021,2021-12-31,12,False,False,ok,,198.5
STAT_a0a6df8187c3,은평구,불광보건소,연서로 34길 11,철거,2016,2024,,2026-06-30,2021,,1130.0,2021,2021-12-31,12,False,False,ok,,94.16666666666667
STAT_b967fdd81b04,은평구,시립은평청소년센터,백련산로4길 16,철거,,2022,,2026-06-30,2021,,21.0,2021,2021-12-31,12,False,False,ok,,1.75
STAT_700eff018d51,은평구,아인스하임,은평터널로7가길 8,철거,,2022,,2026-06-30,2021,,185.0,2021,2021-12-31,12,False,False,ok,,15.416666666666666
STAT_8420add40d30,은평구,신사종합사회복지관,은평로 38,운영,2014,,26,2026-06-30,2021,,3648.0,2021,2021-12-31,12,False,False,ok,,304.0
STAT_b7135035db3d,은평구,불광1동 치안센터,불광로 129,운영,2014,,19,2026-06-30,2021,,4028.0,2021,2021-12-31,12,False,False,ok,,335.6666666666667
STAT_36245c05dd5b,은평구,청년취업사관학교 은평캠퍼스,은평로 245,운영,2014,,19,2026-06-30,2021,,3729.0,2021,2021-12-31,12,False,False,ok,,310.75
STAT_ecbf63ad99b3,은평구,증산 정보도서관,증산로5길 6,철거,2013,2025,33,2026-06-30,2021,,6849.0,2021,2021-12-31,12,False,False,ok,,570.75
STAT_dba52d4dc13c,서대문구,청년누리,증가로4길 8-45,운영,2019,,12,2026-06-30,2021,0.27,899.0,2021,2021-12-31,12,False,False,ok,27.0,74.91666666666667
STAT_3209c0b76906,서대문구,남가좌2동 제2공영주차장,명지대5길 10-8,운영,,,12,2026-06-30,2021,,233.0,2021,2021-12-31,12,False,False,ok,,19.416666666666668
STAT_6a637bb15cd7,서대문구,신한은행_남가좌동점,서대문구 수색로2길 36(남가좌동),운영,,,12,2026-06-30,2021,,,2021,2021-12-31,12,False,True,source_conflict,,
STAT_7e17681867dd,서대문구,신한은행 명지대 지점,거북골로 45(남가좌동),운영,2019,,12,2026-06-30,2021,,920.0,2021,2021-12-31,12,False,False,ok,,76.66666666666667
STAT_cf3f5621fd55,서대문구,홍제3동 주민센터,세검정로4길 32,운영,2017,,12,2026-06-30,2021,,1645.0,2021,2021-12-31,12,False,False,ok,,137.08333333333334
STAT_31fbd643fef2,서대문구,홍은2동 주민센터,모래내로 334,운영,2017,,19,2026-06-30,2021,,2592.0,2021,2021-12-31,12,False,False,ok,,216.0
STAT_9a4437a9e8b3,서대문구,연희동주민센터,연희로 189,운영,2016,,19,2026-06-30,2021,,2522.0,2021,2021-12-31,12,False,False,ok,,210.16666666666666
STAT_1646029bae43,서대문구,홍은1동주민센터,홍은중앙로 85,운영,,,19,2026-06-30,2021,,1992.0,2021,2021-12-31,12,False,False,ok,,166.0
STAT_cba02c66855e,서대문구,신한은행_연희동점,서대문구 연희맛로 28,운영,2022,,12,2026-06-30,2021,,,2021,2021-12-31,12,False,False,ok,,
STAT_80e4ea4955e4,서대문구,서부제일교회 어린이도서관,가좌로 154,철거,2014,2025,12,2026-06-30,2021,,557.0,2021,2021-12-31,12,False,False,ok,,46.416666666666664
STAT_1ea51086c56a,서대문구,봉원교회 북카페 옆,봉원사2길 13,운영,2013,,12,2026-06-30,2021,,977.0,2021,2021-12-31,12,False,False,ok,,81.41666666666667
STAT_1e917029efef,서대문구,북아현동 주민센터,북아현로 24,운영,2013,,26,2026-06-30,2021,,6197.0,2021,2021-12-31,12,False,False,ok,,516.4166666666666
STAT_a3f8e0e054fd,서대문구,충현동주민센터,북아현로22길 38,운영,2018,,12,2026-06-30,2021,,1284.0,2021,2021-12-31,12,False,False,ok,,107.0
STAT_8dec4790137f,마포구,서교동교회,잔다리로6길 11,운영,2019,,12,2026-06-30,2021,0.32,1550.0,2021,2021-12-31,12,False,False,ok,32.0,129.16666666666666
STAT_8d6147041bce,마포구,성산1동주민센터,성산로 4길 15,운영,2019,,12,2026-06-30,2021,,1255.0,2021,2021-12-31,12,False,False,ok,,104.58333333333333
STAT_98a0f41ef8d7,마포구,대흥동주민센터,신촌로26길 10,운영,2013,,19,2026-06-30,2021,,2575.0,2021,2021-12-31,12,False,False,ok,,214.58333333333334
STAT_034d63886258,마포구,망원2동 치안센터,월드컵로31길 18,운영,2021,,19,2026-06-30,2021,,249.0,2021,2021-12-31,12,False,False,ok,,20.75
STAT_7481b259a196,마포구,서현교회,잔다리로7길 31,운영,2021,,19,2026-06-30,2021,,592.0,2021,2021-12-31,12,False,False,ok,,49.333333333333336
STAT_02ba68e25318,마포구,동교치안센터,신촌로2안길 27,운영,2021,,12,2026-06-30,2021,,12.0,2021,2021-12-31,12,False,False,ok,,1.0
STAT_7ab19dc12969,마포구,서강동주민센터,독막로 165,운영,2020,,12,2026-06-30,2021,,634.0,2021,2021-12-31,12,False,False,ok,,52.833333333333336
STAT_835a682c24e1,마포구,상암동주민센터후문,매봉산로2길 16,운영,,,19,2026-06-30,2021,,229.0,2021,2021-12-31,12,False,False,ok,,19.083333333333332
STAT_0bd5f0eb3d10,마포구,신수동주민센터,독막로 192,운영,2017,,19,2026-06-30,2021,,2593.0,2021,2021-12-31,12,False,False,ok,,216.08333333333334
STAT_deffabebbf77,마포구,성산2동주민센터,월드컵북로30길 22,운영,2016,,19,2026-06-30,2021,,2948.0,2021,2021-12-31,12,False,False,ok,,245.66666666666666
STAT_05cc498bda2e,마포구,연남동희망원룸주택,성미산로17길 79,운영,2015,,19,2026-06-30,2021,,1966.0,2021,2021-12-31,12,False,False,ok,,163.83333333333334
STAT_5c94fea8d4e9,마포구,상암동 제1공영주차장,성암로 197,운영,2014,,19,2026-06-30,2021,,2598.0,2021,2021-12-31,12,False,False,ok,,216.5
STAT_9d348c728bd6,마포구,마포아트센터,대흥로20길 28,운영,2014,,19,2026-06-30,2021,,2769.0,2021,2021-12-31,12,False,False,ok,,230.75
STAT_fac888c0d055,마포구,연남동 주민커뮤니티센터,동교로41길 36,운영,2013,,26,2026-06-30,2021,,3604.0,2021,2021-12-31,12,False,False,ok,,300.3333333333333
STAT_6d6e701f1594,마포구,도화동 주민센터,도화길 37,운영,2013,,26,2026-06-30,2021,,4511.0,2021,2021-12-31,12,False,False,ok,,375.9166666666667
STAT_39d0f0d3901b,양천구,신월1동 청소년독서실,남부순환로59길 8,철거,,2024,12,2026-06-30,2021,0.35,163.0,2021,2021-12-31,12,False,False,ok,35.0,13.583333333333334
STAT_23de841d5965,양천구,양천나눔누리센터,중앙로 250,운영,2017,,19,2026-06-30,2021,,3951.0,2021,2021-12-31,12,False,False,ok,,329.25
STAT_2d04eb775967,양천구,목동실버복지문화센터,목동중앙로3길 21,운영,2016,,19,2026-06-30,2021,,3447.0,2021,2021-12-31,12,False,False,ok,,287.25
STAT_5e1b65d10f0f,양천구,신월3동주민센터,남부순환로54길 5,운영,2016,,19,2026-06-30,2021,,1770.0,2021,2021-12-31,12,False,False,ok,,147.5
STAT_7cde1368b8b0,양천구,신정4동주민센터,오목로34길 5,운영,2016,,19,2026-06-30,2021,,3991.0,2021,2021-12-31,12,False,False,ok,,332.5833333333333
STAT_ca4ba4317e97,양천구,목동문화체육센터,목동중앙본로 73,운영,2015,,19,2026-06-30,2021,,3775.0,2021,2021-12-31,12,False,False,ok,,314.5833333333333
STAT_f11098cfa848,양천구,신월문화체육센터,지양로 47,운영,2014,,19,2026-06-30,2021,,2024.0,2021,2021-12-31,12,False,False,ok,,168.66666666666666
STAT_e0ecb8e2972b,양천구,신월5동주민센터,화곡로4길 10,운영,2014,,19,2026-06-30,2021,,2792.0,2021,2021-12-31,12,False,False,ok,,232.66666666666666
STAT_e1de30daf002,양천구,신월4동주민센터,오목로5길 34,운영,2013,,19,2026-06-30,2021,,1789.0,2021,2021-12-31,12,False,False,ok,,149.08333333333334
STAT_b88d8a60bdf8,양천구,목3동 주민센터,목동중앙남로16나길 55,운영,2013,,19,2026-06-30,2021,,2621.0,2021,2021-12-31,12,False,False,ok,,218.41666666666666
STAT_ddedb1f16494,양천구,경창시장고객주차장,신월동 446-3,철거,,2023,,2026-06-30,2021,,1.0,2021,2021-12-31,12,False,False,ok,,0.08333333333333333
STAT_06696991c883,양천구,목동보건지소,목동중앙본로7가길 11,운영,2018,,12,2026-06-30,2021,,814.0,2021,2021-12-31,12,False,False,ok,,67.83333333333333
STAT_99c35e6d1838,강서구,화곡2동주민센터,곰달래로37길 13,운영,2021,,12,2026-06-30,2021,0.32,108.0,2021,2021-12-31,12,False,False,ok,32.0,9.0
STAT_7d8d8d33828e,강서구,길꽃어린이도서관,금낭화로24길 5,운영,2019,,12,2026-06-30,2021,,869.0,2021,2021-12-31,12,False,False,ok,,72.41666666666667
STAT_7a8f5894fece,강서구,화곡8동 주민센터,곰달래로25길 45,운영,2017,,19,2026-06-30,2021,,3167.0,2021,2021-12-31,12,False,False,ok,,263.9166666666667
STAT_5c873e7265ba,강서구,가로공원공영주차장1번출구,가로공원로 189,운영,2016,,19,2026-06-30,2021,,2778.0,2021,2021-12-31,12,False,False,ok,,231.5
STAT_4318d33b4163,강서구,화곡 6-1 공영주차장,우장산로 114,운영,2015,,19,2026-06-30,2021,,2761.0,2021,2021-12-31,12,False,False,ok,,230.08333333333334
STAT_d6a3c7b99c3c,강서구,화곡 3-1 공영주차장,화곡로15길 40,운영,2014,,19,2026-06-30,2021,,99.0,2021,2021-12-31,12,False,False,ok,,8.25
STAT_638d593500cd,강서구,화곡 1-1 공영주차장,곰달래로15길 28,운영,2014,,19,2026-06-30,2021,,2000.0,2021,2021-12-31,12,False,False,ok,,166.66666666666666
STAT_f6e9b8766022,강서구,내발산동 문화센터,강서로52길 89,운영,2014,,19,2026-06-30,2021,,3108.0,2021,2021-12-31,12,False,False,ok,,259.0
STAT_fb84bfad2874,강서구,곰달래복지문화센터,강서로5길 50,운영,2013,,26,2026-06-30,2021,,3205.0,2021,2021-12-31,12,False,False,ok,,267.0833333333333
STAT_9e82a3101669,강서구,화곡4동 주민센터,곰달래로57가길 26,운영,2013,,26,2026-06-30,2021,,4122.0,2021,2021-12-31,12,False,False,ok,,343.5
STAT_dbbb210dd022,강서구,볏골공원공영주차장,까치산로4길 22,운영,2013,,26,2026-06-30,2021,,3680.0,2021,2021-12-31,12,False,False,ok,,306.6666666666667
STAT_f80238d23915,강서구,공항동 주민센터,송정로 45,운영,2013,,26,2026-06-30,2021,,2839.0,2021,2021-12-31,12,False,False,ok,,236.58333333333334
STAT_adbd014f8e18,강서구,발산1동주민센터,강서로47길 54,운영,2018,,19,2026-06-30,2021,,1939.0,2021,2021-12-31,12,False,False,ok,,161.58333333333334
STAT_0ffcc957b341,강서구,신방화역환승주차장,마곡서1로 111-12,운영,2021,,19,2026-06-30,2021,,227.0,2021,2021-12-31,12,False,False,ok,,18.916666666666668
STAT_0f9c71f4ccd3,구로구,가리봉동주민센터,우마2길 35,철거,,2024,12,2026-06-30,2021,0.29,151.0,2021,2021-12-31,12,False,False,ok,28.999999999999996,12.583333333333334
STAT_cda1caae8d02,구로구,구로구 시설관리공단,구로동로26길 54,철거,2017,2025,19,2026-06-30,2021,,2059.0,2021,2021-12-31,12,False,False,ok,,171.58333333333334
STAT_97228c730102,구로구,서울교통공사대림별관,도림천로 352,운영,2016,,12,2026-06-30,2021,,1429.0,2021,2021-12-31,12,False,False,ok,,119.08333333333333
STAT_f5eb496803e2,구로구,온수동_공용이용시설,부일로1길 62,철거,2015,2024,19,2026-06-30,2021,,1519.0,2021,2021-12-31,12,False,False,ok,,126.58333333333333
STAT_afbd363d78f9,구로구,구로역1번출구 NC백화점,구로중앙로 174,운영,2014,,19,2026-06-30,2021,,2894.0,2021,2021-12-31,12,False,False,ok,,241.16666666666666
STAT_717d49403232,구로구,구로구민회관,가마산로25길 21,운영,2014,,19,2026-06-30,2021,,1253.0,2021,2021-12-31,12,False,False,ok,,104.41666666666667
STAT_4c67d6d0cf6c,구로구,궁동종합사회복지관,오리로22길 5,철거,2014,2023,,2026-06-30,2021,,2595.0,2021,2021-12-31,12,False,False,ok,,216.25
STAT_8a9ec9230ef3,구로구,동양미래대학교 기숙사,중앙로 10-5,철거,,2022,,2026-06-30,2021,,1015.0,2021,2021-12-31,12,False,False,ok,,84.58333333333333
STAT_bb1c499a038e,구로구,구로2동주민센터앞,구로동로 141,운영,2013,,19,2026-06-30,2021,,2342.0,2021,2021-12-31,12,False,False,ok,,195.16666666666666
STAT_d5563d8ce2f2,구로구,현대오일뱅크_구로셀프주유소,조원로12길 25,철거,2019,2022,,2026-06-30,2021,,505.0,2021,2021-12-31,12,False,False,ok,,42.083333333333336
STAT_2e1abbb34621,구로구,구로구민 체육센터,고척로45길 36,운영,2013,,19,2026-06-30,2021,,3027.0,2021,2021-12-31,12,False,False,ok,,252.25
STAT_d342021478da,구로구,오류1동텃골공영주차장,경인로15길 22,운영,2018,,19,2026-06-30,2021,,2574.0,2021,2021-12-31,12,False,False,ok,,214.5
STAT_770a0515628d,금천구,독산2동주민센터,독산로 179,운영,2019,,12,2026-06-30,2021,0.27,1425.0,2021,2021-12-31,12,False,False,ok,27.0,118.75
STAT_f53a3d3b4ca0,금천구,청춘삘딩,시흥대로138길 10-11,철거,,2024,12,2026-06-30,2021,,52.0,2021,2021-12-31,12,False,False,ok,,4.333333333333333
STAT_4edeb9204c20,금천구,신한은행_디지털라운지,금천구 시흥대로 97(시흥동),철거,,2024,12,2026-06-30,2021,,,2021,2021-12-31,12,False,False,ok,,
STAT_951c2981ecd6,금천구,신한은행_금천점,금천구 금하로 747-1(시흥동),운영,,,12,2026-06-30,2021,,,2021,2021-12-31,12,False,False,ok,,
STAT_d6b3bad180a2,금천구,시흥4동 주민센터,독산로36길 14,운영,2014,,19,2026-06-30,2021,,1676.0,2021,2021-12-31,12,False,False,ok,,139.66666666666666
STAT_5ae25e4d56ee,금천구,금천호암노인복지관,독산로72길 86-5,철거,2013,2025,12,2026-06-30,2021,,1163.0,2021,2021-12-31,12,False,False,ok,,96.91666666666667
STAT_f2fef42db86a,금천구,시흥3동 주민센터,시흥대로18길 40,운영,2013,,19,2026-06-30,2021,,2440.0,2021,2021-12-31,12,False,False,ok,,203.33333333333334
STAT_f5261bc0d7fa,금천구,독산1동주민센터,시흥대로123길 11,운영,2013,,26,2026-06-30,2021,,2214.0,2021,2021-12-31,12,False,False,ok,,184.5
STAT_bcf74284cb91,금천구,금빛휘트니스센터,금하로668 금빛공원,철거,2017,2023,19,2026-06-30,2021,,2503.0,2021,2021-12-31,12,False,False,ok,,208.58333333333334
STAT_936b450d3897,금천구,금천구청,시흥대로73길 70,운영,2018,,19,2026-06-30,2021,,2380.0,2021,2021-12-31,12,False,False,ok,,198.33333333333334
STAT_2cb38fb629a9,영등포구,영등포청소년상담복지센터,도영로22길 36,철거,,2024,12,2026-06-30,2021,0.35,871.0,2021,2021-12-31,12,False,False,ok,35.0,72.58333333333333
STAT_ac0e67648966,영등포구,영등포 제1스포츠센터,신풍로 1,운영,2013,,19,2026-06-30,2021,,2427.0,2021,2021-12-31,12,False,False,ok,,202.25
STAT_cf76a9f31288,영등포구,신길6동복지관,대방천로 193,운영,,,12,2026-06-30,2021,,901.0,2021,2021-12-31,12,False,False,ok,,75.08333333333333
STAT_33df9863f186,영등포구,영등포 평생학습관,버드나루로15길 10,운영,2017,,12,2026-06-30,2021,,1769.0,2021,2021-12-31,12,False,False,ok,,147.41666666666666
STAT_a60db2ab9433,영등포구,영등포본동주민센터,신길로61길 17,운영,2016,,19,2026-06-30,2021,,2519.0,2021,2021-12-31,12,False,False,ok,,209.91666666666666
STAT_5382f3a621ba,영등포구,신길4동1동1마을공영주차장,신길로40길 5,운영,2016,,19,2026-06-30,2021,,2854.0,2021,2021-12-31,12,False,False,ok,,237.83333333333334
STAT_320997c6f358,영등포구,신길7동 주민센터,여의대방로43길 10,운영,2015,,19,2026-06-30,2021,,2564.0,2021,2021-12-31,12,False,False,ok,,213.66666666666666
STAT_e3d3a1ede407,영등포구,도림동 주민센터,도영로7길 10,운영,2014,,19,2026-06-30,2021,,2728.0,2021,2021-12-31,12,False,False,ok,,227.33333333333334
STAT_a835274b8243,영등포구,다사랑어린이공원(경로당),대림로23가길 5,운영,2013,,12,2026-06-30,2021,,951.0,2021,2021-12-31,12,False,False,ok,,79.25
STAT_882f7d1a36f1,영등포구,신길1동 주민센터,영등포로84길 24-5,운영,2013,,19,2026-06-30,2021,,2548.0,2021,2021-12-31,12,False,False,ok,,212.33333333333334
STAT_73ecd7c0cbc7,영등포구,대림도서관,도신로 27,운영,2013,,26,2026-06-30,2021,,3173.0,2021,2021-12-31,12,False,False,ok,,264.4166666666667
STAT_e31f089e2af8,영등포구,그린케어센터,당산로29길 9,운영,2013,,19,2026-06-30,2021,,3401.0,2021,2021-12-31,12,False,False,ok,,283.4166666666667
STAT_dc9c9cf7c202,동작구,스페이스살림,노량진로 10,운영,2021,,19,2026-06-30,2021,0.31,32.0,2021,2021-12-31,12,False,False,ok,31.0,2.6666666666666665
STAT_c5df9c17d8f5,동작구,사당종합체육관,사당로27길 232,운영,2022,,12,2026-06-30,2021,,,2021,2021-12-31,12,False,False,ok,,
STAT_836471fef345,동작구,신한은행 숭실대역 지점,상도로37길 76 (상도동),운영,2019,,12,2026-06-30,2021,,1399.0,2021,2021-12-31,12,False,False,ok,,116.58333333333333
STAT_ba2e73e2c8ad,동작구,순만빌딩,노량진로 169,운영,2017,,19,2026-06-30,2021,,2605.0,2021,2021-12-31,12,False,False,ok,,217.08333333333334
STAT_996f07c4ece7,동작구,사당문화회관,사당로8길 9,운영,2016,,19,2026-06-30,2021,,3185.0,2021,2021-12-31,12,False,False,ok,,265.4166666666667
STAT_bf55db69f366,동작구,상도1동주민센터,상도로53길 9,운영,2016,,19,2026-06-30,2021,,2479.0,2021,2021-12-31,12,False,False,ok,,206.58333333333334
STAT_da0f3a674fb7,동작구,예그리나주택,국사봉8길 47,철거,2015,2025,19,2026-06-30,2021,,1262.0,2021,2021-12-31,12,False,False,ok,,105.16666666666667
STAT_9227ed4259f5,동작구,강남교회 교육관,만양로 76,운영,2014,,19,2026-06-30,2021,,2091.0,2021,2021-12-31,12,False,False,ok,,174.25
STAT_e3a9ba06c7fd,동작구,동작청소년센터,상도로15바길 5,운영,2014,,19,2026-06-30,2021,,1434.0,2021,2021-12-31,12,False,False,ok,,119.5
STAT_594cee10f6bf,동작구,kb국민은행 동작구청지점,장승배기로 161,운영,2013,,47,2026-06-30,2021,,9614.0,2021,2021-12-31,12,False,False,ok,,801.1666666666666
STAT_6db9bba2b70d,동작구,사당노인종합복지관,남부순환로 2081,운영,2013,,19,2026-06-30,2021,,3103.0,2021,2021-12-31,12,False,False,ok,,258.5833333333333
STAT_590aa89b66f6,동작구,상도3동 주민센터,성대로2길 11,운영,2013,,33,2026-06-30,2021,,6790.0,2021,2021-12-31,12,False,False,ok,,565.8333333333334
STAT_c90e70b29716,동작구,신대방해피점,신대방1나길 26,철거,,2026,12,2026-06-30,2021,,693.0,2021,2021-12-31,12,False,False,ok,,57.75
STAT_5120b86a6b6f,동작구,현대오일뱅크_사당셀프주유소,동작대로 73,운영,2019,,12,2026-06-30,2021,,1080.0,2021,2021-12-31,12,False,False,ok,,90.0
STAT_fe6f6bc2a124,관악구,미성체육관,난우16길 37,운영,2023,,12,2026-06-30,2021,0.36,,2021,2021-12-31,12,False,False,ok,36.0,
STAT_56299bc63850,관악구,신한은행_신림역,관악구 신림동 남부순환로 1590,운영,2022,,12,2026-06-30,2021,,,2021,2021-12-31,12,False,False,ok,,
STAT_1d3fb4e138cc,관악구,신한은행 (구)봉천서 지점,은천로 110 (봉천동),운영,2019,,12,2026-06-30,2021,,784.0,2021,2021-12-31,12,False,False,ok,,65.33333333333333
STAT_936f209efdf3,관악구,신한은행 신림대학동 지점,호암로26길 58 대학동 (신림동),철거,2019,2024,12,2026-06-30,2021,,298.0,2021,2021-12-31,12,False,False,ok,,24.833333333333332
STAT_26ef031f14e0,관악구,서원동주민센터,신림로 282,운영,2017,,19,2026-06-30,2021,,3720.0,2021,2021-12-31,12,False,False,ok,,310.0
STAT_ac86c63305db,관악구,관악청소년회관,신림로23길 17,운영,2016,,26,2026-06-30,2021,,4379.0,2021,2021-12-31,12,False,False,ok,,364.9166666666667
STAT_b41f016635ef,관악구,인헌동주민센터,남부순환로246가길 20,운영,2016,,19,2026-06-30,2021,,2894.0,2021,2021-12-31,12,False,False,ok,,241.16666666666666
STAT_74d2efca893f,관악구,남현동 주민센터,남현1가길 29,운영,2014,,19,2026-06-30,2021,,1749.0,2021,2021-12-31,12,False,False,ok,,145.75
STAT_aa17782bb666,관악구,청룡동 주민센터,쑥고개로 44,운영,2014,,19,2026-06-30,2021,,1582.0,2021,2021-12-31,12,False,False,ok,,131.83333333333334
STAT_739bf0c4ecec,관악구,조원동주민센터,조원로12길 25,운영,2013,,19,2026-06-30,2021,,2559.0,2021,2021-12-31,12,False,False,ok,,213.25
STAT_b0a304140bbb,관악구,신사동자치회관,조원로 151-1,운영,2013,,26,2026-06-30,2021,,3787.0,2021,2021-12-31,12,False,False,ok,,315.5833333333333
STAT_760a24d827b5,관악구,행운동주민센터,행운1길 43,운영,2013,,26,2026-06-30,2021,,5317.0,2021,2021-12-31,12,False,False,ok,,443.0833333333333
STAT_b467abb13ad2,관악구,미성동자치회관,난곡로 52길 16,철거,,2023,,2026-06-30,2021,,1770.0,2021,2021-12-31,12,False,False,ok,,147.5
STAT_cb297e1d13e2,관악구,관악구청,관악로 145,운영,2018,,19,2026-06-30,2021,,2805.0,2021,2021-12-31,12,False,False,ok,,233.75
STAT_f1828ad4a155,관악구,국사봉 체육관,국회단지길 144 51,운영,2024,,,2026-06-30,2021,,,2021,2021-12-31,12,False,False,ok,,
STAT_fd7dad718d33,관악구,신림여성회관,대학길 64,운영,2018,,12,2026-06-30,2021,,1209.0,2021,2021-12-31,12,False,False,ok,,100.75
STAT_ed2495e74c89,관악구,현대오일뱅크_관악셀프주유소,남부순환로 1520,철거,2019,2024,12,2026-06-30,2021,,727.0,2021,2021-12-31,12,False,False,ok,,60.583333333333336
STAT_e2c06f7250be,서초구,양재1동민원분소,남부순환로 2610,운영,2020,,12,2026-06-30,2021,0.34,272.0,2021,2021-12-31,12,False,False,ok,34.0,22.666666666666668
STAT_5f1d756f00d5,서초구,양재2동주민센터,강남대로12길 44,운영,2015,,19,2026-06-30,2021,,3543.0,2021,2021-12-31,12,False,False,ok,,295.25
STAT_465a64adf765,서초구,언구비 공영주차장,강남대로83길 55,운영,,,19,2026-06-30,2021,,2627.0,2021,2021-12-31,12,False,False,ok,,218.91666666666666
STAT_1c2f11d66857,서초구,방배열린문화센터,방배로 173,운영,2014,,19,2026-06-30,2021,,4200.0,2021,2021-12-31,12,False,False,ok,,350.0
STAT_18a2f9da394e,서초구,방배2동 주민센터,청두곶길 36,운영,2014,,19,2026-06-30,2021,,2362.0,2021,2021-12-31,12,False,False,ok,,196.83333333333334
STAT_fc2875410dda,서초구,방음언덕형 공영주차장,주흥3길 34,철거,,2023,,2026-06-30,2021,,612.0,2021,2021-12-31,12,False,False,ok,,51.0
STAT_c30d9a40d4f3,서초구,양재공영주차장,양재천로 125-10,운영,,,,2026-06-30,2021,,,2021,2021-12-31,12,False,False,ok,,
STAT_dc1b29d184b4,서초구,서초꿈나무라이온스 보금자리,언남10길 48,운영,2013,,12,2026-06-30,2021,,1491.0,2021,2021-12-31,12,False,False,ok,,124.25
STAT_85943aef4c38,강남구,역삼청소년수련관,논현로64길 7,운영,2019,,12,2026-06-30,2021,0.4,845.0,2021,2021-12-31,12,False,False,ok,40.0,70.41666666666667
STAT_6518099b70e6,강남구,대치2동 주민센터,영동대로65길 24,운영,2017,,19,2026-06-30,2021,,3268.0,2021,2021-12-31,12,False,False,ok,,272.3333333333333
STAT_2b28404d36cc,강남구,도곡1동 주민센터,도곡로18길 57,운영,2017,,19,2026-06-30,2021,,3690.0,2021,2021-12-31,12,False,False,ok,,307.5
STAT_62092e77fe91,강남구,논현1동주민센터,학동로20길 25,운영,2015,,19,2026-06-30,2021,,2773.0,2021,2021-12-31,12,False,False,ok,,231.08333333333334
STAT_e06c1f8676b7,강남구,대치4동 주민센터,도곡로77길 23,운영,2014,,47,2026-06-30,2021,,11106.0,2021,2021-12-31,12,False,False,ok,,925.5
STAT_3dc9d927646b,강남구,도곡2동주민센터,남부순환로378길 34-9,운영,2013,,26,2026-06-30,2021,,4931.0,2021,2021-12-31,12,False,False,ok,,410.9166666666667
STAT_178da6eefa25,강남구,일원1동주민센터,양재대로55길 14,철거,2018,2023,19,2026-06-30,2021,,1910.0,2021,2021-12-31,12,False,False,ok,,159.16666666666666
STAT_03addec1b766,강남구,역삼1동 주민센터,역삼로7길 16,운영,2020,,19,2026-06-30,2021,,598.0,2021,2021-12-31,12,False,False,ok,,49.833333333333336
STAT_9dcc8bc338db,강남구,현대오일뱅크_신사현대점,도산대로 163,철거,2019,2025,12,2026-06-30,2021,,,2021,2021-12-31,12,False,False,ok,,
STAT_fdc8088d2280,송파구,가락2동치안센터,오금로46길 55,운영,,,12,2026-06-30,2021,0.35,335.0,2021,2021-12-31,12,False,False,ok,35.0,27.916666666666668
STAT_c6fcda5233f0,송파구,삼전지구대,백제고분로 238,운영,2021,,12,2026-06-30,2021,,52.0,2021,2021-12-31,12,False,False,ok,,4.333333333333333
STAT_3d8d555688c0,송파구,장지동 주민센터,새말로19길 6,철거,2017,2025,19,2026-06-30,2021,,2330.0,2021,2021-12-31,12,False,False,ok,,194.16666666666666
STAT_dd23b99ed730,송파구,거여2동주민센터,거마로2길 19,운영,2016,,19,2026-06-30,2021,,2631.0,2021,2021-12-31,12,False,False,ok,,219.25
STAT_a95b9e0fb955,송파구,마천2동주민센터,마천로 287,운영,2021,,19,2026-06-30,2021,,1719.0,2021,2021-12-31,12,False,False,ok,,143.25
STAT_90806d728341,송파구,석촌동주민센터,백제고분로37길 16,운영,2015,,19,2026-06-30,2021,,2639.0,2021,2021-12-31,12,False,False,ok,,219.91666666666666
STAT_214fb25fa781,송파구,송파노인종합복지관,백제고분로32길 41,운영,2014,,19,2026-06-30,2021,,3416.0,2021,2021-12-31,12,False,False,ok,,284.6666666666667
STAT_5e9e07ce50c5,송파구,여의도 순복음송파교회,마천로 17,운영,2014,,19,2026-06-30,2021,,3367.0,2021,2021-12-31,12,False,False,ok,,280.5833333333333
STAT_bee805484f91,송파구,송파여성 문화회관,백제고분로42길 5,운영,2013,,33,2026-06-30,2021,,7549.0,2021,2021-12-31,12,False,False,ok,,629.0833333333334
STAT_3e86236a82a9,송파구,거여1동주민센터,오금로53길 32,운영,2013,,19,2026-06-30,2021,,1080.0,2021,2021-12-31,12,False,False,ok,,90.0
STAT_f7f629d29cd0,송파구,문정1동 주민센터,동남로 116,운영,2018,,19,2026-06-30,2021,,2937.0,2021,2021-12-31,12,False,False,ok,,244.75
STAT_21833b1ab987,강동구,강동구 평생학습관(명일동 공영주차장),구천면로 395,운영,,,12,2026-06-30,2021,0.41,4445.0,2021,2021-12-31,12,False,False,ok,41.0,370.4166666666667
STAT_43f52127c80f,강동구,천호 청소년 문화의집,천중로 61,운영,2023,,12,2026-06-30,2021,,,2021,2021-12-31,12,False,False,ok,,
STAT_72c009707087,강동구,둔촌역전통시장공영주차장,성내동 417-34,운영,2021,,19,2026-06-30,2021,,11.0,2021,2021-12-31,12,False,False,ok,,0.9166666666666666
STAT_7e6e3efd79db,강동구,2001아울렛천호점,구천면로 189,철거,2016,2026,19,2026-06-30,2021,,2372.0,2021,2021-12-31,12,False,False,ok,,197.66666666666666
STAT_d00fab07a6f6,강동구,강일동주민센터,아리수로93길 9-14,운영,2026,,19,2026-06-30,2021,,,2021,2021-12-31,12,False,False,ok,,
STAT_debabdac3ce2,강동구,길동주민센터,길동 228-10,운영,2015,,12,2026-06-30,2021,,895.0,2021,2021-12-31,12,False,False,ok,,74.58333333333333
STAT_5049cc7dcee3,강동구,성내1동 주민센터,성내로 13,운영,2014,,19,2026-06-30,2021,,3638.0,2021,2021-12-31,12,False,False,ok,,303.1666666666667
STAT_3bf669c51a40,강동구,암사2동 주민센터,상암로3길 28,운영,2014,,19,2026-06-30,2021,,3583.0,2021,2021-12-31,12,False,False,ok,,298.5833333333333
STAT_7b79614c1bf0,강동구,강동구민회관,상암로 168,운영,2014,,19,2026-06-30,2021,,4293.0,2021,2021-12-31,12,False,False,ok,,357.75
STAT_a6d8c6945079,강동구,강동구립암사도서관,고덕로20길 42,운영,2013,,19,2026-06-30,2021,,3563.0,2021,2021-12-31,12,False,False,ok,,296.9166666666667
STAT_0e13e54ef4ed,강동구,강동구립해공도서관,올림픽로 702,운영,2021,,12,2026-06-30,2021,,387.0,2021,2021-12-31,12,False,False,ok,,32.25
STAT_d812ffe286cc,강동구,구립안말경로당,풍성로45길 11,운영,2023,,12,2026-06-30,2021,,,2021,2021-12-31,12,False,False,ok,,
STAT_f2873d5dd989,종로구,청운효자동 자치회관,자하문로19길 36,운영,2017,,19,2026-06-30,2022,0.27,2219.0,2022,2022-12-31,12,False,False,ok,27.0,184.91666666666666
STAT_fc2a86ed1394,종로구,종로육아종합지원센터,성균관로1길 6-3,운영,2015,,19,2026-06-30,2022,,2637.0,2022,2022-12-31,12,False,False,ok,,219.75
STAT_0cd8a2d799e5,종로구,숭인1동 주민센터,지봉로 86,운영,2014,,19,2026-06-30,2022,,2438.0,2022,2022-12-31,12,False,False,ok,,203.16666666666666
STAT_c7e46abc1681,종로구,숭인제2동주민센터,종로65길 10,운영,2020,,12,2026-06-30,2022,,406.0,2022,2022-12-31,12,False,False,ok,,33.833333333333336
STAT_21a86d9f47ae,종로구,종로구민회관,지봉로5길 7-5,운영,2019,,12,2026-06-30,2022,,777.0,2022,2022-12-31,12,False,False,ok,,64.75
STAT_993b2f02ae9c,중구,약수동공영주차장,동호로8다길 22,철거,2017,2025,12,2026-06-30,2022,0.19,1203.0,2022,2022-12-31,12,False,False,ok,19.0,100.25
STAT_faccecab1808,중구,버티 공영주차장,동호로17길 270,운영,2017,,19,2026-06-30,2022,,2291.0,2022,2022-12-31,12,False,False,ok,,190.91666666666666
STAT_54b150fff4fd,중구,장충체육관 후문,동호로 241,운영,2016,,19,2026-06-30,2022,,1552.0,2022,2022-12-31,12,False,False,ok,,129.33333333333334
STAT_b9f19c6dddd0,중구,약수교회 식당입구,다산로8길 32,철거,2014,2025,19,2026-06-30,2022,,1270.0,2022,2022-12-31,12,False,False,ok,,105.83333333333333
STAT_f8bb8db97063,중구,장충공영주차장,장충동2가 192-129,철거,2018,2024,12,2026-06-30,2022,,271.0,2022,2022-12-31,12,False,False,ok,,22.583333333333332
STAT_5f1ff7970896,중구,충현 공영주차장,동호로 11나길 47,철거,,2024,12,2026-06-30,2022,,151.0,2022,2022-12-31,12,False,False,ok,,12.583333333333334
STAT_438c9ca92101,중구,명동주민센터,퇴계로20나길 16,철거,2016,2024,19,2026-06-30,2022,,2494.0,2022,2022-12-31,12,False,False,ok,,207.83333333333334
STAT_3b03968e50d1,중구,다산동공영주차장,동호로15길60,철거,,2022,12,2026-06-30,2022,,,2022,2022-12-31,12,False,False,ok,,
STAT_8249f19c6910,중구,충무창업큐브,광희동 퇴계로 265,운영,2023,,12,2026-06-30,2022,,,2022,2022-12-31,12,False,False,ok,,
STAT_1b5b79410bc5,용산구,보광동주민센터,장문로 95,운영,2020,,12,2026-06-30,2022,0.31,1150.0,2022,2022-12-31,12,False,False,ok,31.0,95.83333333333333
STAT_0f7ce7abe0cd,용산구,숙대 명재관 인근,효창원로86길 33,운영,2017,,19,2026-06-30,2022,,1805.0,2022,2022-12-31,12,False,False,ok,,150.41666666666666
STAT_4050d8fe3123,용산구,용산치안센터(2가동주민센터),신흥로 90,운영,2016,,19,2026-06-30,2022,,2209.0,2022,2022-12-31,12,False,False,ok,,184.08333333333334
STAT_e81e7c62c745,용산구,효창동주민센터,효창원로 161,운영,2016,,19,2026-06-30,2022,,1660.0,2022,2022-12-31,12,False,False,ok,,138.33333333333334
STAT_7b48b85b0312,용산구,한남동공영주차장,이태원로 224-19,운영,2016,,12,2026-06-30,2022,,1330.0,2022,2022-12-31,12,False,False,ok,,110.83333333333333
STAT_9b09f30c5033,용산구,용산구청후문,녹사평대로 150,운영,2013,,19,2026-06-30,2022,,3615.0,2022,2022-12-31,12,False,False,ok,,301.25
STAT_6d1860ea10b7,용산구,효창종합사회복지관,효창원로146-12,철거,,2023,19,2026-06-30,2022,,12.0,2022,2022-12-31,12,False,False,ok,,1.0
STAT_12ddd3aab93b,용산구,갈월종합사회복지관,두텁바위로 25,운영,2013,,26,2026-06-30,2022,,4250.0,2022,2022-12-31,12,False,False,ok,,354.1666666666667
STAT_1172c7332dcd,용산구,용산꿈나무종합타운,백범로 329,운영,2018,,12,2026-06-30,2022,,1704.0,2022,2022-12-31,12,False,False,ok,,142.0
STAT_29cac3c98c62,성동구,열린금호교육문화관,무수막길 69,운영,,,12,2026-06-30,2022,0.23,1019.0,2022,2022-12-31,12,False,False,ok,23.0,84.91666666666667
STAT_9d3fa2b69083,성동구,성수2가3동 공영주차장,광나루로 4가길 23,운영,2021,,12,2026-06-30,2022,,221.0,2022,2022-12-31,12,False,False,ok,,18.416666666666668
STAT_4b912f14f5db,성동구,용답공영주차장,용답 29길 22,철거,2020,2024,12,2026-06-30,2022,,484.0,2022,2022-12-31,12,False,False,ok,,40.333333333333336
STAT_943af5c9afc0,성동구,강변공영주차장,둘레길 47-5,철거,,2024,19,2026-06-30,2022,,411.0,2022,2022-12-31,12,False,False,ok,,34.25
STAT_641149cfb49b,성동구,하왕십리공영주차장,무학봉길 48,운영,,,12,2026-06-30,2022,,625.0,2022,2022-12-31,12,False,False,ok,,52.083333333333336
STAT_bd325c0b6958,성동구,성동구민종합체육센터,왕십리로 89,운영,2017,,19,2026-06-30,2022,,2328.0,2022,2022-12-31,12,False,False,ok,,194.0
STAT_6baaa2d14df5,성동구,응봉동 공영주차장,독서당로63길 40,운영,2024,,12,2026-06-30,2022,,,2022,2022-12-31,12,False,False,ok,,
STAT_cc117a8e3400,성동구,성동구립도서관,고산자로10길 9,운영,2016,,26,2026-06-30,2022,,5975.0,2022,2022-12-31,12,False,False,ok,,497.9166666666667
STAT_9d29c73ae990,성동구,왕십리2동주민센터,무학봉15길 6,운영,2022,,12,2026-06-30,2022,,2830.0,2022,2022-12-31,12,False,False,ok,,235.83333333333334
STAT_9a738c1e0e95,성동구,사근동주민센터,사근동길 37,운영,2018,,12,2026-06-30,2022,,844.0,2022,2022-12-31,12,False,False,ok,,70.33333333333333
STAT_d34ef1e8269d,광진구,자양2동주민센터,자양로3가길 26,운영,2019,,12,2026-06-30,2022,0.3,770.0,2022,2022-12-31,12,False,False,ok,30.0,64.16666666666667
STAT_3676629fc0b6,광진구,자양문화체육센터,뚝섬로52길 66,운영,2021,,19,2026-06-30,2022,,167.0,2022,2022-12-31,12,False,False,ok,,13.916666666666666
STAT_075189ed3cf4,광진구,군자동주민센터,면목로 13,운영,2022,,12,2026-06-30,2022,,99.0,2022,2022-12-31,12,False,False,ok,,8.25
STAT_b1db1e2faece,광진구,구의1동공영주차장,자양로18길 78,운영,,,19,2026-06-30,2022,,1054.0,2022,2022-12-31,12,False,False,ok,,87.83333333333333
STAT_23649dd805e2,광진구,중곡감리교회,긴고랑로36길 56,철거,2017,2023,19,2026-06-30,2022,,1127.0,2022,2022-12-31,12,False,False,ok,,93.91666666666667
STAT_758ff5ca6137,광진구,구의2동주택가 공동주차장,자양로 309,운영,2017,,19,2026-06-30,2022,,2404.0,2022,2022-12-31,12,False,False,ok,,200.33333333333334
STAT_e9bf395d37b8,광진구,자양종합사회복지관,자양번영로 35,운영,2016,,19,2026-06-30,2022,,3418.0,2022,2022-12-31,12,False,False,ok,,284.8333333333333
STAT_408bd0ac3797,광진구,중곡문화체육센터,능동로 433,운영,2016,,19,2026-06-30,2022,,2727.0,2022,2022-12-31,12,False,False,ok,,227.25
STAT_e55a66477e82,광진구,중곡종합건강센터,긴고랑로 110,운영,2016,,19,2026-06-30,2022,,2195.0,2022,2022-12-31,12,False,False,ok,,182.91666666666666
STAT_3acf37d271c1,광진구,화양동주민센터,능동로17길 39,운영,2015,,19,2026-06-30,2022,,2535.0,2022,2022-12-31,12,False,False,ok,,211.25
STAT_63bdb69c59a1,광진구,자양4동 주민센터,뚝섬로26길 58,운영,2014,,19,2026-06-30,2022,,3346.0,2022,2022-12-31,12,False,False,ok,,278.8333333333333
STAT_ca5751664bd1,광진구,동부여성발전센터,아차산로30길 36,운영,2014,,26,2026-06-30,2022,,3119.0,2022,2022-12-31,12,False,False,ok,,259.9166666666667
STAT_2b92845e04d7,광진구,중곡1동주민센터,긴고랑로12길 49,운영,2018,,12,2026-06-30,2022,,1440.0,2022,2022-12-31,12,False,False,ok,,120.0
STAT_cd0d76d74c3a,광진구,현대오일뱅크_중원주유소,동일로 398,철거,2019,2023,,2026-06-30,2022,,98.00277777777778,2022,2022-12-31,12,False,False,ok,,8.166898148148148
STAT_0c47cbd55ae6,광진구,광진경찰서,자양로 167,운영,2018,,12,2026-06-30,2022,,1720.0,2022,2022-12-31,12,False,False,ok,,143.33333333333334
STAT_eaa2d3d65362,동대문구,휘경동공영주차장,망우로12길 33,운영,2019,,19,2026-06-30,2022,0.24,395.0,2022,2022-12-31,12,False,False,ok,24.0,32.916666666666664
STAT_d0f69a3385d2,동대문구,이문체육문화센터,한천로58길 81-49,운영,2022,,12,2026-06-30,2022,,125.0,2022,2022-12-31,12,False,False,ok,,10.416666666666666
STAT_8507bb784f10,동대문구,신한은행 외대역 지점,휘경로 23(이문동),철거,2019,2026,12,2026-06-30,2022,,1872.4833333333333,2022,2022-12-31,12,False,False,ok,,156.0402777777778
STAT_764b677382e5,동대문구,나사렛교회,전농로27길 42,철거,2017,2024,19,2026-06-30,2022,,2571.0,2022,2022-12-31,12,False,False,ok,,214.25
STAT_30253358ff81,동대문구,장안2동 공영주차장,답십리로65길 124-5,운영,2017,,19,2026-06-30,2022,,2650.0,2022,2022-12-31,12,False,False,ok,,220.83333333333334
STAT_0e5791032abc,동대문구,동대문구청 종합민원실,천호대로 145,운영,2016,,19,2026-06-30,2022,,1787.0,2022,2022-12-31,12,False,False,ok,,148.91666666666666
STAT_d88bac6a8b15,동대문구,동대문종합사회복지관,약령시로5길 22,철거,2016,2023,19,2026-06-30,2022,,885.0,2022,2022-12-31,12,False,False,ok,,73.75
STAT_6bc8f8825cac,동대문구,회기동공영주차장,회기로25길 31,운영,2016,,12,2026-06-30,2022,,2035.0,2022,2022-12-31,12,False,False,ok,,169.58333333333334
STAT_a301e08fb187,동대문구,답십리도서관,서울시립대로4길 75,운영,2015,,19,2026-06-30,2022,,2405.0,2022,2022-12-31,12,False,False,ok,,200.41666666666666
STAT_3639fcc7ebce,동대문구,정보화도서관,회기로10길 60,운영,2013,,19,2026-06-30,2022,,1331.0,2022,2022-12-31,12,False,False,ok,,110.91666666666667
STAT_fb818619e613,동대문구,장안종합사회복지관,한천로18길 48,운영,2013,,26,2026-06-30,2022,,3281.0,2022,2022-12-31,12,False,False,ok,,273.4166666666667
STAT_95a09e290bd9,동대문구,답십리2청소년독서실,답십리로56길 15,운영,2022,,12,2026-06-30,2022,,393.0,2022,2022-12-31,12,False,False,ok,,32.75
STAT_cbdc9360c91f,중랑구,중화1치안센터,동일로 792,철거,2021,2024,19,2026-06-30,2022,0.26,645.0,2022,2022-12-31,12,False,False,ok,26.0,53.75
STAT_6de60005fdc0,중랑구,면목4동주민센터,면목로 246,운영,2016,,19,2026-06-30,2022,,2029.0,2022,2022-12-31,12,False,False,ok,,169.08333333333334
STAT_0856c74ea1d5,중랑구,면목5동 주민센터,동일로 619,운영,2014,,19,2026-06-30,2022,,2894.0,2022,2022-12-31,12,False,False,ok,,241.16666666666666
STAT_bf8a83ad9ef3,중랑구,면목본동 주민센터,면목로 397,운영,2013,,33,2026-06-30,2022,,6411.0,2022,2022-12-31,12,False,False,ok,,534.25
STAT_6cb0a600e20f,중랑구,상봉1동주민센터,상봉중앙로1길 6,운영,2023,,19,2026-06-30,2022,,,2022,2022-12-31,12,False,False,ok,,
STAT_28eb1a2300e8,중랑구,상봉2동주민센터,동일로 114길 10,운영,,,19,2026-06-30,2022,,1086.0,2022,2022-12-31,12,False,False,ok,,90.5
STAT_23e5d157fd2d,성북구,석관동주민센터,화랑로 296,운영,2019,,12,2026-06-30,2022,0.31,1355.0,2022,2022-12-31,12,False,False,ok,31.0,112.91666666666667
STAT_7c3980948ba9,성북구,성북정릉감리교회,보국문로8길 23,철거,2022,2026,19,2026-06-30,2022,,337.0,2022,2022-12-31,12,False,False,ok,,28.083333333333332
STAT_db6096ed1b43,성북구,성북구립휘트니스센터,보문로29길 49,운영,2026,,19,2026-06-30,2022,,,2022,2022-12-31,12,False,False,ok,,
STAT_d02c85eb65b9,성북구,보문부모아이지원센터,지봉로24길 26,운영,2020,,12,2026-06-30,2022,,758.0,2022,2022-12-31,12,False,False,ok,,63.166666666666664
STAT_6a31f976acf1,성북구,제일빌딩,북악산로31길 8,운영,2017,,19,2026-06-30,2022,,1426.0,2022,2022-12-31,12,False,False,ok,,118.83333333333333
STAT_63ba54a52163,성북구,성북희망나눔봉사센터,삼양로 20,운영,2016,,19,2026-06-30,2022,,2728.0,2022,2022-12-31,12,False,False,ok,,227.33333333333334
STAT_e667effbc8d6,성북구,안암교회,보문로30가길 41-6,운영,2015,,19,2026-06-30,2022,,2113.0,2022,2022-12-31,12,False,False,ok,,176.08333333333334
STAT_7e654d362a1a,성북구,성북청소년수련관,한천로 660-9,철거,2018,2023,12,2026-06-30,2022,,521.0,2022,2022-12-31,12,False,False,ok,,43.416666666666664
STAT_f5a46a229b66,성북구,아리랑 시네미디어센터,아리랑로 82,운영,2014,,19,2026-06-30,2022,,3102.0,2022,2022-12-31,12,False,False,ok,,258.5
STAT_3a978882743c,성북구,장위1동 주민센터,장위로 61,운영,2014,,19,2026-06-30,2022,,3941.0,2022,2022-12-31,12,False,False,ok,,328.4166666666667
STAT_11e6f823fec9,강북구,미아사거리역 1번출구,도봉로 50,운영,,,19,2026-06-30,2022,0.41,2096.0,2022,2022-12-31,12,False,False,ok,41.0,174.66666666666666
STAT_a95f5efae027,강북구,강북노인종합복지회관,삼양로92길 40,철거,2017,2024,19,2026-06-30,2022,,1185.0,2022,2022-12-31,12,False,False,ok,,98.75
STAT_df869c0261ad,강북구,솔밭근린공원 개방화장실,삼양로 561,운영,2016,,19,2026-06-30,2022,,3664.0,2022,2022-12-31,12,False,False,ok,,305.3333333333333
STAT_6cd2ae161b97,강북구,강북문화예술회관,삼각산로 85,철거,2016,2025,19,2026-06-30,2022,,1567.0,2022,2022-12-31,12,False,False,ok,,130.58333333333334
STAT_8c9981ad567d,강북구,번동북부시장 북부마트,한천로123길 26,운영,2016,,19,2026-06-30,2022,,1299.0,2022,2022-12-31,12,False,False,ok,,108.25
STAT_02ce211a73ff,강북구,수유역1번출구,도봉로 338,운영,2015,,19,2026-06-30,2022,,3467.0,2022,2022-12-31,12,False,False,ok,,288.9166666666667
STAT_6877775a2b50,강북구,미아동 복합청사,솔매로49길 14,운영,2014,,19,2026-06-30,2022,,4573.0,2022,2022-12-31,12,False,False,ok,,381.0833333333333
STAT_b9455df15715,강북구,강북구청 본관 입구,도봉로89길 13,철거,2014,2025,19,2026-06-30,2022,,3871.0,2022,2022-12-31,12,False,False,ok,,322.5833333333333
STAT_3462bd604e62,강북구,수유1동 주민센터,삼양로 299,운영,2013,,19,2026-06-30,2022,,5390.0,2022,2022-12-31,12,False,False,ok,,449.1666666666667
STAT_25c8fb76df82,도봉구,염광교회,도봉로120길 16,운영,2017,,19,2026-06-30,2022,0.37,3237.0,2022,2022-12-31,12,False,False,ok,37.0,269.75
STAT_2d1a4ae7e6b6,도봉구,창3동 주민센터,덕릉로62길 89,운영,2017,,19,2026-06-30,2022,,1656.0,2022,2022-12-31,12,False,False,ok,,138.0
STAT_c44b7c117080,도봉구,도봉구민회관,도봉로 552,운영,2016,,19,2026-06-30,2022,,4749.0,2022,2022-12-31,12,False,False,ok,,395.75
STAT_889ddcfc8dad,도봉구,창동 도봉육아종합지원센터,우이천로4길 24-5,철거,2016,2024,12,2026-06-30,2022,,1188.0,2022,2022-12-31,12,False,False,ok,,99.0
STAT_abdc15a2769f,도봉구,도봉서원종합사회복지관,마들로 668,운영,2014,,19,2026-06-30,2022,,1875.0,2022,2022-12-31,12,False,False,ok,,156.25
STAT_edd0ce707057,도봉구,방아골종합사회복지관,시루봉로17길 42,운영,2014,,19,2026-06-30,2022,,2165.0,2022,2022-12-31,12,False,False,ok,,180.41666666666666
STAT_db61cb773620,도봉구,창동역1번출구,마들로11길 77,철거,2013,2024,26,2026-06-30,2022,,6165.0,2022,2022-12-31,12,False,False,ok,,513.75
STAT_bbe947b6127e,도봉구,도봉구민청,마들로 656,철거,,2022,,2026-06-30,2022,,,2022,2022-12-31,12,False,False,ok,,
STAT_f2e61d5d0c1c,도봉구,창1동제1공영주차장,도봉로112길 43,철거,2016,2023,,2026-06-30,2022,,258.0,2022,2022-12-31,12,False,False,ok,,21.5
STAT_9f573acbdc9c,도봉구,도봉1동주민센터,도봉로169나길 22,운영,2013,,19,2026-06-30,2022,,2797.0,2022,2022-12-31,12,False,False,ok,,233.08333333333334
STAT_f9c7836a82e2,도봉구,창2동 신창교회,덕릉로 247,운영,2018,,12,2026-06-30,2022,,1914.0,2022,2022-12-31,12,False,False,ok,,159.5
STAT_550e7be8d55a,노원구,공릉종합사회복지관,동일로 1127 공릉아파트,운영,2019,,12,2026-06-30,2022,0.35,1026.0,2022,2022-12-31,12,False,False,ok,35.0,85.5
STAT_973c52013a4d,노원구,상계문화정보도서관,동일로 243길 57,운영,2020,,19,2026-06-30,2022,,521.0,2022,2022-12-31,12,False,False,ok,,43.416666666666664
STAT_607b1e6c65c7,노원구,상계2동주민센터,상계로 118,운영,2016,,19,2026-06-30,2022,,2915.0,2022,2022-12-31,12,False,False,ok,,242.91666666666666
STAT_c95c9f143485,노원구,"상계3,4동 주민센터",덕릉로 859,운영,2014,,19,2026-06-30,2022,,1480.0,2022,2022-12-31,12,False,False,ok,,123.33333333333333
STAT_7139e11611c8,노원구,상계역 자전거대여소,상계로 190,운영,2014,,33,2026-06-30,2022,,5819.0,2022,2022-12-31,12,False,False,ok,,484.9166666666667
STAT_796f54c33f16,노원구,공릉 청소년문화정보센터,노원로1나길 10,운영,2013,,19,2026-06-30,2022,,3748.0,2022,2022-12-31,12,False,False,ok,,312.3333333333333
STAT_6a4e2e43208e,노원구,공릉1동 주민센터(노원),동일로186길 3-24,운영,,,19,2026-06-30,2022,,3135.0,2022,2022-12-31,12,False,False,ok,,261.25
STAT_a37f33e680d0,노원구,월계문화정보도서관,월계로 319,철거,2015,2023,19,2026-06-30,2022,,2893.0,2022,2022-12-31,12,False,False,ok,,241.08333333333334
STAT_a66288880b6e,노원구,월계치안센터,석계로 93,철거,2018,2024,19,2026-06-30,2022,,2005.0,2022,2022-12-31,12,False,False,ok,,167.08333333333334
STAT_3b4b3b6074fc,은평구,역촌동 주민센터,연서로 59,운영,2013,,19,2026-06-30,2022,0.34,3854.0,2022,2022-12-31,12,False,False,ok,34.0,321.1666666666667
STAT_93f602e43c1c,은평구,갈현1동 주민센터,갈현로 301,운영,2013,,26,2026-06-30,2022,,3642.0,2022,2022-12-31,12,False,False,ok,,303.5
STAT_769ff5af10db,은평구,갈현청소년센터쉼쉼,통일로89길 6-20,운영,2020,,12,2026-06-30,2022,,259.0,2022,2022-12-31,12,False,False,ok,,21.583333333333332
STAT_56dbf40af347,은평구,연신내 지구대,갈현로 195,운영,2016,,19,2026-06-30,2022,,2192.0,2022,2022-12-31,12,False,False,ok,,182.66666666666666
STAT_5598f8ce4998,은평구,구산동주민센터,갈현로17길 10,운영,2015,,19,2026-06-30,2022,,2453.0,2022,2022-12-31,12,False,False,ok,,204.41666666666666
STAT_a0a6df8187c3,은평구,불광보건소,연서로 34길 11,철거,2016,2024,,2026-06-30,2022,,1144.0,2022,2022-12-31,12,False,False,ok,,95.33333333333333
STAT_b967fdd81b04,은평구,시립은평청소년센터,백련산로4길 16,철거,,2022,,2026-06-30,2022,,,2022,2022-12-31,12,False,False,ok,,
STAT_700eff018d51,은평구,아인스하임,은평터널로7가길 8,철거,,2022,,2026-06-30,2022,,,2022,2022-12-31,12,False,False,ok,,
STAT_8420add40d30,은평구,신사종합사회복지관,은평로 38,운영,2014,,26,2026-06-30,2022,,3983.0,2022,2022-12-31,12,False,False,ok,,331.9166666666667
STAT_b7135035db3d,은평구,불광1동 치안센터,불광로 129,운영,2014,,19,2026-06-30,2022,,4265.0,2022,2022-12-31,12,False,False,ok,,355.4166666666667
STAT_36245c05dd5b,은평구,청년취업사관학교 은평캠퍼스,은평로 245,운영,2014,,19,2026-06-30,2022,,3426.0,2022,2022-12-31,12,False,False,ok,,285.5
STAT_ecbf63ad99b3,은평구,증산 정보도서관,증산로5길 6,철거,2013,2025,33,2026-06-30,2022,,6472.0,2022,2022-12-31,12,False,False,ok,,539.3333333333334
STAT_dba52d4dc13c,서대문구,청년누리,증가로4길 8-45,운영,2019,,12,2026-06-30,2022,0.25,1307.0,2022,2022-12-31,12,False,False,ok,25.0,108.91666666666667
STAT_3209c0b76906,서대문구,남가좌2동 제2공영주차장,명지대5길 10-8,운영,,,12,2026-06-30,2022,,518.0,2022,2022-12-31,12,False,False,ok,,43.166666666666664
STAT_6a637bb15cd7,서대문구,신한은행_남가좌동점,서대문구 수색로2길 36(남가좌동),운영,,,12,2026-06-30,2022,,373.0,2022,2022-12-31,12,False,True,source_conflict,,31.083333333333332
STAT_7e17681867dd,서대문구,신한은행 명지대 지점,거북골로 45(남가좌동),운영,2019,,12,2026-06-30,2022,,1609.425,2022,2022-12-31,12,False,False,ok,,134.11875
STAT_cf3f5621fd55,서대문구,홍제3동 주민센터,세검정로4길 32,운영,2017,,12,2026-06-30,2022,,1551.0,2022,2022-12-31,12,False,False,ok,,129.25
STAT_31fbd643fef2,서대문구,홍은2동 주민센터,모래내로 334,운영,2017,,19,2026-06-30,2022,,1569.0,2022,2022-12-31,12,False,False,ok,,130.75
STAT_9a4437a9e8b3,서대문구,연희동주민센터,연희로 189,운영,2016,,19,2026-06-30,2022,,1850.0,2022,2022-12-31,12,False,False,ok,,154.16666666666666
STAT_1646029bae43,서대문구,홍은1동주민센터,홍은중앙로 85,운영,,,19,2026-06-30,2022,,1956.0,2022,2022-12-31,12,False,False,ok,,163.0
STAT_cba02c66855e,서대문구,신한은행_연희동점,서대문구 연희맛로 28,운영,2022,,12,2026-06-30,2022,,588.0,2022,2022-12-31,12,False,False,ok,,49.0
STAT_80e4ea4955e4,서대문구,서부제일교회 어린이도서관,가좌로 154,철거,2014,2025,12,2026-06-30,2022,,540.0,2022,2022-12-31,12,False,False,ok,,45.0
STAT_1ea51086c56a,서대문구,봉원교회 북카페 옆,봉원사2길 13,운영,2013,,12,2026-06-30,2022,,789.0,2022,2022-12-31,12,False,False,ok,,65.75
STAT_1e917029efef,서대문구,북아현동 주민센터,북아현로 24,운영,2013,,26,2026-06-30,2022,,4940.0,2022,2022-12-31,12,False,False,ok,,411.6666666666667
STAT_a3f8e0e054fd,서대문구,충현동주민센터,북아현로22길 38,운영,2018,,12,2026-06-30,2022,,1562.0,2022,2022-12-31,12,False,False,ok,,130.16666666666666
STAT_8dec4790137f,마포구,서교동교회,잔다리로6길 11,운영,2019,,12,2026-06-30,2022,0.31,1334.0,2022,2022-12-31,12,False,False,ok,31.0,111.16666666666667
STAT_8d6147041bce,마포구,성산1동주민센터,성산로 4길 15,운영,2019,,12,2026-06-30,2022,,1052.0,2022,2022-12-31,12,False,False,ok,,87.66666666666667
STAT_98a0f41ef8d7,마포구,대흥동주민센터,신촌로26길 10,운영,2013,,19,2026-06-30,2022,,3133.0,2022,2022-12-31,12,False,False,ok,,261.0833333333333
STAT_034d63886258,마포구,망원2동 치안센터,월드컵로31길 18,운영,2021,,19,2026-06-30,2022,,1519.0,2022,2022-12-31,12,False,False,ok,,126.58333333333333
STAT_7481b259a196,마포구,서현교회,잔다리로7길 31,운영,2021,,19,2026-06-30,2022,,3202.0,2022,2022-12-31,12,False,False,ok,,266.8333333333333
STAT_02ba68e25318,마포구,동교치안센터,신촌로2안길 27,운영,2021,,12,2026-06-30,2022,,182.0,2022,2022-12-31,12,False,False,ok,,15.166666666666666
STAT_7ab19dc12969,마포구,서강동주민센터,독막로 165,운영,2020,,12,2026-06-30,2022,,924.0,2022,2022-12-31,12,False,False,ok,,77.0
STAT_835a682c24e1,마포구,상암동주민센터후문,매봉산로2길 16,운영,,,19,2026-06-30,2022,,195.0,2022,2022-12-31,12,False,False,ok,,16.25
STAT_0bd5f0eb3d10,마포구,신수동주민센터,독막로 192,운영,2017,,19,2026-06-30,2022,,1978.0,2022,2022-12-31,12,False,False,ok,,164.83333333333334
STAT_deffabebbf77,마포구,성산2동주민센터,월드컵북로30길 22,운영,2016,,19,2026-06-30,2022,,2108.0,2022,2022-12-31,12,False,False,ok,,175.66666666666666
STAT_05cc498bda2e,마포구,연남동희망원룸주택,성미산로17길 79,운영,2015,,19,2026-06-30,2022,,1680.0,2022,2022-12-31,12,False,False,ok,,140.0
STAT_5c94fea8d4e9,마포구,상암동 제1공영주차장,성암로 197,운영,2014,,19,2026-06-30,2022,,3078.0,2022,2022-12-31,12,False,False,ok,,256.5
STAT_9d348c728bd6,마포구,마포아트센터,대흥로20길 28,운영,2014,,19,2026-06-30,2022,,2752.0,2022,2022-12-31,12,False,False,ok,,229.33333333333334
STAT_fac888c0d055,마포구,연남동 주민커뮤니티센터,동교로41길 36,운영,2013,,26,2026-06-30,2022,,4190.0,2022,2022-12-31,12,False,False,ok,,349.1666666666667
STAT_6d6e701f1594,마포구,도화동 주민센터,도화길 37,운영,2013,,26,2026-06-30,2022,,4331.0,2022,2022-12-31,12,False,False,ok,,360.9166666666667
STAT_39d0f0d3901b,양천구,신월1동 청소년독서실,남부순환로59길 8,철거,,2024,12,2026-06-30,2022,0.34,399.0,2022,2022-12-31,12,False,False,ok,34.0,33.25
STAT_23de841d5965,양천구,양천나눔누리센터,중앙로 250,운영,2017,,19,2026-06-30,2022,,4003.0,2022,2022-12-31,12,False,False,ok,,333.5833333333333
STAT_2d04eb775967,양천구,목동실버복지문화센터,목동중앙로3길 21,운영,2016,,19,2026-06-30,2022,,4033.0,2022,2022-12-31,12,False,False,ok,,336.0833333333333
STAT_5e1b65d10f0f,양천구,신월3동주민센터,남부순환로54길 5,운영,2016,,19,2026-06-30,2022,,2721.0,2022,2022-12-31,12,False,False,ok,,226.75
STAT_7cde1368b8b0,양천구,신정4동주민센터,오목로34길 5,운영,2016,,19,2026-06-30,2022,,4359.0,2022,2022-12-31,12,False,False,ok,,363.25
STAT_ca4ba4317e97,양천구,목동문화체육센터,목동중앙본로 73,운영,2015,,19,2026-06-30,2022,,3154.0,2022,2022-12-31,12,False,False,ok,,262.8333333333333
STAT_f11098cfa848,양천구,신월문화체육센터,지양로 47,운영,2014,,19,2026-06-30,2022,,1322.0,2022,2022-12-31,12,False,False,ok,,110.16666666666667
STAT_e0ecb8e2972b,양천구,신월5동주민센터,화곡로4길 10,운영,2014,,19,2026-06-30,2022,,1772.0,2022,2022-12-31,12,False,False,ok,,147.66666666666666
STAT_e1de30daf002,양천구,신월4동주민센터,오목로5길 34,운영,2013,,19,2026-06-30,2022,,1496.0,2022,2022-12-31,12,False,False,ok,,124.66666666666667
STAT_b88d8a60bdf8,양천구,목3동 주민센터,목동중앙남로16나길 55,운영,2013,,19,2026-06-30,2022,,2486.0,2022,2022-12-31,12,False,False,ok,,207.16666666666666
STAT_ddedb1f16494,양천구,경창시장고객주차장,신월동 446-3,철거,,2023,,2026-06-30,2022,,102.0,2022,2022-12-31,12,False,False,ok,,8.5
STAT_06696991c883,양천구,목동보건지소,목동중앙본로7가길 11,운영,2018,,12,2026-06-30,2022,,930.0,2022,2022-12-31,12,False,False,ok,,77.5
STAT_99c35e6d1838,강서구,화곡2동주민센터,곰달래로37길 13,운영,2021,,12,2026-06-30,2022,0.29,429.0,2022,2022-12-31,12,False,False,ok,28.999999999999996,35.75
STAT_7d8d8d33828e,강서구,길꽃어린이도서관,금낭화로24길 5,운영,2019,,12,2026-06-30,2022,,956.0,2022,2022-12-31,12,False,False,ok,,79.66666666666667
STAT_7a8f5894fece,강서구,화곡8동 주민센터,곰달래로25길 45,운영,2017,,19,2026-06-30,2022,,2793.0,2022,2022-12-31,12,False,False,ok,,232.75
STAT_5c873e7265ba,강서구,가로공원공영주차장1번출구,가로공원로 189,운영,2016,,19,2026-06-30,2022,,2754.0,2022,2022-12-31,12,False,False,ok,,229.5
STAT_4318d33b4163,강서구,화곡 6-1 공영주차장,우장산로 114,운영,2015,,19,2026-06-30,2022,,2147.0,2022,2022-12-31,12,False,False,ok,,178.91666666666666
STAT_d6a3c7b99c3c,강서구,화곡 3-1 공영주차장,화곡로15길 40,운영,2014,,19,2026-06-30,2022,,1178.0,2022,2022-12-31,12,False,False,ok,,98.16666666666667
STAT_638d593500cd,강서구,화곡 1-1 공영주차장,곰달래로15길 28,운영,2014,,19,2026-06-30,2022,,1532.0,2022,2022-12-31,12,False,False,ok,,127.66666666666667
STAT_f6e9b8766022,강서구,내발산동 문화센터,강서로52길 89,운영,2014,,19,2026-06-30,2022,,2760.0,2022,2022-12-31,12,False,False,ok,,230.0
STAT_fb84bfad2874,강서구,곰달래복지문화센터,강서로5길 50,운영,2013,,26,2026-06-30,2022,,2535.0,2022,2022-12-31,12,False,False,ok,,211.25
STAT_9e82a3101669,강서구,화곡4동 주민센터,곰달래로57가길 26,운영,2013,,26,2026-06-30,2022,,4096.0,2022,2022-12-31,12,False,False,ok,,341.3333333333333
STAT_dbbb210dd022,강서구,볏골공원공영주차장,까치산로4길 22,운영,2013,,26,2026-06-30,2022,,3608.0,2022,2022-12-31,12,False,False,ok,,300.6666666666667
STAT_f80238d23915,강서구,공항동 주민센터,송정로 45,운영,2013,,26,2026-06-30,2022,,2783.0,2022,2022-12-31,12,False,False,ok,,231.91666666666666
STAT_adbd014f8e18,강서구,발산1동주민센터,강서로47길 54,운영,2018,,19,2026-06-30,2022,,2017.0,2022,2022-12-31,12,False,False,ok,,168.08333333333334
STAT_0ffcc957b341,강서구,신방화역환승주차장,마곡서1로 111-12,운영,2021,,19,2026-06-30,2022,,845.0,2022,2022-12-31,12,False,False,ok,,70.41666666666667
STAT_0f9c71f4ccd3,구로구,가리봉동주민센터,우마2길 35,철거,,2024,12,2026-06-30,2022,0.22,226.0,2022,2022-12-31,12,False,False,ok,22.0,18.833333333333332
STAT_cda1caae8d02,구로구,구로구 시설관리공단,구로동로26길 54,철거,2017,2025,19,2026-06-30,2022,,1430.0,2022,2022-12-31,12,False,False,ok,,119.16666666666667
STAT_97228c730102,구로구,서울교통공사대림별관,도림천로 352,운영,2016,,12,2026-06-30,2022,,1406.0,2022,2022-12-31,12,False,False,ok,,117.16666666666667
STAT_f5eb496803e2,구로구,온수동_공용이용시설,부일로1길 62,철거,2015,2024,19,2026-06-30,2022,,1863.0,2022,2022-12-31,12,False,False,ok,,155.25
STAT_afbd363d78f9,구로구,구로역1번출구 NC백화점,구로중앙로 174,운영,2014,,19,2026-06-30,2022,,1895.0,2022,2022-12-31,12,False,False,ok,,157.91666666666666
STAT_717d49403232,구로구,구로구민회관,가마산로25길 21,운영,2014,,19,2026-06-30,2022,,1368.0,2022,2022-12-31,12,False,False,ok,,114.0
STAT_4c67d6d0cf6c,구로구,궁동종합사회복지관,오리로22길 5,철거,2014,2023,,2026-06-30,2022,,1077.0,2022,2022-12-31,12,False,False,ok,,89.75
STAT_8a9ec9230ef3,구로구,동양미래대학교 기숙사,중앙로 10-5,철거,,2022,,2026-06-30,2022,,,2022,2022-12-31,12,False,False,ok,,
STAT_bb1c499a038e,구로구,구로2동주민센터앞,구로동로 141,운영,2013,,19,2026-06-30,2022,,1952.0,2022,2022-12-31,12,False,False,ok,,162.66666666666666
STAT_d5563d8ce2f2,구로구,현대오일뱅크_구로셀프주유소,조원로12길 25,철거,2019,2022,,2026-06-30,2022,,,2022,2022-12-31,12,False,False,ok,,
STAT_2e1abbb34621,구로구,구로구민 체육센터,고척로45길 36,운영,2013,,19,2026-06-30,2022,,995.0,2022,2022-12-31,12,False,False,ok,,82.91666666666667
STAT_d342021478da,구로구,오류1동텃골공영주차장,경인로15길 22,운영,2018,,19,2026-06-30,2022,,2627.0,2022,2022-12-31,12,False,False,ok,,218.91666666666666
STAT_770a0515628d,금천구,독산2동주민센터,독산로 179,운영,2019,,12,2026-06-30,2022,0.22,1058.0,2022,2022-12-31,12,False,False,ok,22.0,88.16666666666667
STAT_f53a3d3b4ca0,금천구,청춘삘딩,시흥대로138길 10-11,철거,,2024,12,2026-06-30,2022,,56.0,2022,2022-12-31,12,False,False,ok,,4.666666666666667
STAT_4edeb9204c20,금천구,신한은행_디지털라운지,금천구 시흥대로 97(시흥동),철거,,2024,12,2026-06-30,2022,,1.0,2022,2022-12-31,12,False,False,ok,,0.08333333333333333
STAT_951c2981ecd6,금천구,신한은행_금천점,금천구 금하로 747-1(시흥동),운영,,,12,2026-06-30,2022,,46.0,2022,2022-12-31,12,False,False,ok,,3.8333333333333335
STAT_d6b3bad180a2,금천구,시흥4동 주민센터,독산로36길 14,운영,2014,,19,2026-06-30,2022,,3389.0,2022,2022-12-31,12,False,False,ok,,282.4166666666667
STAT_5ae25e4d56ee,금천구,금천호암노인복지관,독산로72길 86-5,철거,2013,2025,12,2026-06-30,2022,,598.0,2022,2022-12-31,12,False,False,ok,,49.833333333333336
STAT_f2fef42db86a,금천구,시흥3동 주민센터,시흥대로18길 40,운영,2013,,19,2026-06-30,2022,,1960.0,2022,2022-12-31,12,False,False,ok,,163.33333333333334
STAT_f5261bc0d7fa,금천구,독산1동주민센터,시흥대로123길 11,운영,2013,,26,2026-06-30,2022,,2164.0,2022,2022-12-31,12,False,False,ok,,180.33333333333334
STAT_bcf74284cb91,금천구,금빛휘트니스센터,금하로668 금빛공원,철거,2017,2023,19,2026-06-30,2022,,2306.0,2022,2022-12-31,12,False,False,ok,,192.16666666666666
STAT_936b450d3897,금천구,금천구청,시흥대로73길 70,운영,2018,,19,2026-06-30,2022,,1773.0,2022,2022-12-31,12,False,False,ok,,147.75
STAT_2cb38fb629a9,영등포구,영등포청소년상담복지센터,도영로22길 36,철거,,2024,12,2026-06-30,2022,0.35,635.0,2022,2022-12-31,12,False,False,ok,35.0,52.916666666666664
STAT_ac0e67648966,영등포구,영등포 제1스포츠센터,신풍로 1,운영,2013,,19,2026-06-30,2022,,2516.0,2022,2022-12-31,12,False,False,ok,,209.66666666666666
STAT_cf76a9f31288,영등포구,신길6동복지관,대방천로 193,운영,,,12,2026-06-30,2022,,1484.0,2022,2022-12-31,12,False,False,ok,,123.66666666666667
STAT_33df9863f186,영등포구,영등포 평생학습관,버드나루로15길 10,운영,2017,,12,2026-06-30,2022,,1833.0,2022,2022-12-31,12,False,False,ok,,152.75
STAT_a60db2ab9433,영등포구,영등포본동주민센터,신길로61길 17,운영,2016,,19,2026-06-30,2022,,2960.0,2022,2022-12-31,12,False,False,ok,,246.66666666666666
STAT_5382f3a621ba,영등포구,신길4동1동1마을공영주차장,신길로40길 5,운영,2016,,19,2026-06-30,2022,,2728.0,2022,2022-12-31,12,False,False,ok,,227.33333333333334
STAT_320997c6f358,영등포구,신길7동 주민센터,여의대방로43길 10,운영,2015,,19,2026-06-30,2022,,2444.0,2022,2022-12-31,12,False,False,ok,,203.66666666666666
STAT_e3d3a1ede407,영등포구,도림동 주민센터,도영로7길 10,운영,2014,,19,2026-06-30,2022,,2314.0,2022,2022-12-31,12,False,False,ok,,192.83333333333334
STAT_a835274b8243,영등포구,다사랑어린이공원(경로당),대림로23가길 5,운영,2013,,12,2026-06-30,2022,,990.0,2022,2022-12-31,12,False,False,ok,,82.5
STAT_882f7d1a36f1,영등포구,신길1동 주민센터,영등포로84길 24-5,운영,2013,,19,2026-06-30,2022,,2677.0,2022,2022-12-31,12,False,False,ok,,223.08333333333334
STAT_73ecd7c0cbc7,영등포구,대림도서관,도신로 27,운영,2013,,26,2026-06-30,2022,,3068.0,2022,2022-12-31,12,False,False,ok,,255.66666666666666
STAT_e31f089e2af8,영등포구,그린케어센터,당산로29길 9,운영,2013,,19,2026-06-30,2022,,3405.0,2022,2022-12-31,12,False,False,ok,,283.75
STAT_dc9c9cf7c202,동작구,스페이스살림,노량진로 10,운영,2021,,19,2026-06-30,2022,0.28,718.0,2022,2022-12-31,12,False,False,ok,28.000000000000004,59.833333333333336
STAT_c5df9c17d8f5,동작구,사당종합체육관,사당로27길 232,운영,2022,,12,2026-06-30,2022,,204.0,2022,2022-12-31,12,False,False,ok,,17.0
STAT_836471fef345,동작구,신한은행 숭실대역 지점,상도로37길 76 (상도동),운영,2019,,12,2026-06-30,2022,,1086.1083333333333,2022,2022-12-31,12,False,False,ok,,90.50902777777777
STAT_ba2e73e2c8ad,동작구,순만빌딩,노량진로 169,운영,2017,,19,2026-06-30,2022,,3120.0,2022,2022-12-31,12,False,False,ok,,260.0
STAT_996f07c4ece7,동작구,사당문화회관,사당로8길 9,운영,2016,,19,2026-06-30,2022,,2800.0,2022,2022-12-31,12,False,False,ok,,233.33333333333334
STAT_bf55db69f366,동작구,상도1동주민센터,상도로53길 9,운영,2016,,19,2026-06-30,2022,,2992.0,2022,2022-12-31,12,False,False,ok,,249.33333333333334
STAT_da0f3a674fb7,동작구,예그리나주택,국사봉8길 47,철거,2015,2025,19,2026-06-30,2022,,1154.0,2022,2022-12-31,12,False,False,ok,,96.16666666666667
STAT_9227ed4259f5,동작구,강남교회 교육관,만양로 76,운영,2014,,19,2026-06-30,2022,,1673.0,2022,2022-12-31,12,False,False,ok,,139.41666666666666
STAT_e3a9ba06c7fd,동작구,동작청소년센터,상도로15바길 5,운영,2014,,19,2026-06-30,2022,,1175.0,2022,2022-12-31,12,False,False,ok,,97.91666666666667
STAT_594cee10f6bf,동작구,kb국민은행 동작구청지점,장승배기로 161,운영,2013,,47,2026-06-30,2022,,7866.0,2022,2022-12-31,12,False,False,ok,,655.5
STAT_6db9bba2b70d,동작구,사당노인종합복지관,남부순환로 2081,운영,2013,,19,2026-06-30,2022,,1878.0,2022,2022-12-31,12,False,False,ok,,156.5
STAT_590aa89b66f6,동작구,상도3동 주민센터,성대로2길 11,운영,2013,,33,2026-06-30,2022,,5195.0,2022,2022-12-31,12,False,False,ok,,432.9166666666667
STAT_c90e70b29716,동작구,신대방해피점,신대방1나길 26,철거,,2026,12,2026-06-30,2022,,712.0,2022,2022-12-31,12,False,False,ok,,59.333333333333336
STAT_5120b86a6b6f,동작구,현대오일뱅크_사당셀프주유소,동작대로 73,운영,2019,,12,2026-06-30,2022,,1173.3194444444443,2022,2022-12-31,12,False,False,ok,,97.77662037037037
STAT_fe6f6bc2a124,관악구,미성체육관,난우16길 37,운영,2023,,12,2026-06-30,2022,0.34,,2022,2022-12-31,12,False,False,ok,34.0,
STAT_56299bc63850,관악구,신한은행_신림역,관악구 신림동 남부순환로 1590,운영,2022,,12,2026-06-30,2022,,26.0,2022,2022-12-31,12,False,False,ok,,2.1666666666666665
STAT_1d3fb4e138cc,관악구,신한은행 (구)봉천서 지점,은천로 110 (봉천동),운영,2019,,12,2026-06-30,2022,,1149.2916666666665,2022,2022-12-31,12,False,False,ok,,95.77430555555554
STAT_936f209efdf3,관악구,신한은행 신림대학동 지점,호암로26길 58 대학동 (신림동),철거,2019,2024,12,2026-06-30,2022,,377.12222222222226,2022,2022-12-31,12,False,False,ok,,31.426851851851854
STAT_26ef031f14e0,관악구,서원동주민센터,신림로 282,운영,2017,,19,2026-06-30,2022,,3060.0,2022,2022-12-31,12,False,False,ok,,255.0
STAT_ac86c63305db,관악구,관악청소년회관,신림로23길 17,운영,2016,,26,2026-06-30,2022,,3284.0,2022,2022-12-31,12,False,False,ok,,273.6666666666667
STAT_b41f016635ef,관악구,인헌동주민센터,남부순환로246가길 20,운영,2016,,19,2026-06-30,2022,,2926.0,2022,2022-12-31,12,False,False,ok,,243.83333333333334
STAT_74d2efca893f,관악구,남현동 주민센터,남현1가길 29,운영,2014,,19,2026-06-30,2022,,1941.0,2022,2022-12-31,12,False,False,ok,,161.75
STAT_aa17782bb666,관악구,청룡동 주민센터,쑥고개로 44,운영,2014,,19,2026-06-30,2022,,1800.0,2022,2022-12-31,12,False,False,ok,,150.0
STAT_739bf0c4ecec,관악구,조원동주민센터,조원로12길 25,운영,2013,,19,2026-06-30,2022,,2103.0,2022,2022-12-31,12,False,False,ok,,175.25
STAT_b0a304140bbb,관악구,신사동자치회관,조원로 151-1,운영,2013,,26,2026-06-30,2022,,3034.0,2022,2022-12-31,12,False,False,ok,,252.83333333333334
STAT_760a24d827b5,관악구,행운동주민센터,행운1길 43,운영,2013,,26,2026-06-30,2022,,5449.0,2022,2022-12-31,12,False,False,ok,,454.0833333333333
STAT_b467abb13ad2,관악구,미성동자치회관,난곡로 52길 16,철거,,2023,,2026-06-30,2022,,2112.0,2022,2022-12-31,12,False,False,ok,,176.0
STAT_cb297e1d13e2,관악구,관악구청,관악로 145,운영,2018,,19,2026-06-30,2022,,2286.0,2022,2022-12-31,12,False,False,ok,,190.5
STAT_f1828ad4a155,관악구,국사봉 체육관,국회단지길 144 51,운영,2024,,,2026-06-30,2022,,,2022,2022-12-31,12,False,False,ok,,
STAT_fd7dad718d33,관악구,신림여성회관,대학길 64,운영,2018,,12,2026-06-30,2022,,783.0,2022,2022-12-31,12,False,False,ok,,65.25
STAT_ed2495e74c89,관악구,현대오일뱅크_관악셀프주유소,남부순환로 1520,철거,2019,2024,12,2026-06-30,2022,,716.0694444444445,2022,2022-12-31,12,False,False,ok,,59.6724537037037
STAT_e2c06f7250be,서초구,양재1동민원분소,남부순환로 2610,운영,2020,,12,2026-06-30,2022,0.32,1072.0,2022,2022-12-31,12,False,False,ok,32.0,89.33333333333333
STAT_5f1d756f00d5,서초구,양재2동주민센터,강남대로12길 44,운영,2015,,19,2026-06-30,2022,,3529.0,2022,2022-12-31,12,False,False,ok,,294.0833333333333
STAT_465a64adf765,서초구,언구비 공영주차장,강남대로83길 55,운영,,,19,2026-06-30,2022,,2876.0,2022,2022-12-31,12,False,False,ok,,239.66666666666666
STAT_1c2f11d66857,서초구,방배열린문화센터,방배로 173,운영,2014,,19,2026-06-30,2022,,3645.0,2022,2022-12-31,12,False,False,ok,,303.75
STAT_18a2f9da394e,서초구,방배2동 주민센터,청두곶길 36,운영,2014,,19,2026-06-30,2022,,1662.0,2022,2022-12-31,12,False,False,ok,,138.5
STAT_fc2875410dda,서초구,방음언덕형 공영주차장,주흥3길 34,철거,,2023,,2026-06-30,2022,,354.0,2022,2022-12-31,12,False,False,ok,,29.5
STAT_c30d9a40d4f3,서초구,양재공영주차장,양재천로 125-10,운영,,,,2026-06-30,2022,,,2022,2022-12-31,12,False,False,ok,,
STAT_dc1b29d184b4,서초구,서초꿈나무라이온스 보금자리,언남10길 48,운영,2013,,12,2026-06-30,2022,,1508.0,2022,2022-12-31,12,False,False,ok,,125.66666666666667
STAT_85943aef4c38,강남구,역삼청소년수련관,논현로64길 7,운영,2019,,12,2026-06-30,2022,0.42,937.0,2022,2022-12-31,12,False,False,ok,42.0,78.08333333333333
STAT_6518099b70e6,강남구,대치2동 주민센터,영동대로65길 24,운영,2017,,19,2026-06-30,2022,,3252.0,2022,2022-12-31,12,False,False,ok,,271.0
STAT_2b28404d36cc,강남구,도곡1동 주민센터,도곡로18길 57,운영,2017,,19,2026-06-30,2022,,3896.0,2022,2022-12-31,12,False,False,ok,,324.6666666666667
STAT_62092e77fe91,강남구,논현1동주민센터,학동로20길 25,운영,2015,,19,2026-06-30,2022,,2917.0,2022,2022-12-31,12,False,False,ok,,243.08333333333334
STAT_e06c1f8676b7,강남구,대치4동 주민센터,도곡로77길 23,운영,2014,,47,2026-06-30,2022,,11479.0,2022,2022-12-31,12,False,False,ok,,956.5833333333334
STAT_3dc9d927646b,강남구,도곡2동주민센터,남부순환로378길 34-9,운영,2013,,26,2026-06-30,2022,,5077.0,2022,2022-12-31,12,False,False,ok,,423.0833333333333
STAT_178da6eefa25,강남구,일원1동주민센터,양재대로55길 14,철거,2018,2023,19,2026-06-30,2022,,1848.0,2022,2022-12-31,12,False,False,ok,,154.0
STAT_03addec1b766,강남구,역삼1동 주민센터,역삼로7길 16,운영,2020,,19,2026-06-30,2022,,1172.0,2022,2022-12-31,12,False,False,ok,,97.66666666666667
STAT_9dcc8bc338db,강남구,현대오일뱅크_신사현대점,도산대로 163,철거,2019,2025,12,2026-06-30,2022,,,2022,2022-12-31,12,False,False,ok,,
STAT_fdc8088d2280,송파구,가락2동치안센터,오금로46길 55,운영,,,12,2026-06-30,2022,0.32,635.0,2022,2022-12-31,12,False,False,ok,32.0,52.916666666666664
STAT_c6fcda5233f0,송파구,삼전지구대,백제고분로 238,운영,2021,,12,2026-06-30,2022,,408.0,2022,2022-12-31,12,False,False,ok,,34.0
STAT_3d8d555688c0,송파구,장지동 주민센터,새말로19길 6,철거,2017,2025,19,2026-06-30,2022,,1895.0,2022,2022-12-31,12,False,False,ok,,157.91666666666666
STAT_dd23b99ed730,송파구,거여2동주민센터,거마로2길 19,운영,2016,,19,2026-06-30,2022,,2310.0,2022,2022-12-31,12,False,False,ok,,192.5
STAT_a95b9e0fb955,송파구,마천2동주민센터,마천로 287,운영,2021,,19,2026-06-30,2022,,1745.0,2022,2022-12-31,12,False,False,ok,,145.41666666666666
STAT_90806d728341,송파구,석촌동주민센터,백제고분로37길 16,운영,2015,,19,2026-06-30,2022,,2891.0,2022,2022-12-31,12,False,False,ok,,240.91666666666666
STAT_214fb25fa781,송파구,송파노인종합복지관,백제고분로32길 41,운영,2014,,19,2026-06-30,2022,,2323.0,2022,2022-12-31,12,False,False,ok,,193.58333333333334
STAT_5e9e07ce50c5,송파구,여의도 순복음송파교회,마천로 17,운영,2014,,19,2026-06-30,2022,,3027.0,2022,2022-12-31,12,False,False,ok,,252.25
STAT_bee805484f91,송파구,송파여성 문화회관,백제고분로42길 5,운영,2013,,33,2026-06-30,2022,,7524.0,2022,2022-12-31,12,False,False,ok,,627.0
STAT_3e86236a82a9,송파구,거여1동주민센터,오금로53길 32,운영,2013,,19,2026-06-30,2022,,1010.0,2022,2022-12-31,12,False,False,ok,,84.16666666666667
STAT_f7f629d29cd0,송파구,문정1동 주민센터,동남로 116,운영,2018,,19,2026-06-30,2022,,3203.0,2022,2022-12-31,12,False,False,ok,,266.9166666666667
STAT_21833b1ab987,강동구,강동구 평생학습관(명일동 공영주차장),구천면로 395,운영,,,12,2026-06-30,2022,0.4,2503.0,2022,2022-12-31,12,False,False,ok,40.0,208.58333333333334
STAT_43f52127c80f,강동구,천호 청소년 문화의집,천중로 61,운영,2023,,12,2026-06-30,2022,,,2022,2022-12-31,12,False,False,ok,,
STAT_72c009707087,강동구,둔촌역전통시장공영주차장,성내동 417-34,운영,2021,,19,2026-06-30,2022,,392.0,2022,2022-12-31,12,False,False,ok,,32.666666666666664
STAT_7e6e3efd79db,강동구,2001아울렛천호점,구천면로 189,철거,2016,2026,19,2026-06-30,2022,,2273.0,2022,2022-12-31,12,False,False,ok,,189.41666666666666
STAT_d00fab07a6f6,강동구,강일동주민센터,아리수로93길 9-14,운영,2026,,19,2026-06-30,2022,,,2022,2022-12-31,12,False,False,ok,,
STAT_debabdac3ce2,강동구,길동주민센터,길동 228-10,운영,2015,,12,2026-06-30,2022,,2018.0,2022,2022-12-31,12,False,False,ok,,168.16666666666666
STAT_5049cc7dcee3,강동구,성내1동 주민센터,성내로 13,운영,2014,,19,2026-06-30,2022,,3823.0,2022,2022-12-31,12,False,False,ok,,318.5833333333333
STAT_3bf669c51a40,강동구,암사2동 주민센터,상암로3길 28,운영,2014,,19,2026-06-30,2022,,3226.0,2022,2022-12-31,12,False,False,ok,,268.8333333333333
STAT_7b79614c1bf0,강동구,강동구민회관,상암로 168,운영,2014,,19,2026-06-30,2022,,4495.0,2022,2022-12-31,12,False,False,ok,,374.5833333333333
STAT_a6d8c6945079,강동구,강동구립암사도서관,고덕로20길 42,운영,2013,,19,2026-06-30,2022,,3296.0,2022,2022-12-31,12,False,False,ok,,274.6666666666667
STAT_0e13e54ef4ed,강동구,강동구립해공도서관,올림픽로 702,운영,2021,,12,2026-06-30,2022,,1142.0,2022,2022-12-31,12,False,False,ok,,95.16666666666667
STAT_d812ffe286cc,강동구,구립안말경로당,풍성로45길 11,운영,2023,,12,2026-06-30,2022,,,2022,2022-12-31,12,False,False,ok,,
STAT_f2873d5dd989,종로구,청운효자동 자치회관,자하문로19길 36,운영,2017,,19,2026-06-30,2023,0.24,2036.0,2023,2023-12-31,12,False,False,ok,24.0,169.66666666666666
STAT_fc2a86ed1394,종로구,종로육아종합지원센터,성균관로1길 6-3,운영,2015,,19,2026-06-30,2023,,2143.0,2023,2023-12-31,12,False,False,ok,,178.58333333333334
STAT_0cd8a2d799e5,종로구,숭인1동 주민센터,지봉로 86,운영,2014,,19,2026-06-30,2023,,1858.0,2023,2023-12-31,12,False,False,ok,,154.83333333333334
STAT_c7e46abc1681,종로구,숭인제2동주민센터,종로65길 10,운영,2020,,12,2026-06-30,2023,,505.0,2023,2023-12-31,12,False,False,ok,,42.083333333333336
STAT_21a86d9f47ae,종로구,종로구민회관,지봉로5길 7-5,운영,2019,,12,2026-06-30,2023,,806.0,2023,2023-12-31,12,False,False,ok,,67.16666666666667
STAT_993b2f02ae9c,중구,약수동공영주차장,동호로8다길 22,철거,2017,2025,12,2026-06-30,2023,0.19,1118.0,2023,2023-12-31,12,False,False,ok,19.0,93.16666666666667
STAT_faccecab1808,중구,버티 공영주차장,동호로17길 270,운영,2017,,19,2026-06-30,2023,,2217.0,2023,2023-12-31,12,False,False,ok,,184.75
STAT_54b150fff4fd,중구,장충체육관 후문,동호로 241,운영,2016,,19,2026-06-30,2023,,1167.0,2023,2023-12-31,12,False,False,ok,,97.25
STAT_b9f19c6dddd0,중구,약수교회 식당입구,다산로8길 32,철거,2014,2025,19,2026-06-30,2023,,1264.0,2023,2023-12-31,12,False,False,ok,,105.33333333333333
STAT_f8bb8db97063,중구,장충공영주차장,장충동2가 192-129,철거,2018,2024,12,2026-06-30,2023,,227.0,2023,2023-12-31,12,False,False,ok,,18.916666666666668
STAT_5f1ff7970896,중구,충현 공영주차장,동호로 11나길 47,철거,,2024,12,2026-06-30,2023,,264.0,2023,2023-12-31,12,False,False,ok,,22.0
STAT_438c9ca92101,중구,명동주민센터,퇴계로20나길 16,철거,2016,2024,19,2026-06-30,2023,,2281.0,2023,2023-12-31,12,False,False,ok,,190.08333333333334
STAT_3b03968e50d1,중구,다산동공영주차장,동호로15길60,철거,,2022,12,2026-06-30,2023,,,2023,2023-12-31,12,False,False,ok,,
STAT_8249f19c6910,중구,충무창업큐브,광희동 퇴계로 265,운영,2023,,12,2026-06-30,2023,,10.0,2023,2023-12-31,12,False,False,ok,,0.8333333333333334
STAT_1b5b79410bc5,용산구,보광동주민센터,장문로 95,운영,2020,,12,2026-06-30,2023,0.27,910.0,2023,2023-12-31,12,False,False,ok,27.0,75.83333333333333
STAT_0f7ce7abe0cd,용산구,숙대 명재관 인근,효창원로86길 33,운영,2017,,19,2026-06-30,2023,,2033.0,2023,2023-12-31,12,False,False,ok,,169.41666666666666
STAT_4050d8fe3123,용산구,용산치안센터(2가동주민센터),신흥로 90,운영,2016,,19,2026-06-30,2023,,1128.0,2023,2023-12-31,12,False,False,ok,,94.0
STAT_e81e7c62c745,용산구,효창동주민센터,효창원로 161,운영,2016,,19,2026-06-30,2023,,848.0,2023,2023-12-31,12,False,False,ok,,70.66666666666667
STAT_7b48b85b0312,용산구,한남동공영주차장,이태원로 224-19,운영,2016,,12,2026-06-30,2023,,1053.0,2023,2023-12-31,12,False,False,ok,,87.75
STAT_9b09f30c5033,용산구,용산구청후문,녹사평대로 150,운영,2013,,19,2026-06-30,2023,,3088.0,2023,2023-12-31,12,False,False,ok,,257.3333333333333
STAT_6d1860ea10b7,용산구,효창종합사회복지관,효창원로146-12,철거,,2023,19,2026-06-30,2023,,,2023,2023-12-31,12,False,False,ok,,
STAT_12ddd3aab93b,용산구,갈월종합사회복지관,두텁바위로 25,운영,2013,,26,2026-06-30,2023,,2944.0,2023,2023-12-31,12,False,False,ok,,245.33333333333334
STAT_1172c7332dcd,용산구,용산꿈나무종합타운,백범로 329,운영,2018,,12,2026-06-30,2023,,1781.0,2023,2023-12-31,12,False,False,ok,,148.41666666666666
STAT_29cac3c98c62,성동구,열린금호교육문화관,무수막길 69,운영,,,12,2026-06-30,2023,0.25,1031.0,2023,2023-12-31,12,False,False,ok,25.0,85.91666666666667
STAT_9d3fa2b69083,성동구,성수2가3동 공영주차장,광나루로 4가길 23,운영,2021,,12,2026-06-30,2023,,808.0,2023,2023-12-31,12,False,False,ok,,67.33333333333333
STAT_4b912f14f5db,성동구,용답공영주차장,용답 29길 22,철거,2020,2024,12,2026-06-30,2023,,577.0,2023,2023-12-31,12,False,False,ok,,48.083333333333336
STAT_943af5c9afc0,성동구,강변공영주차장,둘레길 47-5,철거,,2024,19,2026-06-30,2023,,502.0,2023,2023-12-31,12,False,False,ok,,41.833333333333336
STAT_641149cfb49b,성동구,하왕십리공영주차장,무학봉길 48,운영,,,12,2026-06-30,2023,,1450.0,2023,2023-12-31,12,False,False,ok,,120.83333333333333
STAT_bd325c0b6958,성동구,성동구민종합체육센터,왕십리로 89,운영,2017,,19,2026-06-30,2023,,2115.0,2023,2023-12-31,12,False,False,ok,,176.25
STAT_6baaa2d14df5,성동구,응봉동 공영주차장,독서당로63길 40,운영,2024,,12,2026-06-30,2023,,,2023,2023-12-31,12,False,False,ok,,
STAT_cc117a8e3400,성동구,성동구립도서관,고산자로10길 9,운영,2016,,26,2026-06-30,2023,,6037.0,2023,2023-12-31,12,False,False,ok,,503.0833333333333
STAT_9d29c73ae990,성동구,왕십리2동주민센터,무학봉15길 6,운영,2022,,12,2026-06-30,2023,,1220.0,2023,2023-12-31,12,False,False,ok,,101.66666666666667
STAT_9a738c1e0e95,성동구,사근동주민센터,사근동길 37,운영,2018,,12,2026-06-30,2023,,768.0,2023,2023-12-31,12,False,False,ok,,64.0
STAT_d34ef1e8269d,광진구,자양2동주민센터,자양로3가길 26,운영,2019,,12,2026-06-30,2023,0.28,442.0,2023,2023-12-31,12,False,False,ok,28.000000000000004,36.833333333333336
STAT_3676629fc0b6,광진구,자양문화체육센터,뚝섬로52길 66,운영,2021,,19,2026-06-30,2023,,1011.0,2023,2023-12-31,12,False,False,ok,,84.25
STAT_075189ed3cf4,광진구,군자동주민센터,면목로 13,운영,2022,,12,2026-06-30,2023,,375.0,2023,2023-12-31,12,False,False,ok,,31.25
STAT_b1db1e2faece,광진구,구의1동공영주차장,자양로18길 78,운영,,,19,2026-06-30,2023,,2047.0,2023,2023-12-31,12,False,False,ok,,170.58333333333334
STAT_23649dd805e2,광진구,중곡감리교회,긴고랑로36길 56,철거,2017,2023,19,2026-06-30,2023,,,2023,2023-12-31,12,False,False,ok,,
STAT_758ff5ca6137,광진구,구의2동주택가 공동주차장,자양로 309,운영,2017,,19,2026-06-30,2023,,2089.0,2023,2023-12-31,12,False,False,ok,,174.08333333333334
STAT_e9bf395d37b8,광진구,자양종합사회복지관,자양번영로 35,운영,2016,,19,2026-06-30,2023,,3103.0,2023,2023-12-31,12,False,False,ok,,258.5833333333333
STAT_408bd0ac3797,광진구,중곡문화체육센터,능동로 433,운영,2016,,19,2026-06-30,2023,,2421.0,2023,2023-12-31,12,False,False,ok,,201.75
STAT_e55a66477e82,광진구,중곡종합건강센터,긴고랑로 110,운영,2016,,19,2026-06-30,2023,,2400.0,2023,2023-12-31,12,False,False,ok,,200.0
STAT_3acf37d271c1,광진구,화양동주민센터,능동로17길 39,운영,2015,,19,2026-06-30,2023,,2062.0,2023,2023-12-31,12,False,False,ok,,171.83333333333334
STAT_63bdb69c59a1,광진구,자양4동 주민센터,뚝섬로26길 58,운영,2014,,19,2026-06-30,2023,,2569.0,2023,2023-12-31,12,False,False,ok,,214.08333333333334
STAT_ca5751664bd1,광진구,동부여성발전센터,아차산로30길 36,운영,2014,,26,2026-06-30,2023,,2759.0,2023,2023-12-31,12,False,False,ok,,229.91666666666666
STAT_2b92845e04d7,광진구,중곡1동주민센터,긴고랑로12길 49,운영,2018,,12,2026-06-30,2023,,1697.0,2023,2023-12-31,12,False,False,ok,,141.41666666666666
STAT_cd0d76d74c3a,광진구,현대오일뱅크_중원주유소,동일로 398,철거,2019,2023,,2026-06-30,2023,,,2023,2023-12-31,12,False,False,ok,,
STAT_0c47cbd55ae6,광진구,광진경찰서,자양로 167,운영,2018,,12,2026-06-30,2023,,1631.0,2023,2023-12-31,12,False,False,ok,,135.91666666666666
STAT_eaa2d3d65362,동대문구,휘경동공영주차장,망우로12길 33,운영,2019,,19,2026-06-30,2023,0.29,821.0,2023,2023-12-31,12,False,False,ok,28.999999999999996,68.41666666666667
STAT_d0f69a3385d2,동대문구,이문체육문화센터,한천로58길 81-49,운영,2022,,12,2026-06-30,2023,,337.0,2023,2023-12-31,12,False,False,ok,,28.083333333333332
STAT_8507bb784f10,동대문구,신한은행 외대역 지점,휘경로 23(이문동),철거,2019,2026,12,2026-06-30,2023,,1886.0,2023,2023-12-31,12,False,False,ok,,157.16666666666666
STAT_764b677382e5,동대문구,나사렛교회,전농로27길 42,철거,2017,2024,19,2026-06-30,2023,,3006.0,2023,2023-12-31,12,False,False,ok,,250.5
STAT_30253358ff81,동대문구,장안2동 공영주차장,답십리로65길 124-5,운영,2017,,19,2026-06-30,2023,,2703.0,2023,2023-12-31,12,False,False,ok,,225.25
STAT_0e5791032abc,동대문구,동대문구청 종합민원실,천호대로 145,운영,2016,,19,2026-06-30,2023,,3092.0,2023,2023-12-31,12,False,False,ok,,257.6666666666667
STAT_d88bac6a8b15,동대문구,동대문종합사회복지관,약령시로5길 22,철거,2016,2023,19,2026-06-30,2023,,,2023,2023-12-31,12,False,False,ok,,
STAT_6bc8f8825cac,동대문구,회기동공영주차장,회기로25길 31,운영,2016,,12,2026-06-30,2023,,1328.0,2023,2023-12-31,12,False,False,ok,,110.66666666666667
STAT_a301e08fb187,동대문구,답십리도서관,서울시립대로4길 75,운영,2015,,19,2026-06-30,2023,,3407.0,2023,2023-12-31,12,False,False,ok,,283.9166666666667
STAT_3639fcc7ebce,동대문구,정보화도서관,회기로10길 60,운영,2013,,19,2026-06-30,2023,,1995.0,2023,2023-12-31,12,False,False,ok,,166.25
STAT_fb818619e613,동대문구,장안종합사회복지관,한천로18길 48,운영,2013,,26,2026-06-30,2023,,2778.0,2023,2023-12-31,12,False,False,ok,,231.5
STAT_95a09e290bd9,동대문구,답십리2청소년독서실,답십리로56길 15,운영,2022,,12,2026-06-30,2023,,252.0,2023,2023-12-31,12,False,False,ok,,21.0
STAT_cbdc9360c91f,중랑구,중화1치안센터,동일로 792,철거,2021,2024,19,2026-06-30,2023,0.3,1056.0,2023,2023-12-31,12,False,False,ok,30.0,88.0
STAT_6de60005fdc0,중랑구,면목4동주민센터,면목로 246,운영,2016,,19,2026-06-30,2023,,2187.0,2023,2023-12-31,12,False,False,ok,,182.25
STAT_0856c74ea1d5,중랑구,면목5동 주민센터,동일로 619,운영,2014,,19,2026-06-30,2023,,3200.0,2023,2023-12-31,12,False,False,ok,,266.6666666666667
STAT_bf8a83ad9ef3,중랑구,면목본동 주민센터,면목로 397,운영,2013,,33,2026-06-30,2023,,5778.0,2023,2023-12-31,12,False,False,ok,,481.5
STAT_6cb0a600e20f,중랑구,상봉1동주민센터,상봉중앙로1길 6,운영,2023,,19,2026-06-30,2023,,1282.0,2023,2023-12-31,12,False,False,ok,,106.83333333333333
STAT_28eb1a2300e8,중랑구,상봉2동주민센터,동일로 114길 10,운영,,,19,2026-06-30,2023,,1360.0,2023,2023-12-31,12,False,False,ok,,113.33333333333333
STAT_23e5d157fd2d,성북구,석관동주민센터,화랑로 296,운영,2019,,12,2026-06-30,2023,0.29,1325.0,2023,2023-12-31,12,False,False,ok,28.999999999999996,110.41666666666667
STAT_7c3980948ba9,성북구,성북정릉감리교회,보국문로8길 23,철거,2022,2026,19,2026-06-30,2023,,784.0,2023,2023-12-31,12,False,False,ok,,65.33333333333333
STAT_db6096ed1b43,성북구,성북구립휘트니스센터,보문로29길 49,운영,2026,,19,2026-06-30,2023,,,2023,2023-12-31,12,False,False,ok,,
STAT_d02c85eb65b9,성북구,보문부모아이지원센터,지봉로24길 26,운영,2020,,12,2026-06-30,2023,,580.0,2023,2023-12-31,12,False,False,ok,,48.333333333333336
STAT_6a31f976acf1,성북구,제일빌딩,북악산로31길 8,운영,2017,,19,2026-06-30,2023,,986.0,2023,2023-12-31,12,False,False,ok,,82.16666666666667
STAT_63ba54a52163,성북구,성북희망나눔봉사센터,삼양로 20,운영,2016,,19,2026-06-30,2023,,2764.0,2023,2023-12-31,12,False,False,ok,,230.33333333333334
STAT_e667effbc8d6,성북구,안암교회,보문로30가길 41-6,운영,2015,,19,2026-06-30,2023,,1673.0,2023,2023-12-31,12,False,False,ok,,139.41666666666666
STAT_7e654d362a1a,성북구,성북청소년수련관,한천로 660-9,철거,2018,2023,12,2026-06-30,2023,,,2023,2023-12-31,12,False,False,ok,,
STAT_f5a46a229b66,성북구,아리랑 시네미디어센터,아리랑로 82,운영,2014,,19,2026-06-30,2023,,3389.0,2023,2023-12-31,12,False,False,ok,,282.4166666666667
STAT_3a978882743c,성북구,장위1동 주민센터,장위로 61,운영,2014,,19,2026-06-30,2023,,3909.0,2023,2023-12-31,12,False,False,ok,,325.75
STAT_11e6f823fec9,강북구,미아사거리역 1번출구,도봉로 50,운영,,,19,2026-06-30,2023,0.4,3405.0,2023,2023-12-31,12,False,False,ok,40.0,283.75
STAT_a95f5efae027,강북구,강북노인종합복지회관,삼양로92길 40,철거,2017,2024,19,2026-06-30,2023,,668.0,2023,2023-12-31,12,False,False,ok,,55.666666666666664
STAT_df869c0261ad,강북구,솔밭근린공원 개방화장실,삼양로 561,운영,2016,,19,2026-06-30,2023,,4153.0,2023,2023-12-31,12,False,False,ok,,346.0833333333333
STAT_6cd2ae161b97,강북구,강북문화예술회관,삼각산로 85,철거,2016,2025,19,2026-06-30,2023,,1213.0,2023,2023-12-31,12,False,False,ok,,101.08333333333333
STAT_8c9981ad567d,강북구,번동북부시장 북부마트,한천로123길 26,운영,2016,,19,2026-06-30,2023,,1358.0,2023,2023-12-31,12,False,False,ok,,113.16666666666667
STAT_02ce211a73ff,강북구,수유역1번출구,도봉로 338,운영,2015,,19,2026-06-30,2023,,3659.0,2023,2023-12-31,12,False,False,ok,,304.9166666666667
STAT_6877775a2b50,강북구,미아동 복합청사,솔매로49길 14,운영,2014,,19,2026-06-30,2023,,4012.0,2023,2023-12-31,12,False,False,ok,,334.3333333333333
STAT_b9455df15715,강북구,강북구청 본관 입구,도봉로89길 13,철거,2014,2025,19,2026-06-30,2023,,2844.0,2023,2023-12-31,12,False,False,ok,,237.0
STAT_3462bd604e62,강북구,수유1동 주민센터,삼양로 299,운영,2013,,19,2026-06-30,2023,,4364.0,2023,2023-12-31,12,False,False,ok,,363.6666666666667
STAT_25c8fb76df82,도봉구,염광교회,도봉로120길 16,운영,2017,,19,2026-06-30,2023,0.37,2468.0,2023,2023-12-31,12,False,False,ok,37.0,205.66666666666666
STAT_2d1a4ae7e6b6,도봉구,창3동 주민센터,덕릉로62길 89,운영,2017,,19,2026-06-30,2023,,1521.0,2023,2023-12-31,12,False,False,ok,,126.75
STAT_c44b7c117080,도봉구,도봉구민회관,도봉로 552,운영,2016,,19,2026-06-30,2023,,3983.0,2023,2023-12-31,12,False,False,ok,,331.9166666666667
STAT_889ddcfc8dad,도봉구,창동 도봉육아종합지원센터,우이천로4길 24-5,철거,2016,2024,12,2026-06-30,2023,,856.0,2023,2023-12-31,12,False,False,ok,,71.33333333333333
STAT_abdc15a2769f,도봉구,도봉서원종합사회복지관,마들로 668,운영,2014,,19,2026-06-30,2023,,2122.0,2023,2023-12-31,12,False,False,ok,,176.83333333333334
STAT_edd0ce707057,도봉구,방아골종합사회복지관,시루봉로17길 42,운영,2014,,19,2026-06-30,2023,,1856.0,2023,2023-12-31,12,False,False,ok,,154.66666666666666
STAT_db61cb773620,도봉구,창동역1번출구,마들로11길 77,철거,2013,2024,26,2026-06-30,2023,,5328.0,2023,2023-12-31,12,False,False,ok,,444.0
STAT_bbe947b6127e,도봉구,도봉구민청,마들로 656,철거,,2022,,2026-06-30,2023,,,2023,2023-12-31,12,False,False,ok,,
STAT_f2e61d5d0c1c,도봉구,창1동제1공영주차장,도봉로112길 43,철거,2016,2023,,2026-06-30,2023,,,2023,2023-12-31,12,False,False,ok,,
STAT_9f573acbdc9c,도봉구,도봉1동주민센터,도봉로169나길 22,운영,2013,,19,2026-06-30,2023,,2525.0,2023,2023-12-31,12,False,False,ok,,210.41666666666666
STAT_f9c7836a82e2,도봉구,창2동 신창교회,덕릉로 247,운영,2018,,12,2026-06-30,2023,,1696.0,2023,2023-12-31,12,False,False,ok,,141.33333333333334
STAT_550e7be8d55a,노원구,공릉종합사회복지관,동일로 1127 공릉아파트,운영,2019,,12,2026-06-30,2023,0.38,700.0,2023,2023-12-31,12,False,False,ok,38.0,58.333333333333336
STAT_973c52013a4d,노원구,상계문화정보도서관,동일로 243길 57,운영,2020,,19,2026-06-30,2023,,1247.0,2023,2023-12-31,12,False,False,ok,,103.91666666666667
STAT_607b1e6c65c7,노원구,상계2동주민센터,상계로 118,운영,2016,,19,2026-06-30,2023,,3746.0,2023,2023-12-31,12,False,False,ok,,312.1666666666667
STAT_c95c9f143485,노원구,"상계3,4동 주민센터",덕릉로 859,운영,2014,,19,2026-06-30,2023,,1043.0,2023,2023-12-31,12,False,False,ok,,86.91666666666667
STAT_7139e11611c8,노원구,상계역 자전거대여소,상계로 190,운영,2014,,33,2026-06-30,2023,,6960.0,2023,2023-12-31,12,False,False,ok,,580.0
STAT_796f54c33f16,노원구,공릉 청소년문화정보센터,노원로1나길 10,운영,2013,,19,2026-06-30,2023,,3293.0,2023,2023-12-31,12,False,False,ok,,274.4166666666667
STAT_6a4e2e43208e,노원구,공릉1동 주민센터(노원),동일로186길 3-24,운영,,,19,2026-06-30,2023,,3587.0,2023,2023-12-31,12,False,False,ok,,298.9166666666667
STAT_a37f33e680d0,노원구,월계문화정보도서관,월계로 319,철거,2015,2023,19,2026-06-30,2023,,,2023,2023-12-31,12,False,False,ok,,
STAT_a66288880b6e,노원구,월계치안센터,석계로 93,철거,2018,2024,19,2026-06-30,2023,,2557.0,2023,2023-12-31,12,False,False,ok,,213.08333333333334
STAT_3b4b3b6074fc,은평구,역촌동 주민센터,연서로 59,운영,2013,,19,2026-06-30,2023,0.38,3345.0,2023,2023-12-31,12,False,False,ok,38.0,278.75
STAT_93f602e43c1c,은평구,갈현1동 주민센터,갈현로 301,운영,2013,,26,2026-06-30,2023,,2216.0,2023,2023-12-31,12,False,False,ok,,184.66666666666666
STAT_769ff5af10db,은평구,갈현청소년센터쉼쉼,통일로89길 6-20,운영,2020,,12,2026-06-30,2023,,382.0,2023,2023-12-31,12,False,False,ok,,31.833333333333332
STAT_56dbf40af347,은평구,연신내 지구대,갈현로 195,운영,2016,,19,2026-06-30,2023,,3005.0,2023,2023-12-31,12,False,False,ok,,250.41666666666666
STAT_5598f8ce4998,은평구,구산동주민센터,갈현로17길 10,운영,2015,,19,2026-06-30,2023,,2493.0,2023,2023-12-31,12,False,False,ok,,207.75
STAT_a0a6df8187c3,은평구,불광보건소,연서로 34길 11,철거,2016,2024,,2026-06-30,2023,,1201.0,2023,2023-12-31,12,False,False,ok,,100.08333333333333
STAT_b967fdd81b04,은평구,시립은평청소년센터,백련산로4길 16,철거,,2022,,2026-06-30,2023,,,2023,2023-12-31,12,False,False,ok,,
STAT_700eff018d51,은평구,아인스하임,은평터널로7가길 8,철거,,2022,,2026-06-30,2023,,,2023,2023-12-31,12,False,False,ok,,
STAT_8420add40d30,은평구,신사종합사회복지관,은평로 38,운영,2014,,26,2026-06-30,2023,,4139.0,2023,2023-12-31,12,False,False,ok,,344.9166666666667
STAT_b7135035db3d,은평구,불광1동 치안센터,불광로 129,운영,2014,,19,2026-06-30,2023,,3872.0,2023,2023-12-31,12,False,False,ok,,322.6666666666667
STAT_36245c05dd5b,은평구,청년취업사관학교 은평캠퍼스,은평로 245,운영,2014,,19,2026-06-30,2023,,3220.0,2023,2023-12-31,12,False,False,ok,,268.3333333333333
STAT_ecbf63ad99b3,은평구,증산 정보도서관,증산로5길 6,철거,2013,2025,33,2026-06-30,2023,,6169.0,2023,2023-12-31,12,False,False,ok,,514.0833333333334
STAT_dba52d4dc13c,서대문구,청년누리,증가로4길 8-45,운영,2019,,12,2026-06-30,2023,0.23,1698.0,2023,2023-12-31,12,False,False,ok,23.0,141.5
STAT_3209c0b76906,서대문구,남가좌2동 제2공영주차장,명지대5길 10-8,운영,,,12,2026-06-30,2023,,492.0,2023,2023-12-31,12,False,False,ok,,41.0
STAT_6a637bb15cd7,서대문구,신한은행_남가좌동점,서대문구 수색로2길 36(남가좌동),운영,,,12,2026-06-30,2023,,639.0,2023,2023-12-31,12,False,True,source_conflict,,53.25
STAT_7e17681867dd,서대문구,신한은행 명지대 지점,거북골로 45(남가좌동),운영,2019,,12,2026-06-30,2023,,1761.0,2023,2023-12-31,12,False,False,ok,,146.75
STAT_cf3f5621fd55,서대문구,홍제3동 주민센터,세검정로4길 32,운영,2017,,12,2026-06-30,2023,,1441.0,2023,2023-12-31,12,False,False,ok,,120.08333333333333
STAT_31fbd643fef2,서대문구,홍은2동 주민센터,모래내로 334,운영,2017,,19,2026-06-30,2023,,1323.0,2023,2023-12-31,12,False,False,ok,,110.25
STAT_9a4437a9e8b3,서대문구,연희동주민센터,연희로 189,운영,2016,,19,2026-06-30,2023,,1278.0,2023,2023-12-31,12,False,False,ok,,106.5
STAT_1646029bae43,서대문구,홍은1동주민센터,홍은중앙로 85,운영,,,19,2026-06-30,2023,,1636.0,2023,2023-12-31,12,False,False,ok,,136.33333333333334
STAT_cba02c66855e,서대문구,신한은행_연희동점,서대문구 연희맛로 28,운영,2022,,12,2026-06-30,2023,,434.0,2023,2023-12-31,12,False,False,ok,,36.166666666666664
STAT_80e4ea4955e4,서대문구,서부제일교회 어린이도서관,가좌로 154,철거,2014,2025,12,2026-06-30,2023,,374.0,2023,2023-12-31,12,False,False,ok,,31.166666666666668
STAT_1ea51086c56a,서대문구,봉원교회 북카페 옆,봉원사2길 13,운영,2013,,12,2026-06-30,2023,,569.0,2023,2023-12-31,12,False,False,ok,,47.416666666666664
STAT_1e917029efef,서대문구,북아현동 주민센터,북아현로 24,운영,2013,,26,2026-06-30,2023,,4343.0,2023,2023-12-31,12,False,False,ok,,361.9166666666667
STAT_a3f8e0e054fd,서대문구,충현동주민센터,북아현로22길 38,운영,2018,,12,2026-06-30,2023,,867.0,2023,2023-12-31,12,False,False,ok,,72.25
STAT_8dec4790137f,마포구,서교동교회,잔다리로6길 11,운영,2019,,12,2026-06-30,2023,0.29,666.0,2023,2023-12-31,12,False,False,ok,28.999999999999996,55.5
STAT_8d6147041bce,마포구,성산1동주민센터,성산로 4길 15,운영,2019,,12,2026-06-30,2023,,533.0,2023,2023-12-31,12,False,False,ok,,44.416666666666664
STAT_98a0f41ef8d7,마포구,대흥동주민센터,신촌로26길 10,운영,2013,,19,2026-06-30,2023,,2989.0,2023,2023-12-31,12,False,False,ok,,249.08333333333334
STAT_034d63886258,마포구,망원2동 치안센터,월드컵로31길 18,운영,2021,,19,2026-06-30,2023,,1194.0,2023,2023-12-31,12,False,False,ok,,99.5
STAT_7481b259a196,마포구,서현교회,잔다리로7길 31,운영,2021,,19,2026-06-30,2023,,3212.0,2023,2023-12-31,12,False,False,ok,,267.6666666666667
STAT_02ba68e25318,마포구,동교치안센터,신촌로2안길 27,운영,2021,,12,2026-06-30,2023,,975.0,2023,2023-12-31,12,False,False,ok,,81.25
STAT_7ab19dc12969,마포구,서강동주민센터,독막로 165,운영,2020,,12,2026-06-30,2023,,871.0,2023,2023-12-31,12,False,False,ok,,72.58333333333333
STAT_835a682c24e1,마포구,상암동주민센터후문,매봉산로2길 16,운영,,,19,2026-06-30,2023,,172.0,2023,2023-12-31,12,False,False,ok,,14.333333333333334
STAT_0bd5f0eb3d10,마포구,신수동주민센터,독막로 192,운영,2017,,19,2026-06-30,2023,,1939.0,2023,2023-12-31,12,False,False,ok,,161.58333333333334
STAT_deffabebbf77,마포구,성산2동주민센터,월드컵북로30길 22,운영,2016,,19,2026-06-30,2023,,1636.0,2023,2023-12-31,12,False,False,ok,,136.33333333333334
STAT_05cc498bda2e,마포구,연남동희망원룸주택,성미산로17길 79,운영,2015,,19,2026-06-30,2023,,1433.0,2023,2023-12-31,12,False,False,ok,,119.41666666666667
STAT_5c94fea8d4e9,마포구,상암동 제1공영주차장,성암로 197,운영,2014,,19,2026-06-30,2023,,4044.0,2023,2023-12-31,12,False,False,ok,,337.0
STAT_9d348c728bd6,마포구,마포아트센터,대흥로20길 28,운영,2014,,19,2026-06-30,2023,,3348.0,2023,2023-12-31,12,False,False,ok,,279.0
STAT_fac888c0d055,마포구,연남동 주민커뮤니티센터,동교로41길 36,운영,2013,,26,2026-06-30,2023,,3604.0,2023,2023-12-31,12,False,False,ok,,300.3333333333333
STAT_6d6e701f1594,마포구,도화동 주민센터,도화길 37,운영,2013,,26,2026-06-30,2023,,3904.0,2023,2023-12-31,12,False,False,ok,,325.3333333333333
STAT_39d0f0d3901b,양천구,신월1동 청소년독서실,남부순환로59길 8,철거,,2024,12,2026-06-30,2023,0.32,235.0,2023,2023-12-31,12,False,False,ok,32.0,19.583333333333332
STAT_23de841d5965,양천구,양천나눔누리센터,중앙로 250,운영,2017,,19,2026-06-30,2023,,4026.0,2023,2023-12-31,12,False,False,ok,,335.5
STAT_2d04eb775967,양천구,목동실버복지문화센터,목동중앙로3길 21,운영,2016,,19,2026-06-30,2023,,2662.0,2023,2023-12-31,12,False,False,ok,,221.83333333333334
STAT_5e1b65d10f0f,양천구,신월3동주민센터,남부순환로54길 5,운영,2016,,19,2026-06-30,2023,,2287.0,2023,2023-12-31,12,False,False,ok,,190.58333333333334
STAT_7cde1368b8b0,양천구,신정4동주민센터,오목로34길 5,운영,2016,,19,2026-06-30,2023,,4127.0,2023,2023-12-31,12,False,False,ok,,343.9166666666667
STAT_ca4ba4317e97,양천구,목동문화체육센터,목동중앙본로 73,운영,2015,,19,2026-06-30,2023,,2349.0,2023,2023-12-31,12,False,False,ok,,195.75
STAT_f11098cfa848,양천구,신월문화체육센터,지양로 47,운영,2014,,19,2026-06-30,2023,,1416.0,2023,2023-12-31,12,False,False,ok,,118.0
STAT_e0ecb8e2972b,양천구,신월5동주민센터,화곡로4길 10,운영,2014,,19,2026-06-30,2023,,1528.0,2023,2023-12-31,12,False,False,ok,,127.33333333333333
STAT_e1de30daf002,양천구,신월4동주민센터,오목로5길 34,운영,2013,,19,2026-06-30,2023,,1704.0,2023,2023-12-31,12,False,False,ok,,142.0
STAT_b88d8a60bdf8,양천구,목3동 주민센터,목동중앙남로16나길 55,운영,2013,,19,2026-06-30,2023,,2494.0,2023,2023-12-31,12,False,False,ok,,207.83333333333334
STAT_ddedb1f16494,양천구,경창시장고객주차장,신월동 446-3,철거,,2023,,2026-06-30,2023,,,2023,2023-12-31,12,False,False,ok,,
STAT_06696991c883,양천구,목동보건지소,목동중앙본로7가길 11,운영,2018,,12,2026-06-30,2023,,1190.0,2023,2023-12-31,12,False,False,ok,,99.16666666666667
STAT_99c35e6d1838,강서구,화곡2동주민센터,곰달래로37길 13,운영,2021,,12,2026-06-30,2023,0.29,612.0,2023,2023-12-31,12,False,False,ok,28.999999999999996,51.0
STAT_7d8d8d33828e,강서구,길꽃어린이도서관,금낭화로24길 5,운영,2019,,12,2026-06-30,2023,,822.0,2023,2023-12-31,12,False,False,ok,,68.5
STAT_7a8f5894fece,강서구,화곡8동 주민센터,곰달래로25길 45,운영,2017,,19,2026-06-30,2023,,2500.0,2023,2023-12-31,12,False,False,ok,,208.33333333333334
STAT_5c873e7265ba,강서구,가로공원공영주차장1번출구,가로공원로 189,운영,2016,,19,2026-06-30,2023,,1730.0,2023,2023-12-31,12,False,False,ok,,144.16666666666666
STAT_4318d33b4163,강서구,화곡 6-1 공영주차장,우장산로 114,운영,2015,,19,2026-06-30,2023,,2415.0,2023,2023-12-31,12,False,False,ok,,201.25
STAT_d6a3c7b99c3c,강서구,화곡 3-1 공영주차장,화곡로15길 40,운영,2014,,19,2026-06-30,2023,,2263.0,2023,2023-12-31,12,False,False,ok,,188.58333333333334
STAT_638d593500cd,강서구,화곡 1-1 공영주차장,곰달래로15길 28,운영,2014,,19,2026-06-30,2023,,1181.0,2023,2023-12-31,12,False,False,ok,,98.41666666666667
STAT_f6e9b8766022,강서구,내발산동 문화센터,강서로52길 89,운영,2014,,19,2026-06-30,2023,,3313.0,2023,2023-12-31,12,False,False,ok,,276.0833333333333
STAT_fb84bfad2874,강서구,곰달래복지문화센터,강서로5길 50,운영,2013,,26,2026-06-30,2023,,2325.0,2023,2023-12-31,12,False,False,ok,,193.75
STAT_9e82a3101669,강서구,화곡4동 주민센터,곰달래로57가길 26,운영,2013,,26,2026-06-30,2023,,3521.0,2023,2023-12-31,12,False,False,ok,,293.4166666666667
STAT_dbbb210dd022,강서구,볏골공원공영주차장,까치산로4길 22,운영,2013,,26,2026-06-30,2023,,3665.0,2023,2023-12-31,12,False,False,ok,,305.4166666666667
STAT_f80238d23915,강서구,공항동 주민센터,송정로 45,운영,2013,,26,2026-06-30,2023,,1992.0,2023,2023-12-31,12,False,False,ok,,166.0
STAT_adbd014f8e18,강서구,발산1동주민센터,강서로47길 54,운영,2018,,19,2026-06-30,2023,,2186.0,2023,2023-12-31,12,False,False,ok,,182.16666666666666
STAT_0ffcc957b341,강서구,신방화역환승주차장,마곡서1로 111-12,운영,2021,,19,2026-06-30,2023,,1681.0,2023,2023-12-31,12,False,False,ok,,140.08333333333334
STAT_0f9c71f4ccd3,구로구,가리봉동주민센터,우마2길 35,철거,,2024,12,2026-06-30,2023,0.24,246.0,2023,2023-12-31,12,False,False,ok,24.0,20.5
STAT_cda1caae8d02,구로구,구로구 시설관리공단,구로동로26길 54,철거,2017,2025,19,2026-06-30,2023,,1119.0,2023,2023-12-31,12,False,False,ok,,93.25
STAT_97228c730102,구로구,서울교통공사대림별관,도림천로 352,운영,2016,,12,2026-06-30,2023,,1625.0,2023,2023-12-31,12,False,False,ok,,135.41666666666666
STAT_f5eb496803e2,구로구,온수동_공용이용시설,부일로1길 62,철거,2015,2024,19,2026-06-30,2023,,924.0,2023,2023-12-31,12,False,False,ok,,77.0
STAT_afbd363d78f9,구로구,구로역1번출구 NC백화점,구로중앙로 174,운영,2014,,19,2026-06-30,2023,,1880.0,2023,2023-12-31,12,False,False,ok,,156.66666666666666
STAT_717d49403232,구로구,구로구민회관,가마산로25길 21,운영,2014,,19,2026-06-30,2023,,1317.0,2023,2023-12-31,12,False,False,ok,,109.75
STAT_4c67d6d0cf6c,구로구,궁동종합사회복지관,오리로22길 5,철거,2014,2023,,2026-06-30,2023,,,2023,2023-12-31,12,False,False,ok,,
STAT_8a9ec9230ef3,구로구,동양미래대학교 기숙사,중앙로 10-5,철거,,2022,,2026-06-30,2023,,,2023,2023-12-31,12,False,False,ok,,
STAT_bb1c499a038e,구로구,구로2동주민센터앞,구로동로 141,운영,2013,,19,2026-06-30,2023,,1980.0,2023,2023-12-31,12,False,False,ok,,165.0
STAT_d5563d8ce2f2,구로구,현대오일뱅크_구로셀프주유소,조원로12길 25,철거,2019,2022,,2026-06-30,2023,,,2023,2023-12-31,12,False,False,ok,,
STAT_2e1abbb34621,구로구,구로구민 체육센터,고척로45길 36,운영,2013,,19,2026-06-30,2023,,,2023,2023-12-31,12,False,False,ok,,
STAT_d342021478da,구로구,오류1동텃골공영주차장,경인로15길 22,운영,2018,,19,2026-06-30,2023,,2730.0,2023,2023-12-31,12,False,False,ok,,227.5
STAT_770a0515628d,금천구,독산2동주민센터,독산로 179,운영,2019,,12,2026-06-30,2023,0.22,1090.0,2023,2023-12-31,12,False,False,ok,22.0,90.83333333333333
STAT_f53a3d3b4ca0,금천구,청춘삘딩,시흥대로138길 10-11,철거,,2024,12,2026-06-30,2023,,254.0,2023,2023-12-31,12,False,False,ok,,21.166666666666668
STAT_4edeb9204c20,금천구,신한은행_디지털라운지,금천구 시흥대로 97(시흥동),철거,,2024,12,2026-06-30,2023,,165.0,2023,2023-12-31,12,False,False,ok,,13.75
STAT_951c2981ecd6,금천구,신한은행_금천점,금천구 금하로 747-1(시흥동),운영,,,12,2026-06-30,2023,,164.0,2023,2023-12-31,12,False,False,ok,,13.666666666666666
STAT_d6b3bad180a2,금천구,시흥4동 주민센터,독산로36길 14,운영,2014,,19,2026-06-30,2023,,3831.0,2023,2023-12-31,12,False,False,ok,,319.25
STAT_5ae25e4d56ee,금천구,금천호암노인복지관,독산로72길 86-5,철거,2013,2025,12,2026-06-30,2023,,509.0,2023,2023-12-31,12,False,False,ok,,42.416666666666664
STAT_f2fef42db86a,금천구,시흥3동 주민센터,시흥대로18길 40,운영,2013,,19,2026-06-30,2023,,1821.0,2023,2023-12-31,12,False,False,ok,,151.75
STAT_f5261bc0d7fa,금천구,독산1동주민센터,시흥대로123길 11,운영,2013,,26,2026-06-30,2023,,2747.0,2023,2023-12-31,12,False,False,ok,,228.91666666666666
STAT_bcf74284cb91,금천구,금빛휘트니스센터,금하로668 금빛공원,철거,2017,2023,19,2026-06-30,2023,,,2023,2023-12-31,12,False,False,ok,,
STAT_936b450d3897,금천구,금천구청,시흥대로73길 70,운영,2018,,19,2026-06-30,2023,,2026.0,2023,2023-12-31,12,False,False,ok,,168.83333333333334
STAT_2cb38fb629a9,영등포구,영등포청소년상담복지센터,도영로22길 36,철거,,2024,12,2026-06-30,2023,0.32,647.0,2023,2023-12-31,12,False,False,ok,32.0,53.916666666666664
STAT_ac0e67648966,영등포구,영등포 제1스포츠센터,신풍로 1,운영,2013,,19,2026-06-30,2023,,2284.0,2023,2023-12-31,12,False,False,ok,,190.33333333333334
STAT_cf76a9f31288,영등포구,신길6동복지관,대방천로 193,운영,,,12,2026-06-30,2023,,1602.0,2023,2023-12-31,12,False,False,ok,,133.5
STAT_33df9863f186,영등포구,영등포 평생학습관,버드나루로15길 10,운영,2017,,12,2026-06-30,2023,,1667.0,2023,2023-12-31,12,False,False,ok,,138.91666666666666
STAT_a60db2ab9433,영등포구,영등포본동주민센터,신길로61길 17,운영,2016,,19,2026-06-30,2023,,2718.0,2023,2023-12-31,12,False,False,ok,,226.5
STAT_5382f3a621ba,영등포구,신길4동1동1마을공영주차장,신길로40길 5,운영,2016,,19,2026-06-30,2023,,2896.0,2023,2023-12-31,12,False,False,ok,,241.33333333333334
STAT_320997c6f358,영등포구,신길7동 주민센터,여의대방로43길 10,운영,2015,,19,2026-06-30,2023,,2476.0,2023,2023-12-31,12,False,False,ok,,206.33333333333334
STAT_e3d3a1ede407,영등포구,도림동 주민센터,도영로7길 10,운영,2014,,19,2026-06-30,2023,,1974.0,2023,2023-12-31,12,False,False,ok,,164.5
STAT_a835274b8243,영등포구,다사랑어린이공원(경로당),대림로23가길 5,운영,2013,,12,2026-06-30,2023,,382.0,2023,2023-12-31,12,False,False,ok,,31.833333333333332
STAT_882f7d1a36f1,영등포구,신길1동 주민센터,영등포로84길 24-5,운영,2013,,19,2026-06-30,2023,,3257.0,2023,2023-12-31,12,False,False,ok,,271.4166666666667
STAT_73ecd7c0cbc7,영등포구,대림도서관,도신로 27,운영,2013,,26,2026-06-30,2023,,2112.0,2023,2023-12-31,12,False,False,ok,,176.0
STAT_e31f089e2af8,영등포구,그린케어센터,당산로29길 9,운영,2013,,19,2026-06-30,2023,,2760.0,2023,2023-12-31,12,False,False,ok,,230.0
STAT_dc9c9cf7c202,동작구,스페이스살림,노량진로 10,운영,2021,,19,2026-06-30,2023,0.27,1298.0,2023,2023-12-31,12,False,False,ok,27.0,108.16666666666667
STAT_c5df9c17d8f5,동작구,사당종합체육관,사당로27길 232,운영,2022,,12,2026-06-30,2023,,237.0,2023,2023-12-31,12,False,False,ok,,19.75
STAT_836471fef345,동작구,신한은행 숭실대역 지점,상도로37길 76 (상도동),운영,2019,,12,2026-06-30,2023,,1100.0,2023,2023-12-31,12,False,False,ok,,91.66666666666667
STAT_ba2e73e2c8ad,동작구,순만빌딩,노량진로 169,운영,2017,,19,2026-06-30,2023,,2435.0,2023,2023-12-31,12,False,False,ok,,202.91666666666666
STAT_996f07c4ece7,동작구,사당문화회관,사당로8길 9,운영,2016,,19,2026-06-30,2023,,1920.0,2023,2023-12-31,12,False,False,ok,,160.0
STAT_bf55db69f366,동작구,상도1동주민센터,상도로53길 9,운영,2016,,19,2026-06-30,2023,,2561.0,2023,2023-12-31,12,False,False,ok,,213.41666666666666
STAT_da0f3a674fb7,동작구,예그리나주택,국사봉8길 47,철거,2015,2025,19,2026-06-30,2023,,786.0,2023,2023-12-31,12,False,False,ok,,65.5
STAT_9227ed4259f5,동작구,강남교회 교육관,만양로 76,운영,2014,,19,2026-06-30,2023,,1734.0,2023,2023-12-31,12,False,False,ok,,144.5
STAT_e3a9ba06c7fd,동작구,동작청소년센터,상도로15바길 5,운영,2014,,19,2026-06-30,2023,,1312.0,2023,2023-12-31,12,False,False,ok,,109.33333333333333
STAT_594cee10f6bf,동작구,kb국민은행 동작구청지점,장승배기로 161,운영,2013,,47,2026-06-30,2023,,6990.0,2023,2023-12-31,12,False,False,ok,,582.5
STAT_6db9bba2b70d,동작구,사당노인종합복지관,남부순환로 2081,운영,2013,,19,2026-06-30,2023,,1891.0,2023,2023-12-31,12,False,False,ok,,157.58333333333334
STAT_590aa89b66f6,동작구,상도3동 주민센터,성대로2길 11,운영,2013,,33,2026-06-30,2023,,4623.0,2023,2023-12-31,12,False,False,ok,,385.25
STAT_c90e70b29716,동작구,신대방해피점,신대방1나길 26,철거,,2026,12,2026-06-30,2023,,911.0,2023,2023-12-31,12,False,False,ok,,75.91666666666667
STAT_5120b86a6b6f,동작구,현대오일뱅크_사당셀프주유소,동작대로 73,운영,2019,,12,2026-06-30,2023,,1954.0,2023,2023-12-31,12,False,False,ok,,162.83333333333334
STAT_fe6f6bc2a124,관악구,미성체육관,난우16길 37,운영,2023,,12,2026-06-30,2023,0.29,851.0,2023,2023-12-31,12,False,False,ok,28.999999999999996,70.91666666666667
STAT_56299bc63850,관악구,신한은행_신림역,관악구 신림동 남부순환로 1590,운영,2022,,12,2026-06-30,2023,,565.0,2023,2023-12-31,12,False,False,ok,,47.083333333333336
STAT_1d3fb4e138cc,관악구,신한은행 (구)봉천서 지점,은천로 110 (봉천동),운영,2019,,12,2026-06-30,2023,,1368.0,2023,2023-12-31,12,False,False,ok,,114.0
STAT_936f209efdf3,관악구,신한은행 신림대학동 지점,호암로26길 58 대학동 (신림동),철거,2019,2024,12,2026-06-30,2023,,388.0,2023,2023-12-31,12,False,False,ok,,32.333333333333336
STAT_26ef031f14e0,관악구,서원동주민센터,신림로 282,운영,2017,,19,2026-06-30,2023,,2787.0,2023,2023-12-31,12,False,False,ok,,232.25
STAT_ac86c63305db,관악구,관악청소년회관,신림로23길 17,운영,2016,,26,2026-06-30,2023,,3246.0,2023,2023-12-31,12,False,False,ok,,270.5
STAT_b41f016635ef,관악구,인헌동주민센터,남부순환로246가길 20,운영,2016,,19,2026-06-30,2023,,3732.0,2023,2023-12-31,12,False,False,ok,,311.0
STAT_74d2efca893f,관악구,남현동 주민센터,남현1가길 29,운영,2014,,19,2026-06-30,2023,,2014.0,2023,2023-12-31,12,False,False,ok,,167.83333333333334
STAT_aa17782bb666,관악구,청룡동 주민센터,쑥고개로 44,운영,2014,,19,2026-06-30,2023,,1648.0,2023,2023-12-31,12,False,False,ok,,137.33333333333334
STAT_739bf0c4ecec,관악구,조원동주민센터,조원로12길 25,운영,2013,,19,2026-06-30,2023,,2009.0,2023,2023-12-31,12,False,False,ok,,167.41666666666666
STAT_b0a304140bbb,관악구,신사동자치회관,조원로 151-1,운영,2013,,26,2026-06-30,2023,,2774.0,2023,2023-12-31,12,False,False,ok,,231.16666666666666
STAT_760a24d827b5,관악구,행운동주민센터,행운1길 43,운영,2013,,26,2026-06-30,2023,,4639.0,2023,2023-12-31,12,False,False,ok,,386.5833333333333
STAT_b467abb13ad2,관악구,미성동자치회관,난곡로 52길 16,철거,,2023,,2026-06-30,2023,,,2023,2023-12-31,12,False,False,ok,,
STAT_cb297e1d13e2,관악구,관악구청,관악로 145,운영,2018,,19,2026-06-30,2023,,3321.0,2023,2023-12-31,12,False,False,ok,,276.75
STAT_f1828ad4a155,관악구,국사봉 체육관,국회단지길 144 51,운영,2024,,,2026-06-30,2023,,,2023,2023-12-31,12,False,False,ok,,
STAT_fd7dad718d33,관악구,신림여성회관,대학길 64,운영,2018,,12,2026-06-30,2023,,664.0,2023,2023-12-31,12,False,False,ok,,55.333333333333336
STAT_ed2495e74c89,관악구,현대오일뱅크_관악셀프주유소,남부순환로 1520,철거,2019,2024,12,2026-06-30,2023,,436.0,2023,2023-12-31,12,False,False,ok,,36.333333333333336
STAT_e2c06f7250be,서초구,양재1동민원분소,남부순환로 2610,운영,2020,,12,2026-06-30,2023,0.34,1344.0,2023,2023-12-31,12,False,False,ok,34.0,112.0
STAT_5f1d756f00d5,서초구,양재2동주민센터,강남대로12길 44,운영,2015,,19,2026-06-30,2023,,3183.0,2023,2023-12-31,12,False,False,ok,,265.25
STAT_465a64adf765,서초구,언구비 공영주차장,강남대로83길 55,운영,,,19,2026-06-30,2023,,2911.0,2023,2023-12-31,12,False,False,ok,,242.58333333333334
STAT_1c2f11d66857,서초구,방배열린문화센터,방배로 173,운영,2014,,19,2026-06-30,2023,,3543.0,2023,2023-12-31,12,False,False,ok,,295.25
STAT_18a2f9da394e,서초구,방배2동 주민센터,청두곶길 36,운영,2014,,19,2026-06-30,2023,,1696.0,2023,2023-12-31,12,False,False,ok,,141.33333333333334
STAT_fc2875410dda,서초구,방음언덕형 공영주차장,주흥3길 34,철거,,2023,,2026-06-30,2023,,,2023,2023-12-31,12,False,False,ok,,
STAT_c30d9a40d4f3,서초구,양재공영주차장,양재천로 125-10,운영,,,,2026-06-30,2023,,80.0,2023,2023-12-31,12,False,False,ok,,6.666666666666667
STAT_dc1b29d184b4,서초구,서초꿈나무라이온스 보금자리,언남10길 48,운영,2013,,12,2026-06-30,2023,,1427.0,2023,2023-12-31,12,False,False,ok,,118.91666666666667
STAT_85943aef4c38,강남구,역삼청소년수련관,논현로64길 7,운영,2019,,12,2026-06-30,2023,0.38,942.0,2023,2023-12-31,12,False,False,ok,38.0,78.5
STAT_6518099b70e6,강남구,대치2동 주민센터,영동대로65길 24,운영,2017,,19,2026-06-30,2023,,2593.0,2023,2023-12-31,12,False,False,ok,,216.08333333333334
STAT_2b28404d36cc,강남구,도곡1동 주민센터,도곡로18길 57,운영,2017,,19,2026-06-30,2023,,3516.0,2023,2023-12-31,12,False,False,ok,,293.0
STAT_62092e77fe91,강남구,논현1동주민센터,학동로20길 25,운영,2015,,19,2026-06-30,2023,,2550.0,2023,2023-12-31,12,False,False,ok,,212.5
STAT_e06c1f8676b7,강남구,대치4동 주민센터,도곡로77길 23,운영,2014,,47,2026-06-30,2023,,10670.0,2023,2023-12-31,12,False,False,ok,,889.1666666666666
STAT_3dc9d927646b,강남구,도곡2동주민센터,남부순환로378길 34-9,운영,2013,,26,2026-06-30,2023,,5163.0,2023,2023-12-31,12,False,False,ok,,430.25
STAT_178da6eefa25,강남구,일원1동주민센터,양재대로55길 14,철거,2018,2023,19,2026-06-30,2023,,,2023,2023-12-31,12,False,False,ok,,
STAT_03addec1b766,강남구,역삼1동 주민센터,역삼로7길 16,운영,2020,,19,2026-06-30,2023,,1516.0,2023,2023-12-31,12,False,False,ok,,126.33333333333333
STAT_9dcc8bc338db,강남구,현대오일뱅크_신사현대점,도산대로 163,철거,2019,2025,12,2026-06-30,2023,,,2023,2023-12-31,12,False,False,ok,,
STAT_fdc8088d2280,송파구,가락2동치안센터,오금로46길 55,운영,,,12,2026-06-30,2023,0.37,750.0,2023,2023-12-31,12,False,False,ok,37.0,62.5
STAT_c6fcda5233f0,송파구,삼전지구대,백제고분로 238,운영,2021,,12,2026-06-30,2023,,1664.0,2023,2023-12-31,12,False,False,ok,,138.66666666666666
STAT_3d8d555688c0,송파구,장지동 주민센터,새말로19길 6,철거,2017,2025,19,2026-06-30,2023,,1711.0,2023,2023-12-31,12,False,False,ok,,142.58333333333334
STAT_dd23b99ed730,송파구,거여2동주민센터,거마로2길 19,운영,2016,,19,2026-06-30,2023,,2112.0,2023,2023-12-31,12,False,False,ok,,176.0
STAT_a95b9e0fb955,송파구,마천2동주민센터,마천로 287,운영,2021,,19,2026-06-30,2023,,2480.0,2023,2023-12-31,12,False,False,ok,,206.66666666666666
STAT_90806d728341,송파구,석촌동주민센터,백제고분로37길 16,운영,2015,,19,2026-06-30,2023,,3411.0,2023,2023-12-31,12,False,False,ok,,284.25
STAT_214fb25fa781,송파구,송파노인종합복지관,백제고분로32길 41,운영,2014,,19,2026-06-30,2023,,2150.0,2023,2023-12-31,12,False,False,ok,,179.16666666666666
STAT_5e9e07ce50c5,송파구,여의도 순복음송파교회,마천로 17,운영,2014,,19,2026-06-30,2023,,3683.0,2023,2023-12-31,12,False,False,ok,,306.9166666666667
STAT_bee805484f91,송파구,송파여성 문화회관,백제고분로42길 5,운영,2013,,33,2026-06-30,2023,,7131.0,2023,2023-12-31,12,False,False,ok,,594.25
STAT_3e86236a82a9,송파구,거여1동주민센터,오금로53길 32,운영,2013,,19,2026-06-30,2023,,1383.0,2023,2023-12-31,12,False,False,ok,,115.25
STAT_f7f629d29cd0,송파구,문정1동 주민센터,동남로 116,운영,2018,,19,2026-06-30,2023,,3017.0,2023,2023-12-31,12,False,False,ok,,251.41666666666666
STAT_21833b1ab987,강동구,강동구 평생학습관(명일동 공영주차장),구천면로 395,운영,,,12,2026-06-30,2023,0.3072874955118871,1244.0,2023,2023-12-31,12,False,False,ok,30.72874955118871,103.66666666666667
STAT_43f52127c80f,강동구,천호 청소년 문화의집,천중로 61,운영,2023,,12,2026-06-30,2023,,132.0,2023,2023-12-31,12,False,False,ok,,11.0
STAT_72c009707087,강동구,둔촌역전통시장공영주차장,성내동 417-34,운영,2021,,19,2026-06-30,2023,,902.0,2023,2023-12-31,12,False,False,ok,,75.16666666666667
STAT_7e6e3efd79db,강동구,2001아울렛천호점,구천면로 189,철거,2016,2026,19,2026-06-30,2023,,2547.0,2023,2023-12-31,12,False,False,ok,,212.25
STAT_d00fab07a6f6,강동구,강일동주민센터,아리수로93길 9-14,운영,2026,,19,2026-06-30,2023,,,2023,2023-12-31,12,False,False,ok,,
STAT_debabdac3ce2,강동구,길동주민센터,길동 228-10,운영,2015,,12,2026-06-30,2023,,1547.0,2023,2023-12-31,12,False,False,ok,,128.91666666666666
STAT_5049cc7dcee3,강동구,성내1동 주민센터,성내로 13,운영,2014,,19,2026-06-30,2023,,3153.0,2023,2023-12-31,12,False,False,ok,,262.75
STAT_3bf669c51a40,강동구,암사2동 주민센터,상암로3길 28,운영,2014,,19,2026-06-30,2023,,2637.0,2023,2023-12-31,12,False,False,ok,,219.75
STAT_7b79614c1bf0,강동구,강동구민회관,상암로 168,운영,2014,,19,2026-06-30,2023,,4663.0,2023,2023-12-31,12,False,False,ok,,388.5833333333333
STAT_a6d8c6945079,강동구,강동구립암사도서관,고덕로20길 42,운영,2013,,19,2026-06-30,2023,,2324.0,2023,2023-12-31,12,False,False,ok,,193.66666666666666
STAT_0e13e54ef4ed,강동구,강동구립해공도서관,올림픽로 702,운영,2021,,12,2026-06-30,2023,,1183.0,2023,2023-12-31,12,False,False,ok,,98.58333333333333
STAT_d812ffe286cc,강동구,구립안말경로당,풍성로45길 11,운영,2023,,12,2026-06-30,2023,,31.0,2023,2023-12-31,12,False,False,ok,,2.5833333333333335
STAT_f2873d5dd989,종로구,청운효자동 자치회관,자하문로19길 36,운영,2017,,19,2026-06-30,2024,0.28010821803303215,1969.0,2024,2024-12-31,12,False,False,ok,28.010821803303216,164.08333333333334
STAT_fc2a86ed1394,종로구,종로육아종합지원센터,성균관로1길 6-3,운영,2015,,19,2026-06-30,2024,,3157.0,2024,2024-12-31,12,False,False,ok,,263.0833333333333
STAT_0cd8a2d799e5,종로구,숭인1동 주민센터,지봉로 86,운영,2014,,19,2026-06-30,2024,,2110.0,2024,2024-12-31,12,False,False,ok,,175.83333333333334
STAT_c7e46abc1681,종로구,숭인제2동주민센터,종로65길 10,운영,2020,,12,2026-06-30,2024,,628.0,2024,2024-12-31,12,False,False,ok,,52.333333333333336
STAT_21a86d9f47ae,종로구,종로구민회관,지봉로5길 7-5,운영,2019,,12,2026-06-30,2024,,959.0,2024,2024-12-31,12,False,False,ok,,79.91666666666667
STAT_993b2f02ae9c,중구,약수동공영주차장,동호로8다길 22,철거,2017,2025,12,2026-06-30,2024,0.17610142302182555,1248.0,2024,2024-12-31,12,False,False,ok,17.610142302182556,104.0
STAT_faccecab1808,중구,버티 공영주차장,동호로17길 270,운영,2017,,19,2026-06-30,2024,,1892.0,2024,2024-12-31,12,False,False,ok,,157.66666666666666
STAT_54b150fff4fd,중구,장충체육관 후문,동호로 241,운영,2016,,19,2026-06-30,2024,,1530.0,2024,2024-12-31,12,False,False,ok,,127.5
STAT_b9f19c6dddd0,중구,약수교회 식당입구,다산로8길 32,철거,2014,2025,19,2026-06-30,2024,,1416.0,2024,2024-12-31,12,False,False,ok,,118.0
STAT_f8bb8db97063,중구,장충공영주차장,장충동2가 192-129,철거,2018,2024,12,2026-06-30,2024,,,2024,2024-12-31,12,False,False,ok,,
STAT_5f1ff7970896,중구,충현 공영주차장,동호로 11나길 47,철거,,2024,12,2026-06-30,2024,,,2024,2024-12-31,12,False,False,ok,,
STAT_438c9ca92101,중구,명동주민센터,퇴계로20나길 16,철거,2016,2024,19,2026-06-30,2024,,,2024,2024-12-31,12,False,False,ok,,
STAT_3b03968e50d1,중구,다산동공영주차장,동호로15길60,철거,,2022,12,2026-06-30,2024,,,2024,2024-12-31,12,False,False,ok,,
STAT_8249f19c6910,중구,충무창업큐브,광희동 퇴계로 265,운영,2023,,12,2026-06-30,2024,,112.0,2024,2024-12-31,12,False,False,ok,,9.333333333333334
STAT_1b5b79410bc5,용산구,보광동주민센터,장문로 95,운영,2020,,12,2026-06-30,2024,0.26792732144694853,715.0,2024,2024-12-31,12,False,False,ok,26.792732144694853,59.583333333333336
STAT_0f7ce7abe0cd,용산구,숙대 명재관 인근,효창원로86길 33,운영,2017,,19,2026-06-30,2024,,2190.0,2024,2024-12-31,12,False,False,ok,,182.5
STAT_4050d8fe3123,용산구,용산치안센터(2가동주민센터),신흥로 90,운영,2016,,19,2026-06-30,2024,,1549.0,2024,2024-12-31,12,False,False,ok,,129.08333333333334
STAT_e81e7c62c745,용산구,효창동주민센터,효창원로 161,운영,2016,,19,2026-06-30,2024,,1020.0,2024,2024-12-31,12,False,False,ok,,85.0
STAT_7b48b85b0312,용산구,한남동공영주차장,이태원로 224-19,운영,2016,,12,2026-06-30,2024,,1304.0,2024,2024-12-31,12,False,False,ok,,108.66666666666667
STAT_9b09f30c5033,용산구,용산구청후문,녹사평대로 150,운영,2013,,19,2026-06-30,2024,,2470.0,2024,2024-12-31,12,False,False,ok,,205.83333333333334
STAT_6d1860ea10b7,용산구,효창종합사회복지관,효창원로146-12,철거,,2023,19,2026-06-30,2024,,,2024,2024-12-31,12,False,False,ok,,
STAT_12ddd3aab93b,용산구,갈월종합사회복지관,두텁바위로 25,운영,2013,,26,2026-06-30,2024,,3555.0,2024,2024-12-31,12,False,False,ok,,296.25
STAT_1172c7332dcd,용산구,용산꿈나무종합타운,백범로 329,운영,2018,,12,2026-06-30,2024,,1192.0,2024,2024-12-31,12,False,False,ok,,99.33333333333333
STAT_29cac3c98c62,성동구,열린금호교육문화관,무수막길 69,운영,,,12,2026-06-30,2024,0.2129440503318277,911.0,2024,2024-12-31,12,False,False,ok,21.29440503318277,75.91666666666667
STAT_9d3fa2b69083,성동구,성수2가3동 공영주차장,광나루로 4가길 23,운영,2021,,12,2026-06-30,2024,,747.0,2024,2024-12-31,12,False,False,ok,,62.25
STAT_4b912f14f5db,성동구,용답공영주차장,용답 29길 22,철거,2020,2024,12,2026-06-30,2024,,,2024,2024-12-31,12,False,False,ok,,
STAT_943af5c9afc0,성동구,강변공영주차장,둘레길 47-5,철거,,2024,19,2026-06-30,2024,,,2024,2024-12-31,12,False,False,ok,,
STAT_641149cfb49b,성동구,하왕십리공영주차장,무학봉길 48,운영,,,12,2026-06-30,2024,,1083.0,2024,2024-12-31,12,False,False,ok,,90.25
STAT_bd325c0b6958,성동구,성동구민종합체육센터,왕십리로 89,운영,2017,,19,2026-06-30,2024,,2079.0,2024,2024-12-31,12,False,False,ok,,173.25
STAT_6baaa2d14df5,성동구,응봉동 공영주차장,독서당로63길 40,운영,2024,,12,2026-06-30,2024,,3.0,2024,2024-12-31,12,False,False,ok,,0.25
STAT_cc117a8e3400,성동구,성동구립도서관,고산자로10길 9,운영,2016,,26,2026-06-30,2024,,5485.0,2024,2024-12-31,12,False,False,ok,,457.0833333333333
STAT_9d29c73ae990,성동구,왕십리2동주민센터,무학봉15길 6,운영,2022,,12,2026-06-30,2024,,1023.0,2024,2024-12-31,12,False,False,ok,,85.25
STAT_9a738c1e0e95,성동구,사근동주민센터,사근동길 37,운영,2018,,12,2026-06-30,2024,,829.0,2024,2024-12-31,12,False,False,ok,,69.08333333333333
STAT_d34ef1e8269d,광진구,자양2동주민센터,자양로3가길 26,운영,2019,,12,2026-06-30,2024,0.2903419886134317,503.0,2024,2024-12-31,12,False,False,ok,29.034198861343167,41.916666666666664
STAT_3676629fc0b6,광진구,자양문화체육센터,뚝섬로52길 66,운영,2021,,19,2026-06-30,2024,,696.0,2024,2024-12-31,12,False,False,ok,,58.0
STAT_075189ed3cf4,광진구,군자동주민센터,면목로 13,운영,2022,,12,2026-06-30,2024,,700.0,2024,2024-12-31,12,False,False,ok,,58.333333333333336
STAT_b1db1e2faece,광진구,구의1동공영주차장,자양로18길 78,운영,,,19,2026-06-30,2024,,812.0,2024,2024-12-31,12,False,False,ok,,67.66666666666667
STAT_23649dd805e2,광진구,중곡감리교회,긴고랑로36길 56,철거,2017,2023,19,2026-06-30,2024,,,2024,2024-12-31,12,False,False,ok,,
STAT_758ff5ca6137,광진구,구의2동주택가 공동주차장,자양로 309,운영,2017,,19,2026-06-30,2024,,1996.0,2024,2024-12-31,12,False,False,ok,,166.33333333333334
STAT_e9bf395d37b8,광진구,자양종합사회복지관,자양번영로 35,운영,2016,,19,2026-06-30,2024,,2956.0,2024,2024-12-31,12,False,False,ok,,246.33333333333334
STAT_408bd0ac3797,광진구,중곡문화체육센터,능동로 433,운영,2016,,19,2026-06-30,2024,,2137.0,2024,2024-12-31,12,False,False,ok,,178.08333333333334
STAT_e55a66477e82,광진구,중곡종합건강센터,긴고랑로 110,운영,2016,,19,2026-06-30,2024,,2396.0,2024,2024-12-31,12,False,False,ok,,199.66666666666666
STAT_3acf37d271c1,광진구,화양동주민센터,능동로17길 39,운영,2015,,19,2026-06-30,2024,,2058.0,2024,2024-12-31,12,False,False,ok,,171.5
STAT_63bdb69c59a1,광진구,자양4동 주민센터,뚝섬로26길 58,운영,2014,,19,2026-06-30,2024,,2565.0,2024,2024-12-31,12,False,False,ok,,213.75
STAT_ca5751664bd1,광진구,동부여성발전센터,아차산로30길 36,운영,2014,,26,2026-06-30,2024,,2669.0,2024,2024-12-31,12,False,False,ok,,222.41666666666666
STAT_2b92845e04d7,광진구,중곡1동주민센터,긴고랑로12길 49,운영,2018,,12,2026-06-30,2024,,1223.0,2024,2024-12-31,12,False,False,ok,,101.91666666666667
STAT_cd0d76d74c3a,광진구,현대오일뱅크_중원주유소,동일로 398,철거,2019,2023,,2026-06-30,2024,,,2024,2024-12-31,12,False,False,ok,,
STAT_0c47cbd55ae6,광진구,광진경찰서,자양로 167,운영,2018,,12,2026-06-30,2024,,2024.0,2024,2024-12-31,12,False,False,ok,,168.66666666666666
STAT_eaa2d3d65362,동대문구,휘경동공영주차장,망우로12길 33,운영,2019,,19,2026-06-30,2024,0.3340328138002088,924.0,2024,2024-12-31,12,False,False,ok,33.403281380020886,77.0
STAT_d0f69a3385d2,동대문구,이문체육문화센터,한천로58길 81-49,운영,2022,,12,2026-06-30,2024,,637.0,2024,2024-12-31,12,False,False,ok,,53.083333333333336
STAT_8507bb784f10,동대문구,신한은행 외대역 지점,휘경로 23(이문동),철거,2019,2026,12,2026-06-30,2024,,2712.0,2024,2024-12-31,12,False,False,ok,,226.0
STAT_764b677382e5,동대문구,나사렛교회,전농로27길 42,철거,2017,2024,19,2026-06-30,2024,,,2024,2024-12-31,12,False,False,ok,,
STAT_30253358ff81,동대문구,장안2동 공영주차장,답십리로65길 124-5,운영,2017,,19,2026-06-30,2024,,2742.0,2024,2024-12-31,12,False,False,ok,,228.5
STAT_0e5791032abc,동대문구,동대문구청 종합민원실,천호대로 145,운영,2016,,19,2026-06-30,2024,,3812.0,2024,2024-12-31,12,False,False,ok,,317.6666666666667
STAT_d88bac6a8b15,동대문구,동대문종합사회복지관,약령시로5길 22,철거,2016,2023,19,2026-06-30,2024,,,2024,2024-12-31,12,False,False,ok,,
STAT_6bc8f8825cac,동대문구,회기동공영주차장,회기로25길 31,운영,2016,,12,2026-06-30,2024,,1502.0,2024,2024-12-31,12,False,False,ok,,125.16666666666667
STAT_a301e08fb187,동대문구,답십리도서관,서울시립대로4길 75,운영,2015,,19,2026-06-30,2024,,2586.0,2024,2024-12-31,12,False,False,ok,,215.5
STAT_3639fcc7ebce,동대문구,정보화도서관,회기로10길 60,운영,2013,,19,2026-06-30,2024,,3176.0,2024,2024-12-31,12,False,False,ok,,264.6666666666667
STAT_fb818619e613,동대문구,장안종합사회복지관,한천로18길 48,운영,2013,,26,2026-06-30,2024,,2754.0,2024,2024-12-31,12,False,False,ok,,229.5
STAT_95a09e290bd9,동대문구,답십리2청소년독서실,답십리로56길 15,운영,2022,,12,2026-06-30,2024,,412.0,2024,2024-12-31,12,False,False,ok,,34.333333333333336
STAT_cbdc9360c91f,중랑구,중화1치안센터,동일로 792,철거,2021,2024,19,2026-06-30,2024,0.34701437417320563,,2024,2024-12-31,12,False,False,ok,34.70143741732056,
STAT_6de60005fdc0,중랑구,면목4동주민센터,면목로 246,운영,2016,,19,2026-06-30,2024,,2858.0,2024,2024-12-31,12,False,False,ok,,238.16666666666666
STAT_0856c74ea1d5,중랑구,면목5동 주민센터,동일로 619,운영,2014,,19,2026-06-30,2024,,1804.0,2024,2024-12-31,12,False,False,ok,,150.33333333333334
STAT_bf8a83ad9ef3,중랑구,면목본동 주민센터,면목로 397,운영,2013,,33,2026-06-30,2024,,7217.0,2024,2024-12-31,12,False,False,ok,,601.4166666666666
STAT_6cb0a600e20f,중랑구,상봉1동주민센터,상봉중앙로1길 6,운영,2023,,19,2026-06-30,2024,,2051.0,2024,2024-12-31,12,False,False,ok,,170.91666666666666
STAT_28eb1a2300e8,중랑구,상봉2동주민센터,동일로 114길 10,운영,,,19,2026-06-30,2024,,1211.0,2024,2024-12-31,12,False,False,ok,,100.91666666666667
STAT_23e5d157fd2d,성북구,석관동주민센터,화랑로 296,운영,2019,,12,2026-06-30,2024,0.29702411758950276,1787.0,2024,2024-12-31,12,False,False,ok,29.702411758950277,148.91666666666666
STAT_7c3980948ba9,성북구,성북정릉감리교회,보국문로8길 23,철거,2022,2026,19,2026-06-30,2024,,117.0,2024,2024-12-31,12,False,False,ok,,9.75
STAT_db6096ed1b43,성북구,성북구립휘트니스센터,보문로29길 49,운영,2026,,19,2026-06-30,2024,,,2024,2024-12-31,12,False,False,ok,,
STAT_d02c85eb65b9,성북구,보문부모아이지원센터,지봉로24길 26,운영,2020,,12,2026-06-30,2024,,971.0,2024,2024-12-31,12,False,False,ok,,80.91666666666667
STAT_6a31f976acf1,성북구,제일빌딩,북악산로31길 8,운영,2017,,19,2026-06-30,2024,,794.0,2024,2024-12-31,12,False,False,ok,,66.16666666666667
STAT_63ba54a52163,성북구,성북희망나눔봉사센터,삼양로 20,운영,2016,,19,2026-06-30,2024,,2728.0,2024,2024-12-31,12,False,False,ok,,227.33333333333334
STAT_e667effbc8d6,성북구,안암교회,보문로30가길 41-6,운영,2015,,19,2026-06-30,2024,,1665.0,2024,2024-12-31,12,False,False,ok,,138.75
STAT_7e654d362a1a,성북구,성북청소년수련관,한천로 660-9,철거,2018,2023,12,2026-06-30,2024,,,2024,2024-12-31,12,False,False,ok,,
STAT_f5a46a229b66,성북구,아리랑 시네미디어센터,아리랑로 82,운영,2014,,19,2026-06-30,2024,,3519.0,2024,2024-12-31,12,False,False,ok,,293.25
STAT_3a978882743c,성북구,장위1동 주민센터,장위로 61,운영,2014,,19,2026-06-30,2024,,3356.0,2024,2024-12-31,12,False,False,ok,,279.6666666666667
STAT_11e6f823fec9,강북구,미아사거리역 1번출구,도봉로 50,운영,,,19,2026-06-30,2024,0.41212901827866916,4237.0,2024,2024-12-31,12,False,False,ok,41.212901827866915,353.0833333333333
STAT_a95f5efae027,강북구,강북노인종합복지회관,삼양로92길 40,철거,2017,2024,19,2026-06-30,2024,,,2024,2024-12-31,12,False,False,ok,,
STAT_df869c0261ad,강북구,솔밭근린공원 개방화장실,삼양로 561,운영,2016,,19,2026-06-30,2024,,3109.0,2024,2024-12-31,12,False,False,ok,,259.0833333333333
STAT_6cd2ae161b97,강북구,강북문화예술회관,삼각산로 85,철거,2016,2025,19,2026-06-30,2024,,997.0,2024,2024-12-31,12,False,False,ok,,83.08333333333333
STAT_8c9981ad567d,강북구,번동북부시장 북부마트,한천로123길 26,운영,2016,,19,2026-06-30,2024,,997.0,2024,2024-12-31,12,False,False,ok,,83.08333333333333
STAT_02ce211a73ff,강북구,수유역1번출구,도봉로 338,운영,2015,,19,2026-06-30,2024,,3407.0,2024,2024-12-31,12,False,False,ok,,283.9166666666667
STAT_6877775a2b50,강북구,미아동 복합청사,솔매로49길 14,운영,2014,,19,2026-06-30,2024,,3770.0,2024,2024-12-31,12,False,False,ok,,314.1666666666667
STAT_b9455df15715,강북구,강북구청 본관 입구,도봉로89길 13,철거,2014,2025,19,2026-06-30,2024,,3399.0,2024,2024-12-31,12,False,False,ok,,283.25
STAT_3462bd604e62,강북구,수유1동 주민센터,삼양로 299,운영,2013,,19,2026-06-30,2024,,4135.0,2024,2024-12-31,12,False,False,ok,,344.5833333333333
STAT_25c8fb76df82,도봉구,염광교회,도봉로120길 16,운영,2017,,19,2026-06-30,2024,0.30441041354293374,1214.0,2024,2024-12-31,12,False,False,ok,30.441041354293375,101.16666666666667
STAT_2d1a4ae7e6b6,도봉구,창3동 주민센터,덕릉로62길 89,운영,2017,,19,2026-06-30,2024,,1286.0,2024,2024-12-31,12,False,False,ok,,107.16666666666667
STAT_c44b7c117080,도봉구,도봉구민회관,도봉로 552,운영,2016,,19,2026-06-30,2024,,4630.0,2024,2024-12-31,12,False,False,ok,,385.8333333333333
STAT_889ddcfc8dad,도봉구,창동 도봉육아종합지원센터,우이천로4길 24-5,철거,2016,2024,12,2026-06-30,2024,,,2024,2024-12-31,12,False,False,ok,,
STAT_abdc15a2769f,도봉구,도봉서원종합사회복지관,마들로 668,운영,2014,,19,2026-06-30,2024,,1970.0,2024,2024-12-31,12,False,False,ok,,164.16666666666666
STAT_edd0ce707057,도봉구,방아골종합사회복지관,시루봉로17길 42,운영,2014,,19,2026-06-30,2024,,1135.0,2024,2024-12-31,12,False,False,ok,,94.58333333333333
STAT_db61cb773620,도봉구,창동역1번출구,마들로11길 77,철거,2013,2024,26,2026-06-30,2024,,,2024,2024-12-31,12,False,False,ok,,
STAT_bbe947b6127e,도봉구,도봉구민청,마들로 656,철거,,2022,,2026-06-30,2024,,,2024,2024-12-31,12,False,False,ok,,
STAT_f2e61d5d0c1c,도봉구,창1동제1공영주차장,도봉로112길 43,철거,2016,2023,,2026-06-30,2024,,,2024,2024-12-31,12,False,False,ok,,
STAT_9f573acbdc9c,도봉구,도봉1동주민센터,도봉로169나길 22,운영,2013,,19,2026-06-30,2024,,2140.0,2024,2024-12-31,12,False,False,ok,,178.33333333333334
STAT_f9c7836a82e2,도봉구,창2동 신창교회,덕릉로 247,운영,2018,,12,2026-06-30,2024,,1860.0,2024,2024-12-31,12,False,False,ok,,155.0
STAT_550e7be8d55a,노원구,공릉종합사회복지관,동일로 1127 공릉아파트,운영,2019,,12,2026-06-30,2024,0.3767305769726222,966.0,2024,2024-12-31,12,False,False,ok,37.673057697262216,80.5
STAT_973c52013a4d,노원구,상계문화정보도서관,동일로 243길 57,운영,2020,,19,2026-06-30,2024,,1556.0,2024,2024-12-31,12,False,False,ok,,129.66666666666666
STAT_607b1e6c65c7,노원구,상계2동주민센터,상계로 118,운영,2016,,19,2026-06-30,2024,,4187.0,2024,2024-12-31,12,False,False,ok,,348.9166666666667
STAT_c95c9f143485,노원구,"상계3,4동 주민센터",덕릉로 859,운영,2014,,19,2026-06-30,2024,,950.0,2024,2024-12-31,12,False,False,ok,,79.16666666666667
STAT_7139e11611c8,노원구,상계역 자전거대여소,상계로 190,운영,2014,,33,2026-06-30,2024,,6655.0,2024,2024-12-31,12,False,False,ok,,554.5833333333334
STAT_796f54c33f16,노원구,공릉 청소년문화정보센터,노원로1나길 10,운영,2013,,19,2026-06-30,2024,,3336.0,2024,2024-12-31,12,False,False,ok,,278.0
STAT_6a4e2e43208e,노원구,공릉1동 주민센터(노원),동일로186길 3-24,운영,,,19,2026-06-30,2024,,3063.0,2024,2024-12-31,12,False,False,ok,,255.25
STAT_a37f33e680d0,노원구,월계문화정보도서관,월계로 319,철거,2015,2023,19,2026-06-30,2024,,,2024,2024-12-31,12,False,False,ok,,
STAT_a66288880b6e,노원구,월계치안센터,석계로 93,철거,2018,2024,19,2026-06-30,2024,,,2024,2024-12-31,12,False,False,ok,,
STAT_3b4b3b6074fc,은평구,역촌동 주민센터,연서로 59,운영,2013,,19,2026-06-30,2024,0.3996259613058981,3831.0,2024,2024-12-31,12,False,False,ok,39.96259613058981,319.25
STAT_93f602e43c1c,은평구,갈현1동 주민센터,갈현로 301,운영,2013,,26,2026-06-30,2024,,2582.0,2024,2024-12-31,12,False,False,ok,,215.16666666666666
STAT_769ff5af10db,은평구,갈현청소년센터쉼쉼,통일로89길 6-20,운영,2020,,12,2026-06-30,2024,,469.0,2024,2024-12-31,12,False,False,ok,,39.083333333333336
STAT_56dbf40af347,은평구,연신내 지구대,갈현로 195,운영,2016,,19,2026-06-30,2024,,2324.0,2024,2024-12-31,12,False,False,ok,,193.66666666666666
STAT_5598f8ce4998,은평구,구산동주민센터,갈현로17길 10,운영,2015,,19,2026-06-30,2024,,2042.0,2024,2024-12-31,12,False,False,ok,,170.16666666666666
STAT_a0a6df8187c3,은평구,불광보건소,연서로 34길 11,철거,2016,2024,,2026-06-30,2024,,,2024,2024-12-31,12,False,False,ok,,
STAT_b967fdd81b04,은평구,시립은평청소년센터,백련산로4길 16,철거,,2022,,2026-06-30,2024,,,2024,2024-12-31,12,False,False,ok,,
STAT_700eff018d51,은평구,아인스하임,은평터널로7가길 8,철거,,2022,,2026-06-30,2024,,,2024,2024-12-31,12,False,False,ok,,
STAT_8420add40d30,은평구,신사종합사회복지관,은평로 38,운영,2014,,26,2026-06-30,2024,,4826.0,2024,2024-12-31,12,False,False,ok,,402.1666666666667
STAT_b7135035db3d,은평구,불광1동 치안센터,불광로 129,운영,2014,,19,2026-06-30,2024,,4271.0,2024,2024-12-31,12,False,False,ok,,355.9166666666667
STAT_36245c05dd5b,은평구,청년취업사관학교 은평캠퍼스,은평로 245,운영,2014,,19,2026-06-30,2024,,3841.0,2024,2024-12-31,12,False,False,ok,,320.0833333333333
STAT_ecbf63ad99b3,은평구,증산 정보도서관,증산로5길 6,철거,2013,2025,33,2026-06-30,2024,,6509.0,2024,2024-12-31,12,False,False,ok,,542.4166666666666
STAT_dba52d4dc13c,서대문구,청년누리,증가로4길 8-45,운영,2019,,12,2026-06-30,2024,0.270952525299939,2345.0,2024,2024-12-31,12,False,False,ok,27.095252529993903,195.41666666666666
STAT_3209c0b76906,서대문구,남가좌2동 제2공영주차장,명지대5길 10-8,운영,,,12,2026-06-30,2024,,588.0,2024,2024-12-31,12,False,False,ok,,49.0
STAT_6a637bb15cd7,서대문구,신한은행_남가좌동점,서대문구 수색로2길 36(남가좌동),운영,,,12,2026-06-30,2024,,831.0,2024,2024-12-31,12,False,True,source_conflict,,69.25
STAT_7e17681867dd,서대문구,신한은행 명지대 지점,거북골로 45(남가좌동),운영,2019,,12,2026-06-30,2024,,1835.0,2024,2024-12-31,12,False,False,ok,,152.91666666666666
STAT_cf3f5621fd55,서대문구,홍제3동 주민센터,세검정로4길 32,운영,2017,,12,2026-06-30,2024,,1554.0,2024,2024-12-31,12,False,False,ok,,129.5
STAT_31fbd643fef2,서대문구,홍은2동 주민센터,모래내로 334,운영,2017,,19,2026-06-30,2024,,1731.0,2024,2024-12-31,12,False,False,ok,,144.25
STAT_9a4437a9e8b3,서대문구,연희동주민센터,연희로 189,운영,2016,,19,2026-06-30,2024,,1565.0,2024,2024-12-31,12,False,False,ok,,130.41666666666666
STAT_1646029bae43,서대문구,홍은1동주민센터,홍은중앙로 85,운영,,,19,2026-06-30,2024,,1584.0,2024,2024-12-31,12,False,False,ok,,132.0
STAT_cba02c66855e,서대문구,신한은행_연희동점,서대문구 연희맛로 28,운영,2022,,12,2026-06-30,2024,,691.0,2024,2024-12-31,12,False,False,ok,,57.583333333333336
STAT_80e4ea4955e4,서대문구,서부제일교회 어린이도서관,가좌로 154,철거,2014,2025,12,2026-06-30,2024,,319.0,2024,2024-12-31,12,False,False,ok,,26.583333333333332
STAT_1ea51086c56a,서대문구,봉원교회 북카페 옆,봉원사2길 13,운영,2013,,12,2026-06-30,2024,,791.0,2024,2024-12-31,12,False,False,ok,,65.91666666666667
STAT_1e917029efef,서대문구,북아현동 주민센터,북아현로 24,운영,2013,,26,2026-06-30,2024,,4873.0,2024,2024-12-31,12,False,False,ok,,406.0833333333333
STAT_a3f8e0e054fd,서대문구,충현동주민센터,북아현로22길 38,운영,2018,,12,2026-06-30,2024,,1182.0,2024,2024-12-31,12,False,False,ok,,98.5
STAT_8dec4790137f,마포구,서교동교회,잔다리로6길 11,운영,2019,,12,2026-06-30,2024,0.30215427666223377,713.0,2024,2024-12-31,12,False,False,ok,30.215427666223377,59.416666666666664
STAT_8d6147041bce,마포구,성산1동주민센터,성산로 4길 15,운영,2019,,12,2026-06-30,2024,,509.0,2024,2024-12-31,12,False,False,ok,,42.416666666666664
STAT_98a0f41ef8d7,마포구,대흥동주민센터,신촌로26길 10,운영,2013,,19,2026-06-30,2024,,3259.0,2024,2024-12-31,12,False,False,ok,,271.5833333333333
STAT_034d63886258,마포구,망원2동 치안센터,월드컵로31길 18,운영,2021,,19,2026-06-30,2024,,1946.0,2024,2024-12-31,12,False,False,ok,,162.16666666666666
STAT_7481b259a196,마포구,서현교회,잔다리로7길 31,운영,2021,,19,2026-06-30,2024,,3284.0,2024,2024-12-31,12,False,False,ok,,273.6666666666667
STAT_02ba68e25318,마포구,동교치안센터,신촌로2안길 27,운영,2021,,12,2026-06-30,2024,,1446.0,2024,2024-12-31,12,False,False,ok,,120.5
STAT_7ab19dc12969,마포구,서강동주민센터,독막로 165,운영,2020,,12,2026-06-30,2024,,429.0,2024,2024-12-31,12,False,False,ok,,35.75
STAT_835a682c24e1,마포구,상암동주민센터후문,매봉산로2길 16,운영,,,19,2026-06-30,2024,,804.0,2024,2024-12-31,12,False,False,ok,,67.0
STAT_0bd5f0eb3d10,마포구,신수동주민센터,독막로 192,운영,2017,,19,2026-06-30,2024,,2009.0,2024,2024-12-31,12,False,False,ok,,167.41666666666666
STAT_deffabebbf77,마포구,성산2동주민센터,월드컵북로30길 22,운영,2016,,19,2026-06-30,2024,,1578.0,2024,2024-12-31,12,False,False,ok,,131.5
STAT_05cc498bda2e,마포구,연남동희망원룸주택,성미산로17길 79,운영,2015,,19,2026-06-30,2024,,1375.0,2024,2024-12-31,12,False,False,ok,,114.58333333333333
STAT_5c94fea8d4e9,마포구,상암동 제1공영주차장,성암로 197,운영,2014,,19,2026-06-30,2024,,3806.0,2024,2024-12-31,12,False,False,ok,,317.1666666666667
STAT_9d348c728bd6,마포구,마포아트센터,대흥로20길 28,운영,2014,,19,2026-06-30,2024,,2591.0,2024,2024-12-31,12,False,False,ok,,215.91666666666666
STAT_fac888c0d055,마포구,연남동 주민커뮤니티센터,동교로41길 36,운영,2013,,26,2026-06-30,2024,,3158.0,2024,2024-12-31,12,False,False,ok,,263.1666666666667
STAT_6d6e701f1594,마포구,도화동 주민센터,도화길 37,운영,2013,,26,2026-06-30,2024,,5011.0,2024,2024-12-31,12,False,False,ok,,417.5833333333333
STAT_39d0f0d3901b,양천구,신월1동 청소년독서실,남부순환로59길 8,철거,,2024,12,2026-06-30,2024,0.3733357591389176,,2024,2024-12-31,12,False,False,ok,37.33357591389176,
STAT_23de841d5965,양천구,양천나눔누리센터,중앙로 250,운영,2017,,19,2026-06-30,2024,,5132.0,2024,2024-12-31,12,False,False,ok,,427.6666666666667
STAT_2d04eb775967,양천구,목동실버복지문화센터,목동중앙로3길 21,운영,2016,,19,2026-06-30,2024,,2754.0,2024,2024-12-31,12,False,False,ok,,229.5
STAT_5e1b65d10f0f,양천구,신월3동주민센터,남부순환로54길 5,운영,2016,,19,2026-06-30,2024,,2319.0,2024,2024-12-31,12,False,False,ok,,193.25
STAT_7cde1368b8b0,양천구,신정4동주민센터,오목로34길 5,운영,2016,,19,2026-06-30,2024,,3640.0,2024,2024-12-31,12,False,False,ok,,303.3333333333333
STAT_ca4ba4317e97,양천구,목동문화체육센터,목동중앙본로 73,운영,2015,,19,2026-06-30,2024,,2540.0,2024,2024-12-31,12,False,False,ok,,211.66666666666666
STAT_f11098cfa848,양천구,신월문화체육센터,지양로 47,운영,2014,,19,2026-06-30,2024,,2062.0,2024,2024-12-31,12,False,False,ok,,171.83333333333334
STAT_e0ecb8e2972b,양천구,신월5동주민센터,화곡로4길 10,운영,2014,,19,2026-06-30,2024,,1300.0,2024,2024-12-31,12,False,False,ok,,108.33333333333333
STAT_e1de30daf002,양천구,신월4동주민센터,오목로5길 34,운영,2013,,19,2026-06-30,2024,,1618.0,2024,2024-12-31,12,False,False,ok,,134.83333333333334
STAT_b88d8a60bdf8,양천구,목3동 주민센터,목동중앙남로16나길 55,운영,2013,,19,2026-06-30,2024,,2459.0,2024,2024-12-31,12,False,False,ok,,204.91666666666666
STAT_ddedb1f16494,양천구,경창시장고객주차장,신월동 446-3,철거,,2023,,2026-06-30,2024,,,2024,2024-12-31,12,False,False,ok,,
STAT_06696991c883,양천구,목동보건지소,목동중앙본로7가길 11,운영,2018,,12,2026-06-30,2024,,1348.0,2024,2024-12-31,12,False,False,ok,,112.33333333333333
STAT_99c35e6d1838,강서구,화곡2동주민센터,곰달래로37길 13,운영,2021,,12,2026-06-30,2024,0.2826291669767242,446.0,2024,2024-12-31,12,False,False,ok,28.26291669767242,37.166666666666664
STAT_7d8d8d33828e,강서구,길꽃어린이도서관,금낭화로24길 5,운영,2019,,12,2026-06-30,2024,,735.0,2024,2024-12-31,12,False,False,ok,,61.25
STAT_7a8f5894fece,강서구,화곡8동 주민센터,곰달래로25길 45,운영,2017,,19,2026-06-30,2024,,2170.0,2024,2024-12-31,12,False,False,ok,,180.83333333333334
STAT_5c873e7265ba,강서구,가로공원공영주차장1번출구,가로공원로 189,운영,2016,,19,2026-06-30,2024,,1908.0,2024,2024-12-31,12,False,False,ok,,159.0
STAT_4318d33b4163,강서구,화곡 6-1 공영주차장,우장산로 114,운영,2015,,19,2026-06-30,2024,,2943.0,2024,2024-12-31,12,False,False,ok,,245.25
STAT_d6a3c7b99c3c,강서구,화곡 3-1 공영주차장,화곡로15길 40,운영,2014,,19,2026-06-30,2024,,2026.0,2024,2024-12-31,12,False,False,ok,,168.83333333333334
STAT_638d593500cd,강서구,화곡 1-1 공영주차장,곰달래로15길 28,운영,2014,,19,2026-06-30,2024,,1032.0,2024,2024-12-31,12,False,False,ok,,86.0
STAT_f6e9b8766022,강서구,내발산동 문화센터,강서로52길 89,운영,2014,,19,2026-06-30,2024,,3601.0,2024,2024-12-31,12,False,False,ok,,300.0833333333333
STAT_fb84bfad2874,강서구,곰달래복지문화센터,강서로5길 50,운영,2013,,26,2026-06-30,2024,,2238.0,2024,2024-12-31,12,False,False,ok,,186.5
STAT_9e82a3101669,강서구,화곡4동 주민센터,곰달래로57가길 26,운영,2013,,26,2026-06-30,2024,,3425.0,2024,2024-12-31,12,False,False,ok,,285.4166666666667
STAT_dbbb210dd022,강서구,볏골공원공영주차장,까치산로4길 22,운영,2013,,26,2026-06-30,2024,,2874.0,2024,2024-12-31,12,False,False,ok,,239.5
STAT_f80238d23915,강서구,공항동 주민센터,송정로 45,운영,2013,,26,2026-06-30,2024,,1783.0,2024,2024-12-31,12,False,False,ok,,148.58333333333334
STAT_adbd014f8e18,강서구,발산1동주민센터,강서로47길 54,운영,2018,,19,2026-06-30,2024,,2241.0,2024,2024-12-31,12,False,False,ok,,186.75
STAT_0ffcc957b341,강서구,신방화역환승주차장,마곡서1로 111-12,운영,2021,,19,2026-06-30,2024,,2184.0,2024,2024-12-31,12,False,False,ok,,182.0
STAT_0f9c71f4ccd3,구로구,가리봉동주민센터,우마2길 35,철거,,2024,12,2026-06-30,2024,0.28007948356244705,,2024,2024-12-31,12,False,False,ok,28.007948356244704,
STAT_cda1caae8d02,구로구,구로구 시설관리공단,구로동로26길 54,철거,2017,2025,19,2026-06-30,2024,,639.0,2024,2024-12-31,12,False,False,ok,,53.25
STAT_97228c730102,구로구,서울교통공사대림별관,도림천로 352,운영,2016,,12,2026-06-30,2024,,1907.0,2024,2024-12-31,12,False,False,ok,,158.91666666666666
STAT_f5eb496803e2,구로구,온수동_공용이용시설,부일로1길 62,철거,2015,2024,19,2026-06-30,2024,,,2024,2024-12-31,12,False,False,ok,,
STAT_afbd363d78f9,구로구,구로역1번출구 NC백화점,구로중앙로 174,운영,2014,,19,2026-06-30,2024,,2345.0,2024,2024-12-31,12,False,False,ok,,195.41666666666666
STAT_717d49403232,구로구,구로구민회관,가마산로25길 21,운영,2014,,19,2026-06-30,2024,,1872.0,2024,2024-12-31,12,False,False,ok,,156.0
STAT_4c67d6d0cf6c,구로구,궁동종합사회복지관,오리로22길 5,철거,2014,2023,,2026-06-30,2024,,,2024,2024-12-31,12,False,False,ok,,
STAT_8a9ec9230ef3,구로구,동양미래대학교 기숙사,중앙로 10-5,철거,,2022,,2026-06-30,2024,,,2024,2024-12-31,12,False,False,ok,,
STAT_bb1c499a038e,구로구,구로2동주민센터앞,구로동로 141,운영,2013,,19,2026-06-30,2024,,1799.0,2024,2024-12-31,12,False,False,ok,,149.91666666666666
STAT_d5563d8ce2f2,구로구,현대오일뱅크_구로셀프주유소,조원로12길 25,철거,2019,2022,,2026-06-30,2024,,,2024,2024-12-31,12,False,False,ok,,
STAT_2e1abbb34621,구로구,구로구민 체육센터,고척로45길 36,운영,2013,,19,2026-06-30,2024,,248.0,2024,2024-12-31,12,False,False,ok,,20.666666666666668
STAT_d342021478da,구로구,오류1동텃골공영주차장,경인로15길 22,운영,2018,,19,2026-06-30,2024,,3370.0,2024,2024-12-31,12,False,False,ok,,280.8333333333333
STAT_770a0515628d,금천구,독산2동주민센터,독산로 179,운영,2019,,12,2026-06-30,2024,0.2530637684763614,1613.0,2024,2024-12-31,12,False,False,ok,25.30637684763614,134.41666666666666
STAT_f53a3d3b4ca0,금천구,청춘삘딩,시흥대로138길 10-11,철거,,2024,12,2026-06-30,2024,,,2024,2024-12-31,12,False,False,ok,,
STAT_4edeb9204c20,금천구,신한은행_디지털라운지,금천구 시흥대로 97(시흥동),철거,,2024,12,2026-06-30,2024,,,2024,2024-12-31,12,False,False,ok,,
STAT_951c2981ecd6,금천구,신한은행_금천점,금천구 금하로 747-1(시흥동),운영,,,12,2026-06-30,2024,,838.0,2024,2024-12-31,12,False,False,ok,,69.83333333333333
STAT_d6b3bad180a2,금천구,시흥4동 주민센터,독산로36길 14,운영,2014,,19,2026-06-30,2024,,2829.0,2024,2024-12-31,12,False,False,ok,,235.75
STAT_5ae25e4d56ee,금천구,금천호암노인복지관,독산로72길 86-5,철거,2013,2025,12,2026-06-30,2024,,227.0,2024,2024-12-31,12,False,False,ok,,18.916666666666668
STAT_f2fef42db86a,금천구,시흥3동 주민센터,시흥대로18길 40,운영,2013,,19,2026-06-30,2024,,1751.0,2024,2024-12-31,12,False,False,ok,,145.91666666666666
STAT_f5261bc0d7fa,금천구,독산1동주민센터,시흥대로123길 11,운영,2013,,26,2026-06-30,2024,,2641.0,2024,2024-12-31,12,False,False,ok,,220.08333333333334
STAT_bcf74284cb91,금천구,금빛휘트니스센터,금하로668 금빛공원,철거,2017,2023,19,2026-06-30,2024,,,2024,2024-12-31,12,False,False,ok,,
STAT_936b450d3897,금천구,금천구청,시흥대로73길 70,운영,2018,,19,2026-06-30,2024,,1568.0,2024,2024-12-31,12,False,False,ok,,130.66666666666666
STAT_2cb38fb629a9,영등포구,영등포청소년상담복지센터,도영로22길 36,철거,,2024,12,2026-06-30,2024,0.33254411207619455,,2024,2024-12-31,12,False,False,ok,33.254411207619455,
STAT_ac0e67648966,영등포구,영등포 제1스포츠센터,신풍로 1,운영,2013,,19,2026-06-30,2024,,1744.0,2024,2024-12-31,12,False,False,ok,,145.33333333333334
STAT_cf76a9f31288,영등포구,신길6동복지관,대방천로 193,운영,,,12,2026-06-30,2024,,1121.0,2024,2024-12-31,12,False,False,ok,,93.41666666666667
STAT_33df9863f186,영등포구,영등포 평생학습관,버드나루로15길 10,운영,2017,,12,2026-06-30,2024,,1902.0,2024,2024-12-31,12,False,False,ok,,158.5
STAT_a60db2ab9433,영등포구,영등포본동주민센터,신길로61길 17,운영,2016,,19,2026-06-30,2024,,3781.0,2024,2024-12-31,12,False,False,ok,,315.0833333333333
STAT_5382f3a621ba,영등포구,신길4동1동1마을공영주차장,신길로40길 5,운영,2016,,19,2026-06-30,2024,,2360.0,2024,2024-12-31,12,False,False,ok,,196.66666666666666
STAT_320997c6f358,영등포구,신길7동 주민센터,여의대방로43길 10,운영,2015,,19,2026-06-30,2024,,2335.0,2024,2024-12-31,12,False,False,ok,,194.58333333333334
STAT_e3d3a1ede407,영등포구,도림동 주민센터,도영로7길 10,운영,2014,,19,2026-06-30,2024,,1813.0,2024,2024-12-31,12,False,False,ok,,151.08333333333334
STAT_a835274b8243,영등포구,다사랑어린이공원(경로당),대림로23가길 5,운영,2013,,12,2026-06-30,2024,,541.0,2024,2024-12-31,12,False,False,ok,,45.083333333333336
STAT_882f7d1a36f1,영등포구,신길1동 주민센터,영등포로84길 24-5,운영,2013,,19,2026-06-30,2024,,2830.0,2024,2024-12-31,12,False,False,ok,,235.83333333333334
STAT_73ecd7c0cbc7,영등포구,대림도서관,도신로 27,운영,2013,,26,2026-06-30,2024,,1859.0,2024,2024-12-31,12,False,False,ok,,154.91666666666666
STAT_e31f089e2af8,영등포구,그린케어센터,당산로29길 9,운영,2013,,19,2026-06-30,2024,,3591.0,2024,2024-12-31,12,False,False,ok,,299.25
STAT_dc9c9cf7c202,동작구,스페이스살림,노량진로 10,운영,2021,,19,2026-06-30,2024,0.2934586554603453,2684.0,2024,2024-12-31,12,False,False,ok,29.345865546034528,223.66666666666666
STAT_c5df9c17d8f5,동작구,사당종합체육관,사당로27길 232,운영,2022,,12,2026-06-30,2024,,645.0,2024,2024-12-31,12,False,False,ok,,53.75
STAT_836471fef345,동작구,신한은행 숭실대역 지점,상도로37길 76 (상도동),운영,2019,,12,2026-06-30,2024,,551.0,2024,2024-12-31,12,False,False,ok,,45.916666666666664
STAT_ba2e73e2c8ad,동작구,순만빌딩,노량진로 169,운영,2017,,19,2026-06-30,2024,,2627.0,2024,2024-12-31,12,False,False,ok,,218.91666666666666
STAT_996f07c4ece7,동작구,사당문화회관,사당로8길 9,운영,2016,,19,2026-06-30,2024,,2592.0,2024,2024-12-31,12,False,False,ok,,216.0
STAT_bf55db69f366,동작구,상도1동주민센터,상도로53길 9,운영,2016,,19,2026-06-30,2024,,3156.0,2024,2024-12-31,12,False,False,ok,,263.0
STAT_da0f3a674fb7,동작구,예그리나주택,국사봉8길 47,철거,2015,2025,19,2026-06-30,2024,,639.0,2024,2024-12-31,12,False,False,ok,,53.25
STAT_9227ed4259f5,동작구,강남교회 교육관,만양로 76,운영,2014,,19,2026-06-30,2024,,1996.0,2024,2024-12-31,12,False,False,ok,,166.33333333333334
STAT_e3a9ba06c7fd,동작구,동작청소년센터,상도로15바길 5,운영,2014,,19,2026-06-30,2024,,1426.0,2024,2024-12-31,12,False,False,ok,,118.83333333333333
STAT_594cee10f6bf,동작구,kb국민은행 동작구청지점,장승배기로 161,운영,2013,,47,2026-06-30,2024,,7121.0,2024,2024-12-31,12,False,False,ok,,593.4166666666666
STAT_6db9bba2b70d,동작구,사당노인종합복지관,남부순환로 2081,운영,2013,,19,2026-06-30,2024,,2316.0,2024,2024-12-31,12,False,False,ok,,193.0
STAT_590aa89b66f6,동작구,상도3동 주민센터,성대로2길 11,운영,2013,,33,2026-06-30,2024,,4308.0,2024,2024-12-31,12,False,False,ok,,359.0
STAT_c90e70b29716,동작구,신대방해피점,신대방1나길 26,철거,,2026,12,2026-06-30,2024,,740.0,2024,2024-12-31,12,False,False,ok,,61.666666666666664
STAT_5120b86a6b6f,동작구,현대오일뱅크_사당셀프주유소,동작대로 73,운영,2019,,12,2026-06-30,2024,,1722.0,2024,2024-12-31,12,False,False,ok,,143.5
STAT_fe6f6bc2a124,관악구,미성체육관,난우16길 37,운영,2023,,12,2026-06-30,2024,0.29956573173527196,535.0,2024,2024-12-31,12,False,False,ok,29.956573173527197,44.583333333333336
STAT_56299bc63850,관악구,신한은행_신림역,관악구 신림동 남부순환로 1590,운영,2022,,12,2026-06-30,2024,,1554.0,2024,2024-12-31,12,False,False,ok,,129.5
STAT_1d3fb4e138cc,관악구,신한은행 (구)봉천서 지점,은천로 110 (봉천동),운영,2019,,12,2026-06-30,2024,,1405.0,2024,2024-12-31,12,False,False,ok,,117.08333333333333
STAT_936f209efdf3,관악구,신한은행 신림대학동 지점,호암로26길 58 대학동 (신림동),철거,2019,2024,12,2026-06-30,2024,,,2024,2024-12-31,12,False,False,ok,,
STAT_26ef031f14e0,관악구,서원동주민센터,신림로 282,운영,2017,,19,2026-06-30,2024,,3473.0,2024,2024-12-31,12,False,False,ok,,289.4166666666667
STAT_ac86c63305db,관악구,관악청소년회관,신림로23길 17,운영,2016,,26,2026-06-30,2024,,3484.0,2024,2024-12-31,12,False,False,ok,,290.3333333333333
STAT_b41f016635ef,관악구,인헌동주민센터,남부순환로246가길 20,운영,2016,,19,2026-06-30,2024,,3219.0,2024,2024-12-31,12,False,False,ok,,268.25
STAT_74d2efca893f,관악구,남현동 주민센터,남현1가길 29,운영,2014,,19,2026-06-30,2024,,2006.0,2024,2024-12-31,12,False,False,ok,,167.16666666666666
STAT_aa17782bb666,관악구,청룡동 주민센터,쑥고개로 44,운영,2014,,19,2026-06-30,2024,,1824.0,2024,2024-12-31,12,False,False,ok,,152.0
STAT_739bf0c4ecec,관악구,조원동주민센터,조원로12길 25,운영,2013,,19,2026-06-30,2024,,1994.0,2024,2024-12-31,12,False,False,ok,,166.16666666666666
STAT_b0a304140bbb,관악구,신사동자치회관,조원로 151-1,운영,2013,,26,2026-06-30,2024,,1941.0,2024,2024-12-31,12,False,False,ok,,161.75
STAT_760a24d827b5,관악구,행운동주민센터,행운1길 43,운영,2013,,26,2026-06-30,2024,,5061.0,2024,2024-12-31,12,False,False,ok,,421.75
STAT_b467abb13ad2,관악구,미성동자치회관,난곡로 52길 16,철거,,2023,,2026-06-30,2024,,,2024,2024-12-31,12,False,False,ok,,
STAT_cb297e1d13e2,관악구,관악구청,관악로 145,운영,2018,,19,2026-06-30,2024,,3316.0,2024,2024-12-31,12,False,False,ok,,276.3333333333333
STAT_f1828ad4a155,관악구,국사봉 체육관,국회단지길 144 51,운영,2024,,,2026-06-30,2024,,24.0,2024,2024-12-31,12,False,False,ok,,2.0
STAT_fd7dad718d33,관악구,신림여성회관,대학길 64,운영,2018,,12,2026-06-30,2024,,962.0,2024,2024-12-31,12,False,False,ok,,80.16666666666667
STAT_ed2495e74c89,관악구,현대오일뱅크_관악셀프주유소,남부순환로 1520,철거,2019,2024,12,2026-06-30,2024,,,2024,2024-12-31,12,False,False,ok,,
STAT_e2c06f7250be,서초구,양재1동민원분소,남부순환로 2610,운영,2020,,12,2026-06-30,2024,0.3440869430404586,1541.0,2024,2024-12-31,12,False,False,ok,34.40869430404586,128.41666666666666
STAT_5f1d756f00d5,서초구,양재2동주민센터,강남대로12길 44,운영,2015,,19,2026-06-30,2024,,3169.0,2024,2024-12-31,12,False,False,ok,,264.0833333333333
STAT_465a64adf765,서초구,언구비 공영주차장,강남대로83길 55,운영,,,19,2026-06-30,2024,,3277.0,2024,2024-12-31,12,False,False,ok,,273.0833333333333
STAT_1c2f11d66857,서초구,방배열린문화센터,방배로 173,운영,2014,,19,2026-06-30,2024,,4113.0,2024,2024-12-31,12,False,False,ok,,342.75
STAT_18a2f9da394e,서초구,방배2동 주민센터,청두곶길 36,운영,2014,,19,2026-06-30,2024,,1551.0,2024,2024-12-31,12,False,False,ok,,129.25
STAT_fc2875410dda,서초구,방음언덕형 공영주차장,주흥3길 34,철거,,2023,,2026-06-30,2024,,,2024,2024-12-31,12,False,False,ok,,
STAT_c30d9a40d4f3,서초구,양재공영주차장,양재천로 125-10,운영,,,,2026-06-30,2024,,245.0,2024,2024-12-31,12,False,False,ok,,20.416666666666668
STAT_dc1b29d184b4,서초구,서초꿈나무라이온스 보금자리,언남10길 48,운영,2013,,12,2026-06-30,2024,,1147.0,2024,2024-12-31,12,False,False,ok,,95.58333333333333
STAT_85943aef4c38,강남구,역삼청소년수련관,논현로64길 7,운영,2019,,12,2026-06-30,2024,0.37621225733719815,991.0,2024,2024-12-31,12,False,False,ok,37.62122573371982,82.58333333333333
STAT_6518099b70e6,강남구,대치2동 주민센터,영동대로65길 24,운영,2017,,19,2026-06-30,2024,,3812.0,2024,2024-12-31,12,False,False,ok,,317.6666666666667
STAT_2b28404d36cc,강남구,도곡1동 주민센터,도곡로18길 57,운영,2017,,19,2026-06-30,2024,,1837.0,2024,2024-12-31,12,False,False,ok,,153.08333333333334
STAT_62092e77fe91,강남구,논현1동주민센터,학동로20길 25,운영,2015,,19,2026-06-30,2024,,2491.0,2024,2024-12-31,12,False,False,ok,,207.58333333333334
STAT_e06c1f8676b7,강남구,대치4동 주민센터,도곡로77길 23,운영,2014,,47,2026-06-30,2024,,8567.0,2024,2024-12-31,12,False,False,ok,,713.9166666666666
STAT_3dc9d927646b,강남구,도곡2동주민센터,남부순환로378길 34-9,운영,2013,,26,2026-06-30,2024,,4867.0,2024,2024-12-31,12,False,False,ok,,405.5833333333333
STAT_178da6eefa25,강남구,일원1동주민센터,양재대로55길 14,철거,2018,2023,19,2026-06-30,2024,,,2024,2024-12-31,12,False,False,ok,,
STAT_03addec1b766,강남구,역삼1동 주민센터,역삼로7길 16,운영,2020,,19,2026-06-30,2024,,3016.0,2024,2024-12-31,12,False,False,ok,,251.33333333333334
STAT_9dcc8bc338db,강남구,현대오일뱅크_신사현대점,도산대로 163,철거,2019,2025,12,2026-06-30,2024,,754.0,2024,2024-12-31,12,False,False,ok,,62.833333333333336
STAT_fdc8088d2280,송파구,가락2동치안센터,오금로46길 55,운영,,,12,2026-06-30,2024,0.4243499534313424,1008.0,2024,2024-12-31,12,False,False,ok,42.43499534313424,84.0
STAT_c6fcda5233f0,송파구,삼전지구대,백제고분로 238,운영,2021,,12,2026-06-30,2024,,1774.0,2024,2024-12-31,12,False,False,ok,,147.83333333333334
STAT_3d8d555688c0,송파구,장지동 주민센터,새말로19길 6,철거,2017,2025,19,2026-06-30,2024,,1751.0,2024,2024-12-31,12,False,False,ok,,145.91666666666666
STAT_dd23b99ed730,송파구,거여2동주민센터,거마로2길 19,운영,2016,,19,2026-06-30,2024,,2781.0,2024,2024-12-31,12,False,False,ok,,231.75
STAT_a95b9e0fb955,송파구,마천2동주민센터,마천로 287,운영,2021,,19,2026-06-30,2024,,4445.0,2024,2024-12-31,12,False,False,ok,,370.4166666666667
STAT_90806d728341,송파구,석촌동주민센터,백제고분로37길 16,운영,2015,,19,2026-06-30,2024,,4497.0,2024,2024-12-31,12,False,False,ok,,374.75
STAT_214fb25fa781,송파구,송파노인종합복지관,백제고분로32길 41,운영,2014,,19,2026-06-30,2024,,2217.0,2024,2024-12-31,12,False,False,ok,,184.75
STAT_5e9e07ce50c5,송파구,여의도 순복음송파교회,마천로 17,운영,2014,,19,2026-06-30,2024,,3115.0,2024,2024-12-31,12,False,False,ok,,259.5833333333333
STAT_bee805484f91,송파구,송파여성 문화회관,백제고분로42길 5,운영,2013,,33,2026-06-30,2024,,7584.0,2024,2024-12-31,12,False,False,ok,,632.0
STAT_3e86236a82a9,송파구,거여1동주민센터,오금로53길 32,운영,2013,,19,2026-06-30,2024,,1418.0,2024,2024-12-31,12,False,False,ok,,118.16666666666667
STAT_f7f629d29cd0,송파구,문정1동 주민센터,동남로 116,운영,2018,,19,2026-06-30,2024,,3483.0,2024,2024-12-31,12,False,False,ok,,290.25
STAT_21833b1ab987,강동구,강동구 평생학습관(명일동 공영주차장),구천면로 395,운영,,,12,2026-06-30,2024,0.3619097405878039,2859.0,2024,2024-12-31,12,False,False,ok,36.19097405878039,238.25
STAT_43f52127c80f,강동구,천호 청소년 문화의집,천중로 61,운영,2023,,12,2026-06-30,2024,,321.0,2024,2024-12-31,12,False,False,ok,,26.75
STAT_72c009707087,강동구,둔촌역전통시장공영주차장,성내동 417-34,운영,2021,,19,2026-06-30,2024,,1051.0,2024,2024-12-31,12,False,False,ok,,87.58333333333333
STAT_7e6e3efd79db,강동구,2001아울렛천호점,구천면로 189,철거,2016,2026,19,2026-06-30,2024,,1288.0,2024,2024-12-31,12,False,False,ok,,107.33333333333333
STAT_d00fab07a6f6,강동구,강일동주민센터,아리수로93길 9-14,운영,2026,,19,2026-06-30,2024,,,2024,2024-12-31,12,False,False,ok,,
STAT_debabdac3ce2,강동구,길동주민센터,길동 228-10,운영,2015,,12,2026-06-30,2024,,2038.0,2024,2024-12-31,12,False,False,ok,,169.83333333333334
STAT_5049cc7dcee3,강동구,성내1동 주민센터,성내로 13,운영,2014,,19,2026-06-30,2024,,3510.0,2024,2024-12-31,12,False,False,ok,,292.5
STAT_3bf669c51a40,강동구,암사2동 주민센터,상암로3길 28,운영,2014,,19,2026-06-30,2024,,4046.0,2024,2024-12-31,12,False,False,ok,,337.1666666666667
STAT_7b79614c1bf0,강동구,강동구민회관,상암로 168,운영,2014,,19,2026-06-30,2024,,4184.0,2024,2024-12-31,12,False,False,ok,,348.6666666666667
STAT_a6d8c6945079,강동구,강동구립암사도서관,고덕로20길 42,운영,2013,,19,2026-06-30,2024,,2305.0,2024,2024-12-31,12,False,False,ok,,192.08333333333334
STAT_0e13e54ef4ed,강동구,강동구립해공도서관,올림픽로 702,운영,2021,,12,2026-06-30,2024,,1227.0,2024,2024-12-31,12,False,False,ok,,102.25
STAT_d812ffe286cc,강동구,구립안말경로당,풍성로45길 11,운영,2023,,12,2026-06-30,2024,,107.0,2024,2024-12-31,12,False,False,ok,,8.916666666666666
STAT_f2873d5dd989,종로구,청운효자동 자치회관,자하문로19길 36,운영,2017,,19,2026-06-30,2025,0.2654482644784003,2045.0,2025,2025-12-31,12,False,False,ok,26.54482644784003,170.41666666666666
STAT_fc2a86ed1394,종로구,종로육아종합지원센터,성균관로1길 6-3,운영,2015,,19,2026-06-30,2025,,2733.0,2025,2025-12-31,12,False,False,ok,,227.75
STAT_0cd8a2d799e5,종로구,숭인1동 주민센터,지봉로 86,운영,2014,,19,2026-06-30,2025,,2230.0,2025,2025-12-31,12,False,False,ok,,185.83333333333334
STAT_c7e46abc1681,종로구,숭인제2동주민센터,종로65길 10,운영,2020,,12,2026-06-30,2025,,529.0,2025,2025-12-31,12,False,False,ok,,44.083333333333336
STAT_21a86d9f47ae,종로구,종로구민회관,지봉로5길 7-5,운영,2019,,12,2026-06-30,2025,,856.0,2025,2025-12-31,12,False,False,ok,,71.33333333333333
STAT_993b2f02ae9c,중구,약수동공영주차장,동호로8다길 22,철거,2017,2025,12,2026-06-30,2025,0.19230336706461496,,2025,2025-12-31,12,False,False,ok,19.230336706461497,
STAT_faccecab1808,중구,버티 공영주차장,동호로17길 270,운영,2017,,19,2026-06-30,2025,,1647.0,2025,2025-12-31,12,False,False,ok,,137.25
STAT_54b150fff4fd,중구,장충체육관 후문,동호로 241,운영,2016,,19,2026-06-30,2025,,2076.0,2025,2025-12-31,12,False,False,ok,,173.0
STAT_b9f19c6dddd0,중구,약수교회 식당입구,다산로8길 32,철거,2014,2025,19,2026-06-30,2025,,,2025,2025-12-31,12,False,False,ok,,
STAT_f8bb8db97063,중구,장충공영주차장,장충동2가 192-129,철거,2018,2024,12,2026-06-30,2025,,,2025,2025-12-31,12,False,False,ok,,
STAT_5f1ff7970896,중구,충현 공영주차장,동호로 11나길 47,철거,,2024,12,2026-06-30,2025,,,2025,2025-12-31,12,False,False,ok,,
STAT_438c9ca92101,중구,명동주민센터,퇴계로20나길 16,철거,2016,2024,19,2026-06-30,2025,,,2025,2025-12-31,12,False,False,ok,,
STAT_3b03968e50d1,중구,다산동공영주차장,동호로15길60,철거,,2022,12,2026-06-30,2025,,,2025,2025-12-31,12,False,False,ok,,
STAT_8249f19c6910,중구,충무창업큐브,광희동 퇴계로 265,운영,2023,,12,2026-06-30,2025,,171.0,2025,2025-12-31,12,False,False,ok,,14.25
STAT_1b5b79410bc5,용산구,보광동주민센터,장문로 95,운영,2020,,12,2026-06-30,2025,0.2926188806447985,422.0,2025,2025-12-31,12,False,False,ok,29.26188806447985,35.166666666666664
STAT_0f7ce7abe0cd,용산구,숙대 명재관 인근,효창원로86길 33,운영,2017,,19,2026-06-30,2025,,2398.0,2025,2025-12-31,12,False,False,ok,,199.83333333333334
STAT_4050d8fe3123,용산구,용산치안센터(2가동주민센터),신흥로 90,운영,2016,,19,2026-06-30,2025,,1698.0,2025,2025-12-31,12,False,False,ok,,141.5
STAT_e81e7c62c745,용산구,효창동주민센터,효창원로 161,운영,2016,,19,2026-06-30,2025,,1140.0,2025,2025-12-31,12,False,False,ok,,95.0
STAT_7b48b85b0312,용산구,한남동공영주차장,이태원로 224-19,운영,2016,,12,2026-06-30,2025,,1578.0,2025,2025-12-31,12,False,False,ok,,131.5
STAT_9b09f30c5033,용산구,용산구청후문,녹사평대로 150,운영,2013,,19,2026-06-30,2025,,2060.0,2025,2025-12-31,12,False,False,ok,,171.66666666666666
STAT_6d1860ea10b7,용산구,효창종합사회복지관,효창원로146-12,철거,,2023,19,2026-06-30,2025,,,2025,2025-12-31,12,False,False,ok,,
STAT_12ddd3aab93b,용산구,갈월종합사회복지관,두텁바위로 25,운영,2013,,26,2026-06-30,2025,,3617.0,2025,2025-12-31,12,False,False,ok,,301.4166666666667
STAT_1172c7332dcd,용산구,용산꿈나무종합타운,백범로 329,운영,2018,,12,2026-06-30,2025,,1945.0,2025,2025-12-31,12,False,False,ok,,162.08333333333334
STAT_29cac3c98c62,성동구,열린금호교육문화관,무수막길 69,운영,,,12,2026-06-30,2025,0.21619916279230264,1472.0,2025,2025-12-31,12,False,False,ok,21.619916279230264,122.66666666666667
STAT_9d3fa2b69083,성동구,성수2가3동 공영주차장,광나루로 4가길 23,운영,2021,,12,2026-06-30,2025,,533.0,2025,2025-12-31,12,False,False,ok,,44.416666666666664
STAT_4b912f14f5db,성동구,용답공영주차장,용답 29길 22,철거,2020,2024,12,2026-06-30,2025,,,2025,2025-12-31,12,False,False,ok,,
STAT_943af5c9afc0,성동구,강변공영주차장,둘레길 47-5,철거,,2024,19,2026-06-30,2025,,,2025,2025-12-31,12,False,False,ok,,
STAT_641149cfb49b,성동구,하왕십리공영주차장,무학봉길 48,운영,,,12,2026-06-30,2025,,801.0,2025,2025-12-31,12,False,False,ok,,66.75
STAT_bd325c0b6958,성동구,성동구민종합체육센터,왕십리로 89,운영,2017,,19,2026-06-30,2025,,1720.0,2025,2025-12-31,12,False,False,ok,,143.33333333333334
STAT_6baaa2d14df5,성동구,응봉동 공영주차장,독서당로63길 40,운영,2024,,12,2026-06-30,2025,,15.0,2025,2025-12-31,12,False,False,ok,,1.25
STAT_cc117a8e3400,성동구,성동구립도서관,고산자로10길 9,운영,2016,,26,2026-06-30,2025,,5110.0,2025,2025-12-31,12,False,False,ok,,425.8333333333333
STAT_9d29c73ae990,성동구,왕십리2동주민센터,무학봉15길 6,운영,2022,,12,2026-06-30,2025,,624.0,2025,2025-12-31,12,False,False,ok,,52.0
STAT_9a738c1e0e95,성동구,사근동주민센터,사근동길 37,운영,2018,,12,2026-06-30,2025,,673.0,2025,2025-12-31,12,False,False,ok,,56.083333333333336
STAT_d34ef1e8269d,광진구,자양2동주민센터,자양로3가길 26,운영,2019,,12,2026-06-30,2025,0.2670844455481879,744.0,2025,2025-12-31,12,False,False,ok,26.70844455481879,62.0
STAT_3676629fc0b6,광진구,자양문화체육센터,뚝섬로52길 66,운영,2021,,19,2026-06-30,2025,,2165.0,2025,2025-12-31,12,False,False,ok,,180.41666666666666
STAT_075189ed3cf4,광진구,군자동주민센터,면목로 13,운영,2022,,12,2026-06-30,2025,,1093.0,2025,2025-12-31,12,False,False,ok,,91.08333333333333
STAT_b1db1e2faece,광진구,구의1동공영주차장,자양로18길 78,운영,,,19,2026-06-30,2025,,701.0,2025,2025-12-31,12,False,False,ok,,58.416666666666664
STAT_23649dd805e2,광진구,중곡감리교회,긴고랑로36길 56,철거,2017,2023,19,2026-06-30,2025,,,2025,2025-12-31,12,False,False,ok,,
STAT_758ff5ca6137,광진구,구의2동주택가 공동주차장,자양로 309,운영,2017,,19,2026-06-30,2025,,2370.0,2025,2025-12-31,12,False,False,ok,,197.5
STAT_e9bf395d37b8,광진구,자양종합사회복지관,자양번영로 35,운영,2016,,19,2026-06-30,2025,,2301.0,2025,2025-12-31,12,False,False,ok,,191.75
STAT_408bd0ac3797,광진구,중곡문화체육센터,능동로 433,운영,2016,,19,2026-06-30,2025,,1575.0,2025,2025-12-31,12,False,False,ok,,131.25
STAT_e55a66477e82,광진구,중곡종합건강센터,긴고랑로 110,운영,2016,,19,2026-06-30,2025,,1943.0,2025,2025-12-31,12,False,False,ok,,161.91666666666666
STAT_3acf37d271c1,광진구,화양동주민센터,능동로17길 39,운영,2015,,19,2026-06-30,2025,,1803.0,2025,2025-12-31,12,False,False,ok,,150.25
STAT_63bdb69c59a1,광진구,자양4동 주민센터,뚝섬로26길 58,운영,2014,,19,2026-06-30,2025,,2259.0,2025,2025-12-31,12,False,False,ok,,188.25
STAT_ca5751664bd1,광진구,동부여성발전센터,아차산로30길 36,운영,2014,,26,2026-06-30,2025,,1450.0,2025,2025-12-31,12,False,False,ok,,120.83333333333333
STAT_2b92845e04d7,광진구,중곡1동주민센터,긴고랑로12길 49,운영,2018,,12,2026-06-30,2025,,1175.0,2025,2025-12-31,12,False,False,ok,,97.91666666666667
STAT_cd0d76d74c3a,광진구,현대오일뱅크_중원주유소,동일로 398,철거,2019,2023,,2026-06-30,2025,,,2025,2025-12-31,12,False,False,ok,,
STAT_0c47cbd55ae6,광진구,광진경찰서,자양로 167,운영,2018,,12,2026-06-30,2025,,1517.0,2025,2025-12-31,12,False,False,ok,,126.41666666666667
STAT_eaa2d3d65362,동대문구,휘경동공영주차장,망우로12길 33,운영,2019,,19,2026-06-30,2025,0.27775828740758707,856.0,2025,2025-12-31,12,False,False,ok,27.77582874075871,71.33333333333333
STAT_d0f69a3385d2,동대문구,이문체육문화센터,한천로58길 81-49,운영,2022,,12,2026-06-30,2025,,853.0,2025,2025-12-31,12,False,False,ok,,71.08333333333333
STAT_8507bb784f10,동대문구,신한은행 외대역 지점,휘경로 23(이문동),철거,2019,2026,12,2026-06-30,2025,,1149.0,2025,2025-12-31,12,False,False,ok,,95.75
STAT_764b677382e5,동대문구,나사렛교회,전농로27길 42,철거,2017,2024,19,2026-06-30,2025,,,2025,2025-12-31,12,False,False,ok,,
STAT_30253358ff81,동대문구,장안2동 공영주차장,답십리로65길 124-5,운영,2017,,19,2026-06-30,2025,,2030.0,2025,2025-12-31,12,False,False,ok,,169.16666666666666
STAT_0e5791032abc,동대문구,동대문구청 종합민원실,천호대로 145,운영,2016,,19,2026-06-30,2025,,4195.0,2025,2025-12-31,12,False,False,ok,,349.5833333333333
STAT_d88bac6a8b15,동대문구,동대문종합사회복지관,약령시로5길 22,철거,2016,2023,19,2026-06-30,2025,,,2025,2025-12-31,12,False,False,ok,,
STAT_6bc8f8825cac,동대문구,회기동공영주차장,회기로25길 31,운영,2016,,12,2026-06-30,2025,,1397.0,2025,2025-12-31,12,False,False,ok,,116.41666666666667
STAT_a301e08fb187,동대문구,답십리도서관,서울시립대로4길 75,운영,2015,,19,2026-06-30,2025,,3229.0,2025,2025-12-31,12,False,False,ok,,269.0833333333333
STAT_3639fcc7ebce,동대문구,정보화도서관,회기로10길 60,운영,2013,,19,2026-06-30,2025,,916.0,2025,2025-12-31,12,False,False,ok,,76.33333333333333
STAT_fb818619e613,동대문구,장안종합사회복지관,한천로18길 48,운영,2013,,26,2026-06-30,2025,,1889.0,2025,2025-12-31,12,False,False,ok,,157.41666666666666
STAT_95a09e290bd9,동대문구,답십리2청소년독서실,답십리로56길 15,운영,2022,,12,2026-06-30,2025,,970.0,2025,2025-12-31,12,False,False,ok,,80.83333333333333
STAT_cbdc9360c91f,중랑구,중화1치안센터,동일로 792,철거,2021,2024,19,2026-06-30,2025,0.2912051716126419,,2025,2025-12-31,12,False,False,ok,29.120517161264193,
STAT_6de60005fdc0,중랑구,면목4동주민센터,면목로 246,운영,2016,,19,2026-06-30,2025,,1709.0,2025,2025-12-31,12,False,False,ok,,142.41666666666666
STAT_0856c74ea1d5,중랑구,면목5동 주민센터,동일로 619,운영,2014,,19,2026-06-30,2025,,1970.0,2025,2025-12-31,12,False,False,ok,,164.16666666666666
STAT_bf8a83ad9ef3,중랑구,면목본동 주민센터,면목로 397,운영,2013,,33,2026-06-30,2025,,4838.0,2025,2025-12-31,12,False,False,ok,,403.1666666666667
STAT_6cb0a600e20f,중랑구,상봉1동주민센터,상봉중앙로1길 6,운영,2023,,19,2026-06-30,2025,,2218.0,2025,2025-12-31,12,False,False,ok,,184.83333333333334
STAT_28eb1a2300e8,중랑구,상봉2동주민센터,동일로 114길 10,운영,,,19,2026-06-30,2025,,1405.0,2025,2025-12-31,12,False,False,ok,,117.08333333333333
STAT_23e5d157fd2d,성북구,석관동주민센터,화랑로 296,운영,2019,,12,2026-06-30,2025,0.31189721756227484,2125.0,2025,2025-12-31,12,False,False,ok,31.189721756227485,177.08333333333334
STAT_7c3980948ba9,성북구,성북정릉감리교회,보국문로8길 23,철거,2022,2026,19,2026-06-30,2025,,129.0,2025,2025-12-31,12,False,False,ok,,10.75
STAT_db6096ed1b43,성북구,성북구립휘트니스센터,보문로29길 49,운영,2026,,19,2026-06-30,2025,,,2025,2025-12-31,12,False,False,ok,,
STAT_d02c85eb65b9,성북구,보문부모아이지원센터,지봉로24길 26,운영,2020,,12,2026-06-30,2025,,935.0,2025,2025-12-31,12,False,False,ok,,77.91666666666667
STAT_6a31f976acf1,성북구,제일빌딩,북악산로31길 8,운영,2017,,19,2026-06-30,2025,,906.0,2025,2025-12-31,12,False,False,ok,,75.5
STAT_63ba54a52163,성북구,성북희망나눔봉사센터,삼양로 20,운영,2016,,19,2026-06-30,2025,,2978.0,2025,2025-12-31,12,False,False,ok,,248.16666666666666
STAT_e667effbc8d6,성북구,안암교회,보문로30가길 41-6,운영,2015,,19,2026-06-30,2025,,1456.0,2025,2025-12-31,12,False,False,ok,,121.33333333333333
STAT_7e654d362a1a,성북구,성북청소년수련관,한천로 660-9,철거,2018,2023,12,2026-06-30,2025,,,2025,2025-12-31,12,False,False,ok,,
STAT_f5a46a229b66,성북구,아리랑 시네미디어센터,아리랑로 82,운영,2014,,19,2026-06-30,2025,,3305.0,2025,2025-12-31,12,False,False,ok,,275.4166666666667
STAT_3a978882743c,성북구,장위1동 주민센터,장위로 61,운영,2014,,19,2026-06-30,2025,,3676.0,2025,2025-12-31,12,False,False,ok,,306.3333333333333
STAT_11e6f823fec9,강북구,미아사거리역 1번출구,도봉로 50,운영,,,19,2026-06-30,2025,0.4445900232236032,4308.0,2025,2025-12-31,12,False,False,ok,44.45900232236032,359.0
STAT_a95f5efae027,강북구,강북노인종합복지회관,삼양로92길 40,철거,2017,2024,19,2026-06-30,2025,,,2025,2025-12-31,12,False,False,ok,,
STAT_df869c0261ad,강북구,솔밭근린공원 개방화장실,삼양로 561,운영,2016,,19,2026-06-30,2025,,2920.0,2025,2025-12-31,12,False,False,ok,,243.33333333333334
STAT_6cd2ae161b97,강북구,강북문화예술회관,삼각산로 85,철거,2016,2025,19,2026-06-30,2025,,,2025,2025-12-31,12,False,False,ok,,
STAT_8c9981ad567d,강북구,번동북부시장 북부마트,한천로123길 26,운영,2016,,19,2026-06-30,2025,,788.0,2025,2025-12-31,12,False,False,ok,,65.66666666666667
STAT_02ce211a73ff,강북구,수유역1번출구,도봉로 338,운영,2015,,19,2026-06-30,2025,,4059.0,2025,2025-12-31,12,False,False,ok,,338.25
STAT_6877775a2b50,강북구,미아동 복합청사,솔매로49길 14,운영,2014,,19,2026-06-30,2025,,3343.0,2025,2025-12-31,12,False,False,ok,,278.5833333333333
STAT_b9455df15715,강북구,강북구청 본관 입구,도봉로89길 13,철거,2014,2025,19,2026-06-30,2025,,,2025,2025-12-31,12,False,False,ok,,
STAT_3462bd604e62,강북구,수유1동 주민센터,삼양로 299,운영,2013,,19,2026-06-30,2025,,3334.0,2025,2025-12-31,12,False,False,ok,,277.8333333333333
STAT_25c8fb76df82,도봉구,염광교회,도봉로120길 16,운영,2017,,19,2026-06-30,2025,0.3167367113409134,1474.0,2025,2025-12-31,12,False,False,ok,31.673671134091343,122.83333333333333
STAT_2d1a4ae7e6b6,도봉구,창3동 주민센터,덕릉로62길 89,운영,2017,,19,2026-06-30,2025,,1259.0,2025,2025-12-31,12,False,False,ok,,104.91666666666667
STAT_c44b7c117080,도봉구,도봉구민회관,도봉로 552,운영,2016,,19,2026-06-30,2025,,4569.0,2025,2025-12-31,12,False,False,ok,,380.75
STAT_889ddcfc8dad,도봉구,창동 도봉육아종합지원센터,우이천로4길 24-5,철거,2016,2024,12,2026-06-30,2025,,,2025,2025-12-31,12,False,False,ok,,
STAT_abdc15a2769f,도봉구,도봉서원종합사회복지관,마들로 668,운영,2014,,19,2026-06-30,2025,,1679.0,2025,2025-12-31,12,False,False,ok,,139.91666666666666
STAT_edd0ce707057,도봉구,방아골종합사회복지관,시루봉로17길 42,운영,2014,,19,2026-06-30,2025,,1237.0,2025,2025-12-31,12,False,False,ok,,103.08333333333333
STAT_db61cb773620,도봉구,창동역1번출구,마들로11길 77,철거,2013,2024,26,2026-06-30,2025,,,2025,2025-12-31,12,False,False,ok,,
STAT_bbe947b6127e,도봉구,도봉구민청,마들로 656,철거,,2022,,2026-06-30,2025,,,2025,2025-12-31,12,False,False,ok,,
STAT_f2e61d5d0c1c,도봉구,창1동제1공영주차장,도봉로112길 43,철거,2016,2023,,2026-06-30,2025,,,2025,2025-12-31,12,False,False,ok,,
STAT_9f573acbdc9c,도봉구,도봉1동주민센터,도봉로169나길 22,운영,2013,,19,2026-06-30,2025,,1992.0,2025,2025-12-31,12,False,False,ok,,166.0
STAT_f9c7836a82e2,도봉구,창2동 신창교회,덕릉로 247,운영,2018,,12,2026-06-30,2025,,1882.0,2025,2025-12-31,12,False,False,ok,,156.83333333333334
STAT_550e7be8d55a,노원구,공릉종합사회복지관,동일로 1127 공릉아파트,운영,2019,,12,2026-06-30,2025,0.33147167597810334,1046.0,2025,2025-12-31,12,False,False,ok,33.14716759781034,87.16666666666667
STAT_973c52013a4d,노원구,상계문화정보도서관,동일로 243길 57,운영,2020,,19,2026-06-30,2025,,1346.0,2025,2025-12-31,12,False,False,ok,,112.16666666666667
STAT_607b1e6c65c7,노원구,상계2동주민센터,상계로 118,운영,2016,,19,2026-06-30,2025,,3481.0,2025,2025-12-31,12,False,False,ok,,290.0833333333333
STAT_c95c9f143485,노원구,"상계3,4동 주민센터",덕릉로 859,운영,2014,,19,2026-06-30,2025,,579.0,2025,2025-12-31,12,False,False,ok,,48.25
STAT_7139e11611c8,노원구,상계역 자전거대여소,상계로 190,운영,2014,,33,2026-06-30,2025,,5848.0,2025,2025-12-31,12,False,False,ok,,487.3333333333333
STAT_796f54c33f16,노원구,공릉 청소년문화정보센터,노원로1나길 10,운영,2013,,19,2026-06-30,2025,,2799.0,2025,2025-12-31,12,False,False,ok,,233.25
STAT_6a4e2e43208e,노원구,공릉1동 주민센터(노원),동일로186길 3-24,운영,,,19,2026-06-30,2025,,2831.0,2025,2025-12-31,12,False,False,ok,,235.91666666666666
STAT_a37f33e680d0,노원구,월계문화정보도서관,월계로 319,철거,2015,2023,19,2026-06-30,2025,,,2025,2025-12-31,12,False,False,ok,,
STAT_a66288880b6e,노원구,월계치안센터,석계로 93,철거,2018,2024,19,2026-06-30,2025,,,2025,2025-12-31,12,False,False,ok,,
STAT_3b4b3b6074fc,은평구,역촌동 주민센터,연서로 59,운영,2013,,19,2026-06-30,2025,0.42854732676582324,3732.0,2025,2025-12-31,12,False,False,ok,42.85473267658232,311.0
STAT_93f602e43c1c,은평구,갈현1동 주민센터,갈현로 301,운영,2013,,26,2026-06-30,2025,,2207.0,2025,2025-12-31,12,False,False,ok,,183.91666666666666
STAT_769ff5af10db,은평구,갈현청소년센터쉼쉼,통일로89길 6-20,운영,2020,,12,2026-06-30,2025,,591.0,2025,2025-12-31,12,False,False,ok,,49.25
STAT_56dbf40af347,은평구,연신내 지구대,갈현로 195,운영,2016,,19,2026-06-30,2025,,2517.0,2025,2025-12-31,12,False,False,ok,,209.75
STAT_5598f8ce4998,은평구,구산동주민센터,갈현로17길 10,운영,2015,,19,2026-06-30,2025,,1950.0,2025,2025-12-31,12,False,False,ok,,162.5
STAT_a0a6df8187c3,은평구,불광보건소,연서로 34길 11,철거,2016,2024,,2026-06-30,2025,,,2025,2025-12-31,12,False,False,ok,,
STAT_b967fdd81b04,은평구,시립은평청소년센터,백련산로4길 16,철거,,2022,,2026-06-30,2025,,,2025,2025-12-31,12,False,False,ok,,
STAT_700eff018d51,은평구,아인스하임,은평터널로7가길 8,철거,,2022,,2026-06-30,2025,,,2025,2025-12-31,12,False,False,ok,,
STAT_8420add40d30,은평구,신사종합사회복지관,은평로 38,운영,2014,,26,2026-06-30,2025,,4658.0,2025,2025-12-31,12,False,False,ok,,388.1666666666667
STAT_b7135035db3d,은평구,불광1동 치안센터,불광로 129,운영,2014,,19,2026-06-30,2025,,4459.0,2025,2025-12-31,12,False,False,ok,,371.5833333333333
STAT_36245c05dd5b,은평구,청년취업사관학교 은평캠퍼스,은평로 245,운영,2014,,19,2026-06-30,2025,,4014.0,2025,2025-12-31,12,False,False,ok,,334.5
STAT_ecbf63ad99b3,은평구,증산 정보도서관,증산로5길 6,철거,2013,2025,33,2026-06-30,2025,,,2025,2025-12-31,12,False,False,ok,,
STAT_dba52d4dc13c,서대문구,청년누리,증가로4길 8-45,운영,2019,,12,2026-06-30,2025,0.26409120683048953,2132.0,2025,2025-12-31,12,False,False,ok,26.409120683048954,177.66666666666666
STAT_3209c0b76906,서대문구,남가좌2동 제2공영주차장,명지대5길 10-8,운영,,,12,2026-06-30,2025,,670.0,2025,2025-12-31,12,False,False,ok,,55.833333333333336
STAT_6a637bb15cd7,서대문구,신한은행_남가좌동점,서대문구 수색로2길 36(남가좌동),운영,,,12,2026-06-30,2025,,721.0,2025,2025-12-31,12,False,True,source_conflict,,60.083333333333336
STAT_7e17681867dd,서대문구,신한은행 명지대 지점,거북골로 45(남가좌동),운영,2019,,12,2026-06-30,2025,,1572.0,2025,2025-12-31,12,False,False,ok,,131.0
STAT_cf3f5621fd55,서대문구,홍제3동 주민센터,세검정로4길 32,운영,2017,,12,2026-06-30,2025,,1407.0,2025,2025-12-31,12,False,False,ok,,117.25
STAT_31fbd643fef2,서대문구,홍은2동 주민센터,모래내로 334,운영,2017,,19,2026-06-30,2025,,1557.0,2025,2025-12-31,12,False,False,ok,,129.75
STAT_9a4437a9e8b3,서대문구,연희동주민센터,연희로 189,운영,2016,,19,2026-06-30,2025,,834.0,2025,2025-12-31,12,False,False,ok,,69.5
STAT_1646029bae43,서대문구,홍은1동주민센터,홍은중앙로 85,운영,,,19,2026-06-30,2025,,1512.0,2025,2025-12-31,12,False,False,ok,,126.0
STAT_cba02c66855e,서대문구,신한은행_연희동점,서대문구 연희맛로 28,운영,2022,,12,2026-06-30,2025,,611.0,2025,2025-12-31,12,False,False,ok,,50.916666666666664
STAT_80e4ea4955e4,서대문구,서부제일교회 어린이도서관,가좌로 154,철거,2014,2025,12,2026-06-30,2025,,,2025,2025-12-31,12,False,False,ok,,
STAT_1ea51086c56a,서대문구,봉원교회 북카페 옆,봉원사2길 13,운영,2013,,12,2026-06-30,2025,,725.0,2025,2025-12-31,12,False,False,ok,,60.416666666666664
STAT_1e917029efef,서대문구,북아현동 주민센터,북아현로 24,운영,2013,,26,2026-06-30,2025,,4701.0,2025,2025-12-31,12,False,False,ok,,391.75
STAT_a3f8e0e054fd,서대문구,충현동주민센터,북아현로22길 38,운영,2018,,12,2026-06-30,2025,,1369.0,2025,2025-12-31,12,False,False,ok,,114.08333333333333
STAT_8dec4790137f,마포구,서교동교회,잔다리로6길 11,운영,2019,,12,2026-06-30,2025,0.2794066957037387,555.0,2025,2025-12-31,12,False,False,ok,27.94066957037387,46.25
STAT_8d6147041bce,마포구,성산1동주민센터,성산로 4길 15,운영,2019,,12,2026-06-30,2025,,339.0,2025,2025-12-31,12,False,False,ok,,28.25
STAT_98a0f41ef8d7,마포구,대흥동주민센터,신촌로26길 10,운영,2013,,19,2026-06-30,2025,,2895.0,2025,2025-12-31,12,False,False,ok,,241.25
STAT_034d63886258,마포구,망원2동 치안센터,월드컵로31길 18,운영,2021,,19,2026-06-30,2025,,1800.0,2025,2025-12-31,12,False,False,ok,,150.0
STAT_7481b259a196,마포구,서현교회,잔다리로7길 31,운영,2021,,19,2026-06-30,2025,,2864.0,2025,2025-12-31,12,False,False,ok,,238.66666666666666
STAT_02ba68e25318,마포구,동교치안센터,신촌로2안길 27,운영,2021,,12,2026-06-30,2025,,1104.0,2025,2025-12-31,12,False,False,ok,,92.0
STAT_7ab19dc12969,마포구,서강동주민센터,독막로 165,운영,2020,,12,2026-06-30,2025,,614.0,2025,2025-12-31,12,False,False,ok,,51.166666666666664
STAT_835a682c24e1,마포구,상암동주민센터후문,매봉산로2길 16,운영,,,19,2026-06-30,2025,,780.0,2025,2025-12-31,12,False,False,ok,,65.0
STAT_0bd5f0eb3d10,마포구,신수동주민센터,독막로 192,운영,2017,,19,2026-06-30,2025,,2023.0,2025,2025-12-31,12,False,False,ok,,168.58333333333334
STAT_deffabebbf77,마포구,성산2동주민센터,월드컵북로30길 22,운영,2016,,19,2026-06-30,2025,,2151.0,2025,2025-12-31,12,False,False,ok,,179.25
STAT_05cc498bda2e,마포구,연남동희망원룸주택,성미산로17길 79,운영,2015,,19,2026-06-30,2025,,1230.0,2025,2025-12-31,12,False,False,ok,,102.5
STAT_5c94fea8d4e9,마포구,상암동 제1공영주차장,성암로 197,운영,2014,,19,2026-06-30,2025,,3311.0,2025,2025-12-31,12,False,False,ok,,275.9166666666667
STAT_9d348c728bd6,마포구,마포아트센터,대흥로20길 28,운영,2014,,19,2026-06-30,2025,,2294.0,2025,2025-12-31,12,False,False,ok,,191.16666666666666
STAT_fac888c0d055,마포구,연남동 주민커뮤니티센터,동교로41길 36,운영,2013,,26,2026-06-30,2025,,3036.0,2025,2025-12-31,12,False,False,ok,,253.0
STAT_6d6e701f1594,마포구,도화동 주민센터,도화길 37,운영,2013,,26,2026-06-30,2025,,4510.0,2025,2025-12-31,12,False,False,ok,,375.8333333333333
STAT_39d0f0d3901b,양천구,신월1동 청소년독서실,남부순환로59길 8,철거,,2024,12,2026-06-30,2025,0.34605196346601264,,2025,2025-12-31,12,False,False,ok,34.60519634660126,
STAT_23de841d5965,양천구,양천나눔누리센터,중앙로 250,운영,2017,,19,2026-06-30,2025,,5032.0,2025,2025-12-31,12,False,False,ok,,419.3333333333333
STAT_2d04eb775967,양천구,목동실버복지문화센터,목동중앙로3길 21,운영,2016,,19,2026-06-30,2025,,3043.0,2025,2025-12-31,12,False,False,ok,,253.58333333333334
STAT_5e1b65d10f0f,양천구,신월3동주민센터,남부순환로54길 5,운영,2016,,19,2026-06-30,2025,,2347.0,2025,2025-12-31,12,False,False,ok,,195.58333333333334
STAT_7cde1368b8b0,양천구,신정4동주민센터,오목로34길 5,운영,2016,,19,2026-06-30,2025,,3076.0,2025,2025-12-31,12,False,False,ok,,256.3333333333333
STAT_ca4ba4317e97,양천구,목동문화체육센터,목동중앙본로 73,운영,2015,,19,2026-06-30,2025,,2330.0,2025,2025-12-31,12,False,False,ok,,194.16666666666666
STAT_f11098cfa848,양천구,신월문화체육센터,지양로 47,운영,2014,,19,2026-06-30,2025,,1711.0,2025,2025-12-31,12,False,False,ok,,142.58333333333334
STAT_e0ecb8e2972b,양천구,신월5동주민센터,화곡로4길 10,운영,2014,,19,2026-06-30,2025,,1104.0,2025,2025-12-31,12,False,False,ok,,92.0
STAT_e1de30daf002,양천구,신월4동주민센터,오목로5길 34,운영,2013,,19,2026-06-30,2025,,1530.0,2025,2025-12-31,12,False,False,ok,,127.5
STAT_b88d8a60bdf8,양천구,목3동 주민센터,목동중앙남로16나길 55,운영,2013,,19,2026-06-30,2025,,2012.0,2025,2025-12-31,12,False,False,ok,,167.66666666666666
STAT_ddedb1f16494,양천구,경창시장고객주차장,신월동 446-3,철거,,2023,,2026-06-30,2025,,,2025,2025-12-31,12,False,False,ok,,
STAT_06696991c883,양천구,목동보건지소,목동중앙본로7가길 11,운영,2018,,12,2026-06-30,2025,,1136.0,2025,2025-12-31,12,False,False,ok,,94.66666666666667
STAT_99c35e6d1838,강서구,화곡2동주민센터,곰달래로37길 13,운영,2021,,12,2026-06-30,2025,0.2821002204445692,378.0,2025,2025-12-31,12,False,False,ok,28.210022044456924,31.5
STAT_7d8d8d33828e,강서구,길꽃어린이도서관,금낭화로24길 5,운영,2019,,12,2026-06-30,2025,,1191.0,2025,2025-12-31,12,False,False,ok,,99.25
STAT_7a8f5894fece,강서구,화곡8동 주민센터,곰달래로25길 45,운영,2017,,19,2026-06-30,2025,,2504.0,2025,2025-12-31,12,False,False,ok,,208.66666666666666
STAT_5c873e7265ba,강서구,가로공원공영주차장1번출구,가로공원로 189,운영,2016,,19,2026-06-30,2025,,1958.0,2025,2025-12-31,12,False,False,ok,,163.16666666666666
STAT_4318d33b4163,강서구,화곡 6-1 공영주차장,우장산로 114,운영,2015,,19,2026-06-30,2025,,2143.0,2025,2025-12-31,12,False,False,ok,,178.58333333333334
STAT_d6a3c7b99c3c,강서구,화곡 3-1 공영주차장,화곡로15길 40,운영,2014,,19,2026-06-30,2025,,2200.0,2025,2025-12-31,12,False,False,ok,,183.33333333333334
STAT_638d593500cd,강서구,화곡 1-1 공영주차장,곰달래로15길 28,운영,2014,,19,2026-06-30,2025,,1259.0,2025,2025-12-31,12,False,False,ok,,104.91666666666667
STAT_f6e9b8766022,강서구,내발산동 문화센터,강서로52길 89,운영,2014,,19,2026-06-30,2025,,3046.0,2025,2025-12-31,12,False,False,ok,,253.83333333333334
STAT_fb84bfad2874,강서구,곰달래복지문화센터,강서로5길 50,운영,2013,,26,2026-06-30,2025,,2012.0,2025,2025-12-31,12,False,False,ok,,167.66666666666666
STAT_9e82a3101669,강서구,화곡4동 주민센터,곰달래로57가길 26,운영,2013,,26,2026-06-30,2025,,3153.0,2025,2025-12-31,12,False,False,ok,,262.75
STAT_dbbb210dd022,강서구,볏골공원공영주차장,까치산로4길 22,운영,2013,,26,2026-06-30,2025,,2865.0,2025,2025-12-31,12,False,False,ok,,238.75
STAT_f80238d23915,강서구,공항동 주민센터,송정로 45,운영,2013,,26,2026-06-30,2025,,1505.0,2025,2025-12-31,12,False,False,ok,,125.41666666666667
STAT_adbd014f8e18,강서구,발산1동주민센터,강서로47길 54,운영,2018,,19,2026-06-30,2025,,2423.0,2025,2025-12-31,12,False,False,ok,,201.91666666666666
STAT_0ffcc957b341,강서구,신방화역환승주차장,마곡서1로 111-12,운영,2021,,19,2026-06-30,2025,,2380.0,2025,2025-12-31,12,False,False,ok,,198.33333333333334
STAT_0f9c71f4ccd3,구로구,가리봉동주민센터,우마2길 35,철거,,2024,12,2026-06-30,2025,0.2957812036812461,,2025,2025-12-31,12,False,False,ok,29.578120368124612,
STAT_cda1caae8d02,구로구,구로구 시설관리공단,구로동로26길 54,철거,2017,2025,19,2026-06-30,2025,,,2025,2025-12-31,12,False,False,ok,,
STAT_97228c730102,구로구,서울교통공사대림별관,도림천로 352,운영,2016,,12,2026-06-30,2025,,1976.0,2025,2025-12-31,12,False,False,ok,,164.66666666666666
STAT_f5eb496803e2,구로구,온수동_공용이용시설,부일로1길 62,철거,2015,2024,19,2026-06-30,2025,,,2025,2025-12-31,12,False,False,ok,,
STAT_afbd363d78f9,구로구,구로역1번출구 NC백화점,구로중앙로 174,운영,2014,,19,2026-06-30,2025,,2766.0,2025,2025-12-31,12,False,False,ok,,230.5
STAT_717d49403232,구로구,구로구민회관,가마산로25길 21,운영,2014,,19,2026-06-30,2025,,1493.0,2025,2025-12-31,12,False,False,ok,,124.41666666666667
STAT_4c67d6d0cf6c,구로구,궁동종합사회복지관,오리로22길 5,철거,2014,2023,,2026-06-30,2025,,,2025,2025-12-31,12,False,False,ok,,
STAT_8a9ec9230ef3,구로구,동양미래대학교 기숙사,중앙로 10-5,철거,,2022,,2026-06-30,2025,,,2025,2025-12-31,12,False,False,ok,,
STAT_bb1c499a038e,구로구,구로2동주민센터앞,구로동로 141,운영,2013,,19,2026-06-30,2025,,1774.0,2025,2025-12-31,12,False,False,ok,,147.83333333333334
STAT_d5563d8ce2f2,구로구,현대오일뱅크_구로셀프주유소,조원로12길 25,철거,2019,2022,,2026-06-30,2025,,,2025,2025-12-31,12,False,False,ok,,
STAT_2e1abbb34621,구로구,구로구민 체육센터,고척로45길 36,운영,2013,,19,2026-06-30,2025,,1623.0,2025,2025-12-31,12,False,False,ok,,135.25
STAT_d342021478da,구로구,오류1동텃골공영주차장,경인로15길 22,운영,2018,,19,2026-06-30,2025,,2976.0,2025,2025-12-31,12,False,False,ok,,248.0
STAT_770a0515628d,금천구,독산2동주민센터,독산로 179,운영,2019,,12,2026-06-30,2025,0.2068338195892465,1218.0,2025,2025-12-31,12,False,False,ok,20.68338195892465,101.5
STAT_f53a3d3b4ca0,금천구,청춘삘딩,시흥대로138길 10-11,철거,,2024,12,2026-06-30,2025,,,2025,2025-12-31,12,False,False,ok,,
STAT_4edeb9204c20,금천구,신한은행_디지털라운지,금천구 시흥대로 97(시흥동),철거,,2024,12,2026-06-30,2025,,,2025,2025-12-31,12,False,False,ok,,
STAT_951c2981ecd6,금천구,신한은행_금천점,금천구 금하로 747-1(시흥동),운영,,,12,2026-06-30,2025,,752.0,2025,2025-12-31,12,False,False,ok,,62.666666666666664
STAT_d6b3bad180a2,금천구,시흥4동 주민센터,독산로36길 14,운영,2014,,19,2026-06-30,2025,,1568.0,2025,2025-12-31,12,False,False,ok,,130.66666666666666
STAT_5ae25e4d56ee,금천구,금천호암노인복지관,독산로72길 86-5,철거,2013,2025,12,2026-06-30,2025,,,2025,2025-12-31,12,False,False,ok,,
STAT_f2fef42db86a,금천구,시흥3동 주민센터,시흥대로18길 40,운영,2013,,19,2026-06-30,2025,,1728.0,2025,2025-12-31,12,False,False,ok,,144.0
STAT_f5261bc0d7fa,금천구,독산1동주민센터,시흥대로123길 11,운영,2013,,26,2026-06-30,2025,,2014.0,2025,2025-12-31,12,False,False,ok,,167.83333333333334
STAT_bcf74284cb91,금천구,금빛휘트니스센터,금하로668 금빛공원,철거,2017,2023,19,2026-06-30,2025,,,2025,2025-12-31,12,False,False,ok,,
STAT_936b450d3897,금천구,금천구청,시흥대로73길 70,운영,2018,,19,2026-06-30,2025,,1884.0,2025,2025-12-31,12,False,False,ok,,157.0
STAT_2cb38fb629a9,영등포구,영등포청소년상담복지센터,도영로22길 36,철거,,2024,12,2026-06-30,2025,0.3153637804847482,,2025,2025-12-31,12,False,False,ok,31.536378048474823,
STAT_ac0e67648966,영등포구,영등포 제1스포츠센터,신풍로 1,운영,2013,,19,2026-06-30,2025,,1200.0,2025,2025-12-31,12,False,False,ok,,100.0
STAT_cf76a9f31288,영등포구,신길6동복지관,대방천로 193,운영,,,12,2026-06-30,2025,,1517.0,2025,2025-12-31,12,False,False,ok,,126.41666666666667
STAT_33df9863f186,영등포구,영등포 평생학습관,버드나루로15길 10,운영,2017,,12,2026-06-30,2025,,1859.0,2025,2025-12-31,12,False,False,ok,,154.91666666666666
STAT_a60db2ab9433,영등포구,영등포본동주민센터,신길로61길 17,운영,2016,,19,2026-06-30,2025,,3650.0,2025,2025-12-31,12,False,False,ok,,304.1666666666667
STAT_5382f3a621ba,영등포구,신길4동1동1마을공영주차장,신길로40길 5,운영,2016,,19,2026-06-30,2025,,1762.0,2025,2025-12-31,12,False,False,ok,,146.83333333333334
STAT_320997c6f358,영등포구,신길7동 주민센터,여의대방로43길 10,운영,2015,,19,2026-06-30,2025,,2366.0,2025,2025-12-31,12,False,False,ok,,197.16666666666666
STAT_e3d3a1ede407,영등포구,도림동 주민센터,도영로7길 10,운영,2014,,19,2026-06-30,2025,,1329.0,2025,2025-12-31,12,False,False,ok,,110.75
STAT_a835274b8243,영등포구,다사랑어린이공원(경로당),대림로23가길 5,운영,2013,,12,2026-06-30,2025,,356.0,2025,2025-12-31,12,False,False,ok,,29.666666666666668
STAT_882f7d1a36f1,영등포구,신길1동 주민센터,영등포로84길 24-5,운영,2013,,19,2026-06-30,2025,,2812.0,2025,2025-12-31,12,False,False,ok,,234.33333333333334
STAT_73ecd7c0cbc7,영등포구,대림도서관,도신로 27,운영,2013,,26,2026-06-30,2025,,2030.0,2025,2025-12-31,12,False,False,ok,,169.16666666666666
STAT_e31f089e2af8,영등포구,그린케어센터,당산로29길 9,운영,2013,,19,2026-06-30,2025,,3460.0,2025,2025-12-31,12,False,False,ok,,288.3333333333333
STAT_dc9c9cf7c202,동작구,스페이스살림,노량진로 10,운영,2021,,19,2026-06-30,2025,0.24666210549557113,2379.0,2025,2025-12-31,12,False,False,ok,24.666210549557114,198.25
STAT_c5df9c17d8f5,동작구,사당종합체육관,사당로27길 232,운영,2022,,12,2026-06-30,2025,,308.0,2025,2025-12-31,12,False,False,ok,,25.666666666666668
STAT_836471fef345,동작구,신한은행 숭실대역 지점,상도로37길 76 (상도동),운영,2019,,12,2026-06-30,2025,,562.0,2025,2025-12-31,12,False,False,ok,,46.833333333333336
STAT_ba2e73e2c8ad,동작구,순만빌딩,노량진로 169,운영,2017,,19,2026-06-30,2025,,2585.0,2025,2025-12-31,12,False,False,ok,,215.41666666666666
STAT_996f07c4ece7,동작구,사당문화회관,사당로8길 9,운영,2016,,19,2026-06-30,2025,,2266.0,2025,2025-12-31,12,False,False,ok,,188.83333333333334
STAT_bf55db69f366,동작구,상도1동주민센터,상도로53길 9,운영,2016,,19,2026-06-30,2025,,2860.0,2025,2025-12-31,12,False,False,ok,,238.33333333333334
STAT_da0f3a674fb7,동작구,예그리나주택,국사봉8길 47,철거,2015,2025,19,2026-06-30,2025,,,2025,2025-12-31,12,False,False,ok,,
STAT_9227ed4259f5,동작구,강남교회 교육관,만양로 76,운영,2014,,19,2026-06-30,2025,,1183.0,2025,2025-12-31,12,False,False,ok,,98.58333333333333
STAT_e3a9ba06c7fd,동작구,동작청소년센터,상도로15바길 5,운영,2014,,19,2026-06-30,2025,,756.0,2025,2025-12-31,12,False,False,ok,,63.0
STAT_594cee10f6bf,동작구,kb국민은행 동작구청지점,장승배기로 161,운영,2013,,47,2026-06-30,2025,,4000.0,2025,2025-12-31,12,False,False,ok,,333.3333333333333
STAT_6db9bba2b70d,동작구,사당노인종합복지관,남부순환로 2081,운영,2013,,19,2026-06-30,2025,,2018.0,2025,2025-12-31,12,False,False,ok,,168.16666666666666
STAT_590aa89b66f6,동작구,상도3동 주민센터,성대로2길 11,운영,2013,,33,2026-06-30,2025,,4401.0,2025,2025-12-31,12,False,False,ok,,366.75
STAT_c90e70b29716,동작구,신대방해피점,신대방1나길 26,철거,,2026,12,2026-06-30,2025,,670.0,2025,2025-12-31,12,False,False,ok,,55.833333333333336
STAT_5120b86a6b6f,동작구,현대오일뱅크_사당셀프주유소,동작대로 73,운영,2019,,12,2026-06-30,2025,,1833.0,2025,2025-12-31,12,False,False,ok,,152.75
STAT_fe6f6bc2a124,관악구,미성체육관,난우16길 37,운영,2023,,12,2026-06-30,2025,0.2902573372176058,542.0,2025,2025-12-31,12,False,False,ok,29.02573372176058,45.166666666666664
STAT_56299bc63850,관악구,신한은행_신림역,관악구 신림동 남부순환로 1590,운영,2022,,12,2026-06-30,2025,,1397.0,2025,2025-12-31,12,False,False,ok,,116.41666666666667
STAT_1d3fb4e138cc,관악구,신한은행 (구)봉천서 지점,은천로 110 (봉천동),운영,2019,,12,2026-06-30,2025,,1800.0,2025,2025-12-31,12,False,False,ok,,150.0
STAT_936f209efdf3,관악구,신한은행 신림대학동 지점,호암로26길 58 대학동 (신림동),철거,2019,2024,12,2026-06-30,2025,,,2025,2025-12-31,12,False,False,ok,,
STAT_26ef031f14e0,관악구,서원동주민센터,신림로 282,운영,2017,,19,2026-06-30,2025,,2514.0,2025,2025-12-31,12,False,False,ok,,209.5
STAT_ac86c63305db,관악구,관악청소년회관,신림로23길 17,운영,2016,,26,2026-06-30,2025,,3261.0,2025,2025-12-31,12,False,False,ok,,271.75
STAT_b41f016635ef,관악구,인헌동주민센터,남부순환로246가길 20,운영,2016,,19,2026-06-30,2025,,2973.0,2025,2025-12-31,12,False,False,ok,,247.75
STAT_74d2efca893f,관악구,남현동 주민센터,남현1가길 29,운영,2014,,19,2026-06-30,2025,,1867.0,2025,2025-12-31,12,False,False,ok,,155.58333333333334
STAT_aa17782bb666,관악구,청룡동 주민센터,쑥고개로 44,운영,2014,,19,2026-06-30,2025,,1762.0,2025,2025-12-31,12,False,False,ok,,146.83333333333334
STAT_739bf0c4ecec,관악구,조원동주민센터,조원로12길 25,운영,2013,,19,2026-06-30,2025,,1506.0,2025,2025-12-31,12,False,False,ok,,125.5
STAT_b0a304140bbb,관악구,신사동자치회관,조원로 151-1,운영,2013,,26,2026-06-30,2025,,1532.0,2025,2025-12-31,12,False,False,ok,,127.66666666666667
STAT_760a24d827b5,관악구,행운동주민센터,행운1길 43,운영,2013,,26,2026-06-30,2025,,3655.0,2025,2025-12-31,12,False,False,ok,,304.5833333333333
STAT_b467abb13ad2,관악구,미성동자치회관,난곡로 52길 16,철거,,2023,,2026-06-30,2025,,,2025,2025-12-31,12,False,False,ok,,
STAT_cb297e1d13e2,관악구,관악구청,관악로 145,운영,2018,,19,2026-06-30,2025,,3236.0,2025,2025-12-31,12,False,False,ok,,269.6666666666667
STAT_f1828ad4a155,관악구,국사봉 체육관,국회단지길 144 51,운영,2024,,,2026-06-30,2025,,92.0,2025,2025-12-31,12,False,False,ok,,7.666666666666667
STAT_fd7dad718d33,관악구,신림여성회관,대학길 64,운영,2018,,12,2026-06-30,2025,,1261.0,2025,2025-12-31,12,False,False,ok,,105.08333333333333
STAT_ed2495e74c89,관악구,현대오일뱅크_관악셀프주유소,남부순환로 1520,철거,2019,2024,12,2026-06-30,2025,,,2025,2025-12-31,12,False,False,ok,,
STAT_e2c06f7250be,서초구,양재1동민원분소,남부순환로 2610,운영,2020,,12,2026-06-30,2025,0.3284399554954976,1545.0,2025,2025-12-31,12,False,False,ok,32.84399554954976,128.75
STAT_5f1d756f00d5,서초구,양재2동주민센터,강남대로12길 44,운영,2015,,19,2026-06-30,2025,,2743.0,2025,2025-12-31,12,False,False,ok,,228.58333333333334
STAT_465a64adf765,서초구,언구비 공영주차장,강남대로83길 55,운영,,,19,2026-06-30,2025,,3017.0,2025,2025-12-31,12,False,False,ok,,251.41666666666666
STAT_1c2f11d66857,서초구,방배열린문화센터,방배로 173,운영,2014,,19,2026-06-30,2025,,4224.0,2025,2025-12-31,12,False,False,ok,,352.0
STAT_18a2f9da394e,서초구,방배2동 주민센터,청두곶길 36,운영,2014,,19,2026-06-30,2025,,1636.0,2025,2025-12-31,12,False,False,ok,,136.33333333333334
STAT_fc2875410dda,서초구,방음언덕형 공영주차장,주흥3길 34,철거,,2023,,2026-06-30,2025,,,2025,2025-12-31,12,False,False,ok,,
STAT_c30d9a40d4f3,서초구,양재공영주차장,양재천로 125-10,운영,,,,2026-06-30,2025,,228.0,2025,2025-12-31,12,False,False,ok,,19.0
STAT_dc1b29d184b4,서초구,서초꿈나무라이온스 보금자리,언남10길 48,운영,2013,,12,2026-06-30,2025,,919.0,2025,2025-12-31,12,False,False,ok,,76.58333333333333
STAT_85943aef4c38,강남구,역삼청소년수련관,논현로64길 7,운영,2019,,12,2026-06-30,2025,0.4184072052469399,1233.0,2025,2025-12-31,12,False,False,ok,41.84072052469399,102.75
STAT_6518099b70e6,강남구,대치2동 주민센터,영동대로65길 24,운영,2017,,19,2026-06-30,2025,,3368.0,2025,2025-12-31,12,False,False,ok,,280.6666666666667
STAT_2b28404d36cc,강남구,도곡1동 주민센터,도곡로18길 57,운영,2017,,19,2026-06-30,2025,,1370.0,2025,2025-12-31,12,False,False,ok,,114.16666666666667
STAT_62092e77fe91,강남구,논현1동주민센터,학동로20길 25,운영,2015,,19,2026-06-30,2025,,3186.0,2025,2025-12-31,12,False,False,ok,,265.5
STAT_e06c1f8676b7,강남구,대치4동 주민센터,도곡로77길 23,운영,2014,,47,2026-06-30,2025,,11052.0,2025,2025-12-31,12,False,False,ok,,921.0
STAT_3dc9d927646b,강남구,도곡2동주민센터,남부순환로378길 34-9,운영,2013,,26,2026-06-30,2025,,4713.0,2025,2025-12-31,12,False,False,ok,,392.75
STAT_178da6eefa25,강남구,일원1동주민센터,양재대로55길 14,철거,2018,2023,19,2026-06-30,2025,,,2025,2025-12-31,12,False,False,ok,,
STAT_03addec1b766,강남구,역삼1동 주민센터,역삼로7길 16,운영,2020,,19,2026-06-30,2025,,2480.0,2025,2025-12-31,12,False,False,ok,,206.66666666666666
STAT_9dcc8bc338db,강남구,현대오일뱅크_신사현대점,도산대로 163,철거,2019,2025,12,2026-06-30,2025,,,2025,2025-12-31,12,False,False,ok,,
STAT_fdc8088d2280,송파구,가락2동치안센터,오금로46길 55,운영,,,12,2026-06-30,2025,0.3884679696200571,810.0,2025,2025-12-31,12,False,False,ok,38.84679696200571,67.5
STAT_c6fcda5233f0,송파구,삼전지구대,백제고분로 238,운영,2021,,12,2026-06-30,2025,,886.0,2025,2025-12-31,12,False,False,ok,,73.83333333333333
STAT_3d8d555688c0,송파구,장지동 주민센터,새말로19길 6,철거,2017,2025,19,2026-06-30,2025,,,2025,2025-12-31,12,False,False,ok,,
STAT_dd23b99ed730,송파구,거여2동주민센터,거마로2길 19,운영,2016,,19,2026-06-30,2025,,3420.0,2025,2025-12-31,12,False,False,ok,,285.0
STAT_a95b9e0fb955,송파구,마천2동주민센터,마천로 287,운영,2021,,19,2026-06-30,2025,,3180.0,2025,2025-12-31,12,False,False,ok,,265.0
STAT_90806d728341,송파구,석촌동주민센터,백제고분로37길 16,운영,2015,,19,2026-06-30,2025,,4161.0,2025,2025-12-31,12,False,False,ok,,346.75
STAT_214fb25fa781,송파구,송파노인종합복지관,백제고분로32길 41,운영,2014,,19,2026-06-30,2025,,3140.0,2025,2025-12-31,12,False,False,ok,,261.6666666666667
STAT_5e9e07ce50c5,송파구,여의도 순복음송파교회,마천로 17,운영,2014,,19,2026-06-30,2025,,3272.0,2025,2025-12-31,12,False,False,ok,,272.6666666666667
STAT_bee805484f91,송파구,송파여성 문화회관,백제고분로42길 5,운영,2013,,33,2026-06-30,2025,,7040.0,2025,2025-12-31,12,False,False,ok,,586.6666666666666
STAT_3e86236a82a9,송파구,거여1동주민센터,오금로53길 32,운영,2013,,19,2026-06-30,2025,,1192.0,2025,2025-12-31,12,False,False,ok,,99.33333333333333
STAT_f7f629d29cd0,송파구,문정1동 주민센터,동남로 116,운영,2018,,19,2026-06-30,2025,,2891.0,2025,2025-12-31,12,False,False,ok,,240.91666666666666
STAT_21833b1ab987,강동구,강동구 평생학습관(명일동 공영주차장),구천면로 395,운영,,,12,2026-06-30,2025,0.31399335964428127,2547.0,2025,2025-12-31,12,False,False,ok,31.399335964428126,212.25
STAT_43f52127c80f,강동구,천호 청소년 문화의집,천중로 61,운영,2023,,12,2026-06-30,2025,,349.0,2025,2025-12-31,12,False,False,ok,,29.083333333333332
STAT_72c009707087,강동구,둔촌역전통시장공영주차장,성내동 417-34,운영,2021,,19,2026-06-30,2025,,1155.0,2025,2025-12-31,12,False,False,ok,,96.25
STAT_7e6e3efd79db,강동구,2001아울렛천호점,구천면로 189,철거,2016,2026,19,2026-06-30,2025,,,2025,2025-12-31,12,False,False,ok,,
STAT_d00fab07a6f6,강동구,강일동주민센터,아리수로93길 9-14,운영,2026,,19,2026-06-30,2025,,,2025,2025-12-31,12,False,False,ok,,
STAT_debabdac3ce2,강동구,길동주민센터,길동 228-10,운영,2015,,12,2026-06-30,2025,,2002.0,2025,2025-12-31,12,False,False,ok,,166.83333333333334
STAT_5049cc7dcee3,강동구,성내1동 주민센터,성내로 13,운영,2014,,19,2026-06-30,2025,,3687.0,2025,2025-12-31,12,False,False,ok,,307.25
STAT_3bf669c51a40,강동구,암사2동 주민센터,상암로3길 28,운영,2014,,19,2026-06-30,2025,,2815.0,2025,2025-12-31,12,False,False,ok,,234.58333333333334
STAT_7b79614c1bf0,강동구,강동구민회관,상암로 168,운영,2014,,19,2026-06-30,2025,,3668.0,2025,2025-12-31,12,False,False,ok,,305.6666666666667
STAT_a6d8c6945079,강동구,강동구립암사도서관,고덕로20길 42,운영,2013,,19,2026-06-30,2025,,1493.0,2025,2025-12-31,12,False,False,ok,,124.41666666666667
STAT_0e13e54ef4ed,강동구,강동구립해공도서관,올림픽로 702,운영,2021,,12,2026-06-30,2025,,1385.0,2025,2025-12-31,12,False,False,ok,,115.41666666666667
STAT_d812ffe286cc,강동구,구립안말경로당,풍성로45길 11,운영,2023,,12,2026-06-30,2025,,31.0,2025,2025-12-31,12,False,False,ok,,2.5833333333333335
STAT_f2873d5dd989,종로구,청운효자동 자치회관,자하문로19길 36,운영,2017,,19,2026-06-30,2026_h1,0.26662692798304005,803.0,2026,2026-06-30,6,True,False,ok,26.662692798304004,133.83333333333334
STAT_fc2a86ed1394,종로구,종로육아종합지원센터,성균관로1길 6-3,운영,2015,,19,2026-06-30,2026_h1,,1614.0,2026,2026-06-30,6,True,False,ok,,269.0
STAT_0cd8a2d799e5,종로구,숭인1동 주민센터,지봉로 86,운영,2014,,19,2026-06-30,2026_h1,,819.0,2026,2026-06-30,6,True,False,ok,,136.5
STAT_c7e46abc1681,종로구,숭인제2동주민센터,종로65길 10,운영,2020,,12,2026-06-30,2026_h1,,307.0,2026,2026-06-30,6,True,False,ok,,51.166666666666664
STAT_21a86d9f47ae,종로구,종로구민회관,지봉로5길 7-5,운영,2019,,12,2026-06-30,2026_h1,,552.0,2026,2026-06-30,6,True,False,ok,,92.0
STAT_993b2f02ae9c,중구,약수동공영주차장,동호로8다길 22,철거,2017,2025,12,2026-06-30,2026_h1,0.18529455358827174,,2026,2026-06-30,6,True,False,ok,18.529455358827175,
STAT_faccecab1808,중구,버티 공영주차장,동호로17길 270,운영,2017,,19,2026-06-30,2026_h1,,928.0,2026,2026-06-30,6,True,False,ok,,154.66666666666666
STAT_54b150fff4fd,중구,장충체육관 후문,동호로 241,운영,2016,,19,2026-06-30,2026_h1,,978.0,2026,2026-06-30,6,True,False,ok,,163.0
STAT_b9f19c6dddd0,중구,약수교회 식당입구,다산로8길 32,철거,2014,2025,19,2026-06-30,2026_h1,,,2026,2026-06-30,6,True,False,ok,,
STAT_f8bb8db97063,중구,장충공영주차장,장충동2가 192-129,철거,2018,2024,12,2026-06-30,2026_h1,,,2026,2026-06-30,6,True,False,ok,,
STAT_5f1ff7970896,중구,충현 공영주차장,동호로 11나길 47,철거,,2024,12,2026-06-30,2026_h1,,,2026,2026-06-30,6,True,False,ok,,
STAT_438c9ca92101,중구,명동주민센터,퇴계로20나길 16,철거,2016,2024,19,2026-06-30,2026_h1,,,2026,2026-06-30,6,True,False,ok,,
STAT_3b03968e50d1,중구,다산동공영주차장,동호로15길60,철거,,2022,12,2026-06-30,2026_h1,,,2026,2026-06-30,6,True,False,ok,,
STAT_8249f19c6910,중구,충무창업큐브,광희동 퇴계로 265,운영,2023,,12,2026-06-30,2026_h1,,,2026,2026-06-30,6,True,False,ok,,
STAT_1b5b79410bc5,용산구,보광동주민센터,장문로 95,운영,2020,,12,2026-06-30,2026_h1,0.271214995006644,169.0,2026,2026-06-30,6,True,False,ok,27.1214995006644,28.166666666666668
STAT_0f7ce7abe0cd,용산구,숙대 명재관 인근,효창원로86길 33,운영,2017,,19,2026-06-30,2026_h1,,1467.0,2026,2026-06-30,6,True,False,ok,,244.5
STAT_4050d8fe3123,용산구,용산치안센터(2가동주민센터),신흥로 90,운영,2016,,19,2026-06-30,2026_h1,,630.0,2026,2026-06-30,6,True,False,ok,,105.0
STAT_e81e7c62c745,용산구,효창동주민센터,효창원로 161,운영,2016,,19,2026-06-30,2026_h1,,583.0,2026,2026-06-30,6,True,False,ok,,97.16666666666667
STAT_7b48b85b0312,용산구,한남동공영주차장,이태원로 224-19,운영,2016,,12,2026-06-30,2026_h1,,643.0,2026,2026-06-30,6,True,False,ok,,107.16666666666667
STAT_9b09f30c5033,용산구,용산구청후문,녹사평대로 150,운영,2013,,19,2026-06-30,2026_h1,,717.0,2026,2026-06-30,6,True,False,ok,,119.5
STAT_6d1860ea10b7,용산구,효창종합사회복지관,효창원로146-12,철거,,2023,19,2026-06-30,2026_h1,,,2026,2026-06-30,6,True,False,ok,,
STAT_12ddd3aab93b,용산구,갈월종합사회복지관,두텁바위로 25,운영,2013,,26,2026-06-30,2026_h1,,1676.0,2026,2026-06-30,6,True,False,ok,,279.3333333333333
STAT_1172c7332dcd,용산구,용산꿈나무종합타운,백범로 329,운영,2018,,12,2026-06-30,2026_h1,,992.0,2026,2026-06-30,6,True,False,ok,,165.33333333333334
STAT_29cac3c98c62,성동구,열린금호교육문화관,무수막길 69,운영,,,12,2026-06-30,2026_h1,0.22281776263100542,661.0,2026,2026-06-30,6,True,False,ok,22.281776263100543,110.16666666666667
STAT_9d3fa2b69083,성동구,성수2가3동 공영주차장,광나루로 4가길 23,운영,2021,,12,2026-06-30,2026_h1,,363.0,2026,2026-06-30,6,True,False,ok,,60.5
STAT_4b912f14f5db,성동구,용답공영주차장,용답 29길 22,철거,2020,2024,12,2026-06-30,2026_h1,,,2026,2026-06-30,6,True,False,ok,,
STAT_943af5c9afc0,성동구,강변공영주차장,둘레길 47-5,철거,,2024,19,2026-06-30,2026_h1,,,2026,2026-06-30,6,True,False,ok,,
STAT_641149cfb49b,성동구,하왕십리공영주차장,무학봉길 48,운영,,,12,2026-06-30,2026_h1,,528.0,2026,2026-06-30,6,True,False,ok,,88.0
STAT_bd325c0b6958,성동구,성동구민종합체육센터,왕십리로 89,운영,2017,,19,2026-06-30,2026_h1,,824.0,2026,2026-06-30,6,True,False,ok,,137.33333333333334
STAT_6baaa2d14df5,성동구,응봉동 공영주차장,독서당로63길 40,운영,2024,,12,2026-06-30,2026_h1,,13.0,2026,2026-06-30,6,True,False,ok,,2.1666666666666665
STAT_cc117a8e3400,성동구,성동구립도서관,고산자로10길 9,운영,2016,,26,2026-06-30,2026_h1,,2373.0,2026,2026-06-30,6,True,False,ok,,395.5
STAT_9d29c73ae990,성동구,왕십리2동주민센터,무학봉15길 6,운영,2022,,12,2026-06-30,2026_h1,,392.0,2026,2026-06-30,6,True,False,ok,,65.33333333333333
STAT_9a738c1e0e95,성동구,사근동주민센터,사근동길 37,운영,2018,,12,2026-06-30,2026_h1,,300.0,2026,2026-06-30,6,True,False,ok,,50.0
STAT_d34ef1e8269d,광진구,자양2동주민센터,자양로3가길 26,운영,2019,,12,2026-06-30,2026_h1,0.26585552886160174,303.0,2026,2026-06-30,6,True,False,ok,26.585552886160173,50.5
STAT_3676629fc0b6,광진구,자양문화체육센터,뚝섬로52길 66,운영,2021,,19,2026-06-30,2026_h1,,975.0,2026,2026-06-30,6,True,False,ok,,162.5
STAT_075189ed3cf4,광진구,군자동주민센터,면목로 13,운영,2022,,12,2026-06-30,2026_h1,,645.0,2026,2026-06-30,6,True,False,ok,,107.5
STAT_b1db1e2faece,광진구,구의1동공영주차장,자양로18길 78,운영,,,19,2026-06-30,2026_h1,,1208.0,2026,2026-06-30,6,True,False,ok,,201.33333333333334
STAT_23649dd805e2,광진구,중곡감리교회,긴고랑로36길 56,철거,2017,2023,19,2026-06-30,2026_h1,,,2026,2026-06-30,6,True,False,ok,,
STAT_758ff5ca6137,광진구,구의2동주택가 공동주차장,자양로 309,운영,2017,,19,2026-06-30,2026_h1,,1196.0,2026,2026-06-30,6,True,False,ok,,199.33333333333334
STAT_e9bf395d37b8,광진구,자양종합사회복지관,자양번영로 35,운영,2016,,19,2026-06-30,2026_h1,,1010.0,2026,2026-06-30,6,True,False,ok,,168.33333333333334
STAT_408bd0ac3797,광진구,중곡문화체육센터,능동로 433,운영,2016,,19,2026-06-30,2026_h1,,984.0,2026,2026-06-30,6,True,False,ok,,164.0
STAT_e55a66477e82,광진구,중곡종합건강센터,긴고랑로 110,운영,2016,,19,2026-06-30,2026_h1,,815.0,2026,2026-06-30,6,True,False,ok,,135.83333333333334
STAT_3acf37d271c1,광진구,화양동주민센터,능동로17길 39,운영,2015,,19,2026-06-30,2026_h1,,1021.0,2026,2026-06-30,6,True,False,ok,,170.16666666666666
STAT_63bdb69c59a1,광진구,자양4동 주민센터,뚝섬로26길 58,운영,2014,,19,2026-06-30,2026_h1,,737.0,2026,2026-06-30,6,True,False,ok,,122.83333333333333
STAT_ca5751664bd1,광진구,동부여성발전센터,아차산로30길 36,운영,2014,,26,2026-06-30,2026_h1,,833.0,2026,2026-06-30,6,True,False,ok,,138.83333333333334
STAT_2b92845e04d7,광진구,중곡1동주민센터,긴고랑로12길 49,운영,2018,,12,2026-06-30,2026_h1,,677.0,2026,2026-06-30,6,True,False,ok,,112.83333333333333
STAT_cd0d76d74c3a,광진구,현대오일뱅크_중원주유소,동일로 398,철거,2019,2023,,2026-06-30,2026_h1,,,2026,2026-06-30,6,True,False,ok,,
STAT_0c47cbd55ae6,광진구,광진경찰서,자양로 167,운영,2018,,12,2026-06-30,2026_h1,,465.0,2026,2026-06-30,6,True,False,ok,,77.5
STAT_eaa2d3d65362,동대문구,휘경동공영주차장,망우로12길 33,운영,2019,,19,2026-06-30,2026_h1,0.3170285603811708,562.0,2026,2026-06-30,6,True,False,ok,31.702856038117076,93.66666666666667
STAT_d0f69a3385d2,동대문구,이문체육문화센터,한천로58길 81-49,운영,2022,,12,2026-06-30,2026_h1,,319.0,2026,2026-06-30,6,True,False,ok,,53.166666666666664
STAT_8507bb784f10,동대문구,신한은행 외대역 지점,휘경로 23(이문동),철거,2019,2026,12,2026-06-30,2026_h1,,,2026,2026-06-30,6,True,False,ok,,
STAT_764b677382e5,동대문구,나사렛교회,전농로27길 42,철거,2017,2024,19,2026-06-30,2026_h1,,,2026,2026-06-30,6,True,False,ok,,
STAT_30253358ff81,동대문구,장안2동 공영주차장,답십리로65길 124-5,운영,2017,,19,2026-06-30,2026_h1,,1108.0,2026,2026-06-30,6,True,False,ok,,184.66666666666666
STAT_0e5791032abc,동대문구,동대문구청 종합민원실,천호대로 145,운영,2016,,19,2026-06-30,2026_h1,,1816.0,2026,2026-06-30,6,True,False,ok,,302.6666666666667
STAT_d88bac6a8b15,동대문구,동대문종합사회복지관,약령시로5길 22,철거,2016,2023,19,2026-06-30,2026_h1,,,2026,2026-06-30,6,True,False,ok,,
STAT_6bc8f8825cac,동대문구,회기동공영주차장,회기로25길 31,운영,2016,,12,2026-06-30,2026_h1,,973.0,2026,2026-06-30,6,True,False,ok,,162.16666666666666
STAT_a301e08fb187,동대문구,답십리도서관,서울시립대로4길 75,운영,2015,,19,2026-06-30,2026_h1,,1884.0,2026,2026-06-30,6,True,False,ok,,314.0
STAT_3639fcc7ebce,동대문구,정보화도서관,회기로10길 60,운영,2013,,19,2026-06-30,2026_h1,,602.0,2026,2026-06-30,6,True,False,ok,,100.33333333333333
STAT_fb818619e613,동대문구,장안종합사회복지관,한천로18길 48,운영,2013,,26,2026-06-30,2026_h1,,974.0,2026,2026-06-30,6,True,False,ok,,162.33333333333334
STAT_95a09e290bd9,동대문구,답십리2청소년독서실,답십리로56길 15,운영,2022,,12,2026-06-30,2026_h1,,1034.0,2026,2026-06-30,6,True,False,ok,,172.33333333333334
STAT_cbdc9360c91f,중랑구,중화1치안센터,동일로 792,철거,2021,2024,19,2026-06-30,2026_h1,0.33089361151330593,,2026,2026-06-30,6,True,False,ok,33.08936115133059,
STAT_6de60005fdc0,중랑구,면목4동주민센터,면목로 246,운영,2016,,19,2026-06-30,2026_h1,,779.0,2026,2026-06-30,6,True,False,ok,,129.83333333333334
STAT_0856c74ea1d5,중랑구,면목5동 주민센터,동일로 619,운영,2014,,19,2026-06-30,2026_h1,,957.0,2026,2026-06-30,6,True,False,ok,,159.5
STAT_bf8a83ad9ef3,중랑구,면목본동 주민센터,면목로 397,운영,2013,,33,2026-06-30,2026_h1,,2773.0,2026,2026-06-30,6,True,False,ok,,462.1666666666667
STAT_6cb0a600e20f,중랑구,상봉1동주민센터,상봉중앙로1길 6,운영,2023,,19,2026-06-30,2026_h1,,1640.0,2026,2026-06-30,6,True,False,ok,,273.3333333333333
STAT_28eb1a2300e8,중랑구,상봉2동주민센터,동일로 114길 10,운영,,,19,2026-06-30,2026_h1,,739.0,2026,2026-06-30,6,True,False,ok,,123.16666666666667
STAT_23e5d157fd2d,성북구,석관동주민센터,화랑로 296,운영,2019,,12,2026-06-30,2026_h1,0.3038902489759345,899.0,2026,2026-06-30,6,True,False,ok,30.389024897593448,149.83333333333334
STAT_7c3980948ba9,성북구,성북정릉감리교회,보국문로8길 23,철거,2022,2026,19,2026-06-30,2026_h1,,,2026,2026-06-30,6,True,False,ok,,
STAT_db6096ed1b43,성북구,성북구립휘트니스센터,보문로29길 49,운영,2026,,19,2026-06-30,2026_h1,,,2026,2026-06-30,6,True,False,ok,,
STAT_d02c85eb65b9,성북구,보문부모아이지원센터,지봉로24길 26,운영,2020,,12,2026-06-30,2026_h1,,473.0,2026,2026-06-30,6,True,False,ok,,78.83333333333333
STAT_6a31f976acf1,성북구,제일빌딩,북악산로31길 8,운영,2017,,19,2026-06-30,2026_h1,,417.0,2026,2026-06-30,6,True,False,ok,,69.5
STAT_63ba54a52163,성북구,성북희망나눔봉사센터,삼양로 20,운영,2016,,19,2026-06-30,2026_h1,,1610.0,2026,2026-06-30,6,True,False,ok,,268.3333333333333
STAT_e667effbc8d6,성북구,안암교회,보문로30가길 41-6,운영,2015,,19,2026-06-30,2026_h1,,1070.0,2026,2026-06-30,6,True,False,ok,,178.33333333333334
STAT_7e654d362a1a,성북구,성북청소년수련관,한천로 660-9,철거,2018,2023,12,2026-06-30,2026_h1,,,2026,2026-06-30,6,True,False,ok,,
STAT_f5a46a229b66,성북구,아리랑 시네미디어센터,아리랑로 82,운영,2014,,19,2026-06-30,2026_h1,,1211.0,2026,2026-06-30,6,True,False,ok,,201.83333333333334
STAT_3a978882743c,성북구,장위1동 주민센터,장위로 61,운영,2014,,19,2026-06-30,2026_h1,,1808.0,2026,2026-06-30,6,True,False,ok,,301.3333333333333
STAT_11e6f823fec9,강북구,미아사거리역 1번출구,도봉로 50,운영,,,19,2026-06-30,2026_h1,0.4265604863758514,2140.0,2026,2026-06-30,6,True,False,ok,42.656048637585144,356.6666666666667
STAT_a95f5efae027,강북구,강북노인종합복지회관,삼양로92길 40,철거,2017,2024,19,2026-06-30,2026_h1,,,2026,2026-06-30,6,True,False,ok,,
STAT_df869c0261ad,강북구,솔밭근린공원 개방화장실,삼양로 561,운영,2016,,19,2026-06-30,2026_h1,,1406.0,2026,2026-06-30,6,True,False,ok,,234.33333333333334
STAT_6cd2ae161b97,강북구,강북문화예술회관,삼각산로 85,철거,2016,2025,19,2026-06-30,2026_h1,,,2026,2026-06-30,6,True,False,ok,,
STAT_8c9981ad567d,강북구,번동북부시장 북부마트,한천로123길 26,운영,2016,,19,2026-06-30,2026_h1,,511.0,2026,2026-06-30,6,True,False,ok,,85.16666666666667
STAT_02ce211a73ff,강북구,수유역1번출구,도봉로 338,운영,2015,,19,2026-06-30,2026_h1,,2297.0,2026,2026-06-30,6,True,False,ok,,382.8333333333333
STAT_6877775a2b50,강북구,미아동 복합청사,솔매로49길 14,운영,2014,,19,2026-06-30,2026_h1,,1487.0,2026,2026-06-30,6,True,False,ok,,247.83333333333334
STAT_b9455df15715,강북구,강북구청 본관 입구,도봉로89길 13,철거,2014,2025,19,2026-06-30,2026_h1,,,2026,2026-06-30,6,True,False,ok,,
STAT_3462bd604e62,강북구,수유1동 주민센터,삼양로 299,운영,2013,,19,2026-06-30,2026_h1,,1360.0,2026,2026-06-30,6,True,False,ok,,226.66666666666666
STAT_25c8fb76df82,도봉구,염광교회,도봉로120길 16,운영,2017,,19,2026-06-30,2026_h1,0.28926525382837537,606.0,2026,2026-06-30,6,True,False,ok,28.926525382837536,101.0
STAT_2d1a4ae7e6b6,도봉구,창3동 주민센터,덕릉로62길 89,운영,2017,,19,2026-06-30,2026_h1,,703.0,2026,2026-06-30,6,True,False,ok,,117.16666666666667
STAT_c44b7c117080,도봉구,도봉구민회관,도봉로 552,운영,2016,,19,2026-06-30,2026_h1,,2287.0,2026,2026-06-30,6,True,False,ok,,381.1666666666667
STAT_889ddcfc8dad,도봉구,창동 도봉육아종합지원센터,우이천로4길 24-5,철거,2016,2024,12,2026-06-30,2026_h1,,,2026,2026-06-30,6,True,False,ok,,
STAT_abdc15a2769f,도봉구,도봉서원종합사회복지관,마들로 668,운영,2014,,19,2026-06-30,2026_h1,,20.0,2026,2026-06-30,6,True,False,ok,,3.3333333333333335
STAT_edd0ce707057,도봉구,방아골종합사회복지관,시루봉로17길 42,운영,2014,,19,2026-06-30,2026_h1,,639.0,2026,2026-06-30,6,True,False,ok,,106.5
STAT_db61cb773620,도봉구,창동역1번출구,마들로11길 77,철거,2013,2024,26,2026-06-30,2026_h1,,,2026,2026-06-30,6,True,False,ok,,
STAT_bbe947b6127e,도봉구,도봉구민청,마들로 656,철거,,2022,,2026-06-30,2026_h1,,,2026,2026-06-30,6,True,False,ok,,
STAT_f2e61d5d0c1c,도봉구,창1동제1공영주차장,도봉로112길 43,철거,2016,2023,,2026-06-30,2026_h1,,,2026,2026-06-30,6,True,False,ok,,
STAT_9f573acbdc9c,도봉구,도봉1동주민센터,도봉로169나길 22,운영,2013,,19,2026-06-30,2026_h1,,849.0,2026,2026-06-30,6,True,False,ok,,141.5
STAT_f9c7836a82e2,도봉구,창2동 신창교회,덕릉로 247,운영,2018,,12,2026-06-30,2026_h1,,1183.0,2026,2026-06-30,6,True,False,ok,,197.16666666666666
STAT_550e7be8d55a,노원구,공릉종합사회복지관,동일로 1127 공릉아파트,운영,2019,,12,2026-06-30,2026_h1,0.3272065474163461,455.0,2026,2026-06-30,6,True,False,ok,32.72065474163461,75.83333333333333
STAT_973c52013a4d,노원구,상계문화정보도서관,동일로 243길 57,운영,2020,,19,2026-06-30,2026_h1,,725.0,2026,2026-06-30,6,True,False,ok,,120.83333333333333
STAT_607b1e6c65c7,노원구,상계2동주민센터,상계로 118,운영,2016,,19,2026-06-30,2026_h1,,1742.0,2026,2026-06-30,6,True,False,ok,,290.3333333333333
STAT_c95c9f143485,노원구,"상계3,4동 주민센터",덕릉로 859,운영,2014,,19,2026-06-30,2026_h1,,360.0,2026,2026-06-30,6,True,False,ok,,60.0
STAT_7139e11611c8,노원구,상계역 자전거대여소,상계로 190,운영,2014,,33,2026-06-30,2026_h1,,3510.0,2026,2026-06-30,6,True,False,ok,,585.0
STAT_796f54c33f16,노원구,공릉 청소년문화정보센터,노원로1나길 10,운영,2013,,19,2026-06-30,2026_h1,,1221.0,2026,2026-06-30,6,True,False,ok,,203.5
STAT_6a4e2e43208e,노원구,공릉1동 주민센터(노원),동일로186길 3-24,운영,,,19,2026-06-30,2026_h1,,1096.0,2026,2026-06-30,6,True,False,ok,,182.66666666666666
STAT_a37f33e680d0,노원구,월계문화정보도서관,월계로 319,철거,2015,2023,19,2026-06-30,2026_h1,,,2026,2026-06-30,6,True,False,ok,,
STAT_a66288880b6e,노원구,월계치안센터,석계로 93,철거,2018,2024,19,2026-06-30,2026_h1,,,2026,2026-06-30,6,True,False,ok,,
STAT_3b4b3b6074fc,은평구,역촌동 주민센터,연서로 59,운영,2013,,19,2026-06-30,2026_h1,0.3918503658728086,2128.0,2026,2026-06-30,6,True,False,ok,39.185036587280855,354.6666666666667
STAT_93f602e43c1c,은평구,갈현1동 주민센터,갈현로 301,운영,2013,,26,2026-06-30,2026_h1,,1188.0,2026,2026-06-30,6,True,False,ok,,198.0
STAT_769ff5af10db,은평구,갈현청소년센터쉼쉼,통일로89길 6-20,운영,2020,,12,2026-06-30,2026_h1,,288.0,2026,2026-06-30,6,True,False,ok,,48.0
STAT_56dbf40af347,은평구,연신내 지구대,갈현로 195,운영,2016,,19,2026-06-30,2026_h1,,1123.0,2026,2026-06-30,6,True,False,ok,,187.16666666666666
STAT_5598f8ce4998,은평구,구산동주민센터,갈현로17길 10,운영,2015,,19,2026-06-30,2026_h1,,1039.0,2026,2026-06-30,6,True,False,ok,,173.16666666666666
STAT_a0a6df8187c3,은평구,불광보건소,연서로 34길 11,철거,2016,2024,,2026-06-30,2026_h1,,,2026,2026-06-30,6,True,False,ok,,
STAT_b967fdd81b04,은평구,시립은평청소년센터,백련산로4길 16,철거,,2022,,2026-06-30,2026_h1,,,2026,2026-06-30,6,True,False,ok,,
STAT_700eff018d51,은평구,아인스하임,은평터널로7가길 8,철거,,2022,,2026-06-30,2026_h1,,,2026,2026-06-30,6,True,False,ok,,
STAT_8420add40d30,은평구,신사종합사회복지관,은평로 38,운영,2014,,26,2026-06-30,2026_h1,,2185.0,2026,2026-06-30,6,True,False,ok,,364.1666666666667
STAT_b7135035db3d,은평구,불광1동 치안센터,불광로 129,운영,2014,,19,2026-06-30,2026_h1,,1557.0,2026,2026-06-30,6,True,False,ok,,259.5
STAT_36245c05dd5b,은평구,청년취업사관학교 은평캠퍼스,은평로 245,운영,2014,,19,2026-06-30,2026_h1,,2037.0,2026,2026-06-30,6,True,False,ok,,339.5
STAT_ecbf63ad99b3,은평구,증산 정보도서관,증산로5길 6,철거,2013,2025,33,2026-06-30,2026_h1,,,2026,2026-06-30,6,True,False,ok,,
STAT_dba52d4dc13c,서대문구,청년누리,증가로4길 8-45,운영,2019,,12,2026-06-30,2026_h1,0.2354959674684137,798.0,2026,2026-06-30,6,True,False,ok,23.54959674684137,133.0
STAT_3209c0b76906,서대문구,남가좌2동 제2공영주차장,명지대5길 10-8,운영,,,12,2026-06-30,2026_h1,,369.0,2026,2026-06-30,6,True,False,ok,,61.5
STAT_6a637bb15cd7,서대문구,신한은행_남가좌동점,서대문구 수색로2길 36(남가좌동),운영,,,12,2026-06-30,2026_h1,,388.0,2026,2026-06-30,6,True,True,source_conflict,,64.66666666666667
STAT_7e17681867dd,서대문구,신한은행 명지대 지점,거북골로 45(남가좌동),운영,2019,,12,2026-06-30,2026_h1,,457.0,2026,2026-06-30,6,True,False,ok,,76.16666666666667
STAT_cf3f5621fd55,서대문구,홍제3동 주민센터,세검정로4길 32,운영,2017,,12,2026-06-30,2026_h1,,806.0,2026,2026-06-30,6,True,False,ok,,134.33333333333334
STAT_31fbd643fef2,서대문구,홍은2동 주민센터,모래내로 334,운영,2017,,19,2026-06-30,2026_h1,,577.0,2026,2026-06-30,6,True,False,ok,,96.16666666666667
STAT_9a4437a9e8b3,서대문구,연희동주민센터,연희로 189,운영,2016,,19,2026-06-30,2026_h1,,507.0,2026,2026-06-30,6,True,False,ok,,84.5
STAT_1646029bae43,서대문구,홍은1동주민센터,홍은중앙로 85,운영,,,19,2026-06-30,2026_h1,,621.0,2026,2026-06-30,6,True,False,ok,,103.5
STAT_cba02c66855e,서대문구,신한은행_연희동점,서대문구 연희맛로 28,운영,2022,,12,2026-06-30,2026_h1,,248.0,2026,2026-06-30,6,True,False,ok,,41.333333333333336
STAT_80e4ea4955e4,서대문구,서부제일교회 어린이도서관,가좌로 154,철거,2014,2025,12,2026-06-30,2026_h1,,,2026,2026-06-30,6,True,False,ok,,
STAT_1ea51086c56a,서대문구,봉원교회 북카페 옆,봉원사2길 13,운영,2013,,12,2026-06-30,2026_h1,,412.0,2026,2026-06-30,6,True,False,ok,,68.66666666666667
STAT_1e917029efef,서대문구,북아현동 주민센터,북아현로 24,운영,2013,,26,2026-06-30,2026_h1,,2189.0,2026,2026-06-30,6,True,False,ok,,364.8333333333333
STAT_a3f8e0e054fd,서대문구,충현동주민센터,북아현로22길 38,운영,2018,,12,2026-06-30,2026_h1,,574.0,2026,2026-06-30,6,True,False,ok,,95.66666666666667
STAT_8dec4790137f,마포구,서교동교회,잔다리로6길 11,운영,2019,,12,2026-06-30,2026_h1,0.2565816805707864,323.0,2026,2026-06-30,6,True,False,ok,25.65816805707864,53.833333333333336
STAT_8d6147041bce,마포구,성산1동주민센터,성산로 4길 15,운영,2019,,12,2026-06-30,2026_h1,,89.0,2026,2026-06-30,6,True,False,ok,,14.833333333333334
STAT_98a0f41ef8d7,마포구,대흥동주민센터,신촌로26길 10,운영,2013,,19,2026-06-30,2026_h1,,966.0,2026,2026-06-30,6,True,False,ok,,161.0
STAT_034d63886258,마포구,망원2동 치안센터,월드컵로31길 18,운영,2021,,19,2026-06-30,2026_h1,,855.0,2026,2026-06-30,6,True,False,ok,,142.5
STAT_7481b259a196,마포구,서현교회,잔다리로7길 31,운영,2021,,19,2026-06-30,2026_h1,,837.0,2026,2026-06-30,6,True,False,ok,,139.5
STAT_02ba68e25318,마포구,동교치안센터,신촌로2안길 27,운영,2021,,12,2026-06-30,2026_h1,,335.0,2026,2026-06-30,6,True,False,ok,,55.833333333333336
STAT_7ab19dc12969,마포구,서강동주민센터,독막로 165,운영,2020,,12,2026-06-30,2026_h1,,439.0,2026,2026-06-30,6,True,False,ok,,73.16666666666667
STAT_835a682c24e1,마포구,상암동주민센터후문,매봉산로2길 16,운영,,,19,2026-06-30,2026_h1,,516.0,2026,2026-06-30,6,True,False,ok,,86.0
STAT_0bd5f0eb3d10,마포구,신수동주민센터,독막로 192,운영,2017,,19,2026-06-30,2026_h1,,1128.0,2026,2026-06-30,6,True,False,ok,,188.0
STAT_deffabebbf77,마포구,성산2동주민센터,월드컵북로30길 22,운영,2016,,19,2026-06-30,2026_h1,,857.0,2026,2026-06-30,6,True,False,ok,,142.83333333333334
STAT_05cc498bda2e,마포구,연남동희망원룸주택,성미산로17길 79,운영,2015,,19,2026-06-30,2026_h1,,274.0,2026,2026-06-30,6,True,False,ok,,45.666666666666664
STAT_5c94fea8d4e9,마포구,상암동 제1공영주차장,성암로 197,운영,2014,,19,2026-06-30,2026_h1,,1394.0,2026,2026-06-30,6,True,False,ok,,232.33333333333334
STAT_9d348c728bd6,마포구,마포아트센터,대흥로20길 28,운영,2014,,19,2026-06-30,2026_h1,,1189.0,2026,2026-06-30,6,True,False,ok,,198.16666666666666
STAT_fac888c0d055,마포구,연남동 주민커뮤니티센터,동교로41길 36,운영,2013,,26,2026-06-30,2026_h1,,1870.0,2026,2026-06-30,6,True,False,ok,,311.6666666666667
STAT_6d6e701f1594,마포구,도화동 주민센터,도화길 37,운영,2013,,26,2026-06-30,2026_h1,,2694.0,2026,2026-06-30,6,True,False,ok,,449.0
STAT_39d0f0d3901b,양천구,신월1동 청소년독서실,남부순환로59길 8,철거,,2024,12,2026-06-30,2026_h1,0.3290040681901887,,2026,2026-06-30,6,True,False,ok,32.90040681901887,
STAT_23de841d5965,양천구,양천나눔누리센터,중앙로 250,운영,2017,,19,2026-06-30,2026_h1,,2563.0,2026,2026-06-30,6,True,False,ok,,427.1666666666667
STAT_2d04eb775967,양천구,목동실버복지문화센터,목동중앙로3길 21,운영,2016,,19,2026-06-30,2026_h1,,1217.0,2026,2026-06-30,6,True,False,ok,,202.83333333333334
STAT_5e1b65d10f0f,양천구,신월3동주민센터,남부순환로54길 5,운영,2016,,19,2026-06-30,2026_h1,,916.0,2026,2026-06-30,6,True,False,ok,,152.66666666666666
STAT_7cde1368b8b0,양천구,신정4동주민센터,오목로34길 5,운영,2016,,19,2026-06-30,2026_h1,,1443.0,2026,2026-06-30,6,True,False,ok,,240.5
STAT_ca4ba4317e97,양천구,목동문화체육센터,목동중앙본로 73,운영,2015,,19,2026-06-30,2026_h1,,1175.0,2026,2026-06-30,6,True,False,ok,,195.83333333333334
STAT_f11098cfa848,양천구,신월문화체육센터,지양로 47,운영,2014,,19,2026-06-30,2026_h1,,725.0,2026,2026-06-30,6,True,False,ok,,120.83333333333333
STAT_e0ecb8e2972b,양천구,신월5동주민센터,화곡로4길 10,운영,2014,,19,2026-06-30,2026_h1,,471.0,2026,2026-06-30,6,True,False,ok,,78.5
STAT_e1de30daf002,양천구,신월4동주민센터,오목로5길 34,운영,2013,,19,2026-06-30,2026_h1,,676.0,2026,2026-06-30,6,True,False,ok,,112.66666666666667
STAT_b88d8a60bdf8,양천구,목3동 주민센터,목동중앙남로16나길 55,운영,2013,,19,2026-06-30,2026_h1,,1276.0,2026,2026-06-30,6,True,False,ok,,212.66666666666666
STAT_ddedb1f16494,양천구,경창시장고객주차장,신월동 446-3,철거,,2023,,2026-06-30,2026_h1,,,2026,2026-06-30,6,True,False,ok,,
STAT_06696991c883,양천구,목동보건지소,목동중앙본로7가길 11,운영,2018,,12,2026-06-30,2026_h1,,542.0,2026,2026-06-30,6,True,False,ok,,90.33333333333333
STAT_99c35e6d1838,강서구,화곡2동주민센터,곰달래로37길 13,운영,2021,,12,2026-06-30,2026_h1,0.26993396380144496,181.0,2026,2026-06-30,6,True,False,ok,26.993396380144496,30.166666666666668
STAT_7d8d8d33828e,강서구,길꽃어린이도서관,금낭화로24길 5,운영,2019,,12,2026-06-30,2026_h1,,469.0,2026,2026-06-30,6,True,False,ok,,78.16666666666667
STAT_7a8f5894fece,강서구,화곡8동 주민센터,곰달래로25길 45,운영,2017,,19,2026-06-30,2026_h1,,1125.0,2026,2026-06-30,6,True,False,ok,,187.5
STAT_5c873e7265ba,강서구,가로공원공영주차장1번출구,가로공원로 189,운영,2016,,19,2026-06-30,2026_h1,,789.0,2026,2026-06-30,6,True,False,ok,,131.5
STAT_4318d33b4163,강서구,화곡 6-1 공영주차장,우장산로 114,운영,2015,,19,2026-06-30,2026_h1,,772.0,2026,2026-06-30,6,True,False,ok,,128.66666666666666
STAT_d6a3c7b99c3c,강서구,화곡 3-1 공영주차장,화곡로15길 40,운영,2014,,19,2026-06-30,2026_h1,,873.0,2026,2026-06-30,6,True,False,ok,,145.5
STAT_638d593500cd,강서구,화곡 1-1 공영주차장,곰달래로15길 28,운영,2014,,19,2026-06-30,2026_h1,,620.0,2026,2026-06-30,6,True,False,ok,,103.33333333333333
STAT_f6e9b8766022,강서구,내발산동 문화센터,강서로52길 89,운영,2014,,19,2026-06-30,2026_h1,,1456.0,2026,2026-06-30,6,True,False,ok,,242.66666666666666
STAT_fb84bfad2874,강서구,곰달래복지문화센터,강서로5길 50,운영,2013,,26,2026-06-30,2026_h1,,983.0,2026,2026-06-30,6,True,False,ok,,163.83333333333334
STAT_9e82a3101669,강서구,화곡4동 주민센터,곰달래로57가길 26,운영,2013,,26,2026-06-30,2026_h1,,1282.0,2026,2026-06-30,6,True,False,ok,,213.66666666666666
STAT_dbbb210dd022,강서구,볏골공원공영주차장,까치산로4길 22,운영,2013,,26,2026-06-30,2026_h1,,2939.0,2026,2026-06-30,6,True,False,ok,,489.8333333333333
STAT_f80238d23915,강서구,공항동 주민센터,송정로 45,운영,2013,,26,2026-06-30,2026_h1,,721.0,2026,2026-06-30,6,True,False,ok,,120.16666666666667
STAT_adbd014f8e18,강서구,발산1동주민센터,강서로47길 54,운영,2018,,19,2026-06-30,2026_h1,,896.0,2026,2026-06-30,6,True,False,ok,,149.33333333333334
STAT_0ffcc957b341,강서구,신방화역환승주차장,마곡서1로 111-12,운영,2021,,19,2026-06-30,2026_h1,,1118.0,2026,2026-06-30,6,True,False,ok,,186.33333333333334
STAT_0f9c71f4ccd3,구로구,가리봉동주민센터,우마2길 35,철거,,2024,12,2026-06-30,2026_h1,0.35412654246129066,,2026,2026-06-30,6,True,False,ok,35.412654246129065,
STAT_cda1caae8d02,구로구,구로구 시설관리공단,구로동로26길 54,철거,2017,2025,19,2026-06-30,2026_h1,,,2026,2026-06-30,6,True,False,ok,,
STAT_97228c730102,구로구,서울교통공사대림별관,도림천로 352,운영,2016,,12,2026-06-30,2026_h1,,1017.0,2026,2026-06-30,6,True,False,ok,,169.5
STAT_f5eb496803e2,구로구,온수동_공용이용시설,부일로1길 62,철거,2015,2024,19,2026-06-30,2026_h1,,,2026,2026-06-30,6,True,False,ok,,
STAT_afbd363d78f9,구로구,구로역1번출구 NC백화점,구로중앙로 174,운영,2014,,19,2026-06-30,2026_h1,,1302.0,2026,2026-06-30,6,True,False,ok,,217.0
STAT_717d49403232,구로구,구로구민회관,가마산로25길 21,운영,2014,,19,2026-06-30,2026_h1,,641.0,2026,2026-06-30,6,True,False,ok,,106.83333333333333
STAT_4c67d6d0cf6c,구로구,궁동종합사회복지관,오리로22길 5,철거,2014,2023,,2026-06-30,2026_h1,,,2026,2026-06-30,6,True,False,ok,,
STAT_8a9ec9230ef3,구로구,동양미래대학교 기숙사,중앙로 10-5,철거,,2022,,2026-06-30,2026_h1,,,2026,2026-06-30,6,True,False,ok,,
STAT_bb1c499a038e,구로구,구로2동주민센터앞,구로동로 141,운영,2013,,19,2026-06-30,2026_h1,,1105.0,2026,2026-06-30,6,True,False,ok,,184.16666666666666
STAT_d5563d8ce2f2,구로구,현대오일뱅크_구로셀프주유소,조원로12길 25,철거,2019,2022,,2026-06-30,2026_h1,,,2026,2026-06-30,6,True,False,ok,,
STAT_2e1abbb34621,구로구,구로구민 체육센터,고척로45길 36,운영,2013,,19,2026-06-30,2026_h1,,1081.0,2026,2026-06-30,6,True,False,ok,,180.16666666666666
STAT_d342021478da,구로구,오류1동텃골공영주차장,경인로15길 22,운영,2018,,19,2026-06-30,2026_h1,,1571.0,2026,2026-06-30,6,True,False,ok,,261.8333333333333
STAT_770a0515628d,금천구,독산2동주민센터,독산로 179,운영,2019,,12,2026-06-30,2026_h1,0.18492443687336158,339.0,2026,2026-06-30,6,True,False,ok,18.492443687336156,56.5
STAT_f53a3d3b4ca0,금천구,청춘삘딩,시흥대로138길 10-11,철거,,2024,12,2026-06-30,2026_h1,,,2026,2026-06-30,6,True,False,ok,,
STAT_4edeb9204c20,금천구,신한은행_디지털라운지,금천구 시흥대로 97(시흥동),철거,,2024,12,2026-06-30,2026_h1,,,2026,2026-06-30,6,True,False,ok,,
STAT_951c2981ecd6,금천구,신한은행_금천점,금천구 금하로 747-1(시흥동),운영,,,12,2026-06-30,2026_h1,,342.0,2026,2026-06-30,6,True,False,ok,,57.0
STAT_d6b3bad180a2,금천구,시흥4동 주민센터,독산로36길 14,운영,2014,,19,2026-06-30,2026_h1,,285.0,2026,2026-06-30,6,True,False,ok,,47.5
STAT_5ae25e4d56ee,금천구,금천호암노인복지관,독산로72길 86-5,철거,2013,2025,12,2026-06-30,2026_h1,,,2026,2026-06-30,6,True,False,ok,,
STAT_f2fef42db86a,금천구,시흥3동 주민센터,시흥대로18길 40,운영,2013,,19,2026-06-30,2026_h1,,703.0,2026,2026-06-30,6,True,False,ok,,117.16666666666667
STAT_f5261bc0d7fa,금천구,독산1동주민센터,시흥대로123길 11,운영,2013,,26,2026-06-30,2026_h1,,1064.0,2026,2026-06-30,6,True,False,ok,,177.33333333333334
STAT_bcf74284cb91,금천구,금빛휘트니스센터,금하로668 금빛공원,철거,2017,2023,19,2026-06-30,2026_h1,,,2026,2026-06-30,6,True,False,ok,,
STAT_936b450d3897,금천구,금천구청,시흥대로73길 70,운영,2018,,19,2026-06-30,2026_h1,,983.0,2026,2026-06-30,6,True,False,ok,,163.83333333333334
STAT_2cb38fb629a9,영등포구,영등포청소년상담복지센터,도영로22길 36,철거,,2024,12,2026-06-30,2026_h1,0.2919195385982313,,2026,2026-06-30,6,True,False,ok,29.191953859823126,
STAT_ac0e67648966,영등포구,영등포 제1스포츠센터,신풍로 1,운영,2013,,19,2026-06-30,2026_h1,,637.0,2026,2026-06-30,6,True,False,ok,,106.16666666666667
STAT_cf76a9f31288,영등포구,신길6동복지관,대방천로 193,운영,,,12,2026-06-30,2026_h1,,1029.0,2026,2026-06-30,6,True,False,ok,,171.5
STAT_33df9863f186,영등포구,영등포 평생학습관,버드나루로15길 10,운영,2017,,12,2026-06-30,2026_h1,,727.0,2026,2026-06-30,6,True,False,ok,,121.16666666666667
STAT_a60db2ab9433,영등포구,영등포본동주민센터,신길로61길 17,운영,2016,,19,2026-06-30,2026_h1,,1408.0,2026,2026-06-30,6,True,False,ok,,234.66666666666666
STAT_5382f3a621ba,영등포구,신길4동1동1마을공영주차장,신길로40길 5,운영,2016,,19,2026-06-30,2026_h1,,520.0,2026,2026-06-30,6,True,False,ok,,86.66666666666667
STAT_320997c6f358,영등포구,신길7동 주민센터,여의대방로43길 10,운영,2015,,19,2026-06-30,2026_h1,,1278.0,2026,2026-06-30,6,True,False,ok,,213.0
STAT_e3d3a1ede407,영등포구,도림동 주민센터,도영로7길 10,운영,2014,,19,2026-06-30,2026_h1,,620.0,2026,2026-06-30,6,True,False,ok,,103.33333333333333
STAT_a835274b8243,영등포구,다사랑어린이공원(경로당),대림로23가길 5,운영,2013,,12,2026-06-30,2026_h1,,173.0,2026,2026-06-30,6,True,False,ok,,28.833333333333332
STAT_882f7d1a36f1,영등포구,신길1동 주민센터,영등포로84길 24-5,운영,2013,,19,2026-06-30,2026_h1,,1146.0,2026,2026-06-30,6,True,False,ok,,191.0
STAT_73ecd7c0cbc7,영등포구,대림도서관,도신로 27,운영,2013,,26,2026-06-30,2026_h1,,764.0,2026,2026-06-30,6,True,False,ok,,127.33333333333333
STAT_e31f089e2af8,영등포구,그린케어센터,당산로29길 9,운영,2013,,19,2026-06-30,2026_h1,,1826.0,2026,2026-06-30,6,True,False,ok,,304.3333333333333
STAT_dc9c9cf7c202,동작구,스페이스살림,노량진로 10,운영,2021,,19,2026-06-30,2026_h1,0.2331207313118594,869.0,2026,2026-06-30,6,True,False,ok,23.31207313118594,144.83333333333334
STAT_c5df9c17d8f5,동작구,사당종합체육관,사당로27길 232,운영,2022,,12,2026-06-30,2026_h1,,148.0,2026,2026-06-30,6,True,False,ok,,24.666666666666668
STAT_836471fef345,동작구,신한은행 숭실대역 지점,상도로37길 76 (상도동),운영,2019,,12,2026-06-30,2026_h1,,236.0,2026,2026-06-30,6,True,False,ok,,39.333333333333336
STAT_ba2e73e2c8ad,동작구,순만빌딩,노량진로 169,운영,2017,,19,2026-06-30,2026_h1,,865.0,2026,2026-06-30,6,True,False,ok,,144.16666666666666
STAT_996f07c4ece7,동작구,사당문화회관,사당로8길 9,운영,2016,,19,2026-06-30,2026_h1,,1219.0,2026,2026-06-30,6,True,False,ok,,203.16666666666666
STAT_bf55db69f366,동작구,상도1동주민센터,상도로53길 9,운영,2016,,19,2026-06-30,2026_h1,,1180.0,2026,2026-06-30,6,True,False,ok,,196.66666666666666
STAT_da0f3a674fb7,동작구,예그리나주택,국사봉8길 47,철거,2015,2025,19,2026-06-30,2026_h1,,,2026,2026-06-30,6,True,False,ok,,
STAT_9227ed4259f5,동작구,강남교회 교육관,만양로 76,운영,2014,,19,2026-06-30,2026_h1,,561.0,2026,2026-06-30,6,True,False,ok,,93.5
STAT_e3a9ba06c7fd,동작구,동작청소년센터,상도로15바길 5,운영,2014,,19,2026-06-30,2026_h1,,341.0,2026,2026-06-30,6,True,False,ok,,56.833333333333336
STAT_594cee10f6bf,동작구,kb국민은행 동작구청지점,장승배기로 161,운영,2013,,47,2026-06-30,2026_h1,,926.0,2026,2026-06-30,6,True,False,ok,,154.33333333333334
STAT_6db9bba2b70d,동작구,사당노인종합복지관,남부순환로 2081,운영,2013,,19,2026-06-30,2026_h1,,1191.0,2026,2026-06-30,6,True,False,ok,,198.5
STAT_590aa89b66f6,동작구,상도3동 주민센터,성대로2길 11,운영,2013,,33,2026-06-30,2026_h1,,2720.0,2026,2026-06-30,6,True,False,ok,,453.3333333333333
STAT_c90e70b29716,동작구,신대방해피점,신대방1나길 26,철거,,2026,12,2026-06-30,2026_h1,,,2026,2026-06-30,6,True,False,ok,,
STAT_5120b86a6b6f,동작구,현대오일뱅크_사당셀프주유소,동작대로 73,운영,2019,,12,2026-06-30,2026_h1,,1018.0,2026,2026-06-30,6,True,False,ok,,169.66666666666666
STAT_fe6f6bc2a124,관악구,미성체육관,난우16길 37,운영,2023,,12,2026-06-30,2026_h1,0.28249276933866435,231.0,2026,2026-06-30,6,True,False,ok,28.249276933866437,38.5
STAT_56299bc63850,관악구,신한은행_신림역,관악구 신림동 남부순환로 1590,운영,2022,,12,2026-06-30,2026_h1,,685.0,2026,2026-06-30,6,True,False,ok,,114.16666666666667
STAT_1d3fb4e138cc,관악구,신한은행 (구)봉천서 지점,은천로 110 (봉천동),운영,2019,,12,2026-06-30,2026_h1,,709.0,2026,2026-06-30,6,True,False,ok,,118.16666666666667
STAT_936f209efdf3,관악구,신한은행 신림대학동 지점,호암로26길 58 대학동 (신림동),철거,2019,2024,12,2026-06-30,2026_h1,,,2026,2026-06-30,6,True,False,ok,,
STAT_26ef031f14e0,관악구,서원동주민센터,신림로 282,운영,2017,,19,2026-06-30,2026_h1,,1011.0,2026,2026-06-30,6,True,False,ok,,168.5
STAT_ac86c63305db,관악구,관악청소년회관,신림로23길 17,운영,2016,,26,2026-06-30,2026_h1,,1472.0,2026,2026-06-30,6,True,False,ok,,245.33333333333334
STAT_b41f016635ef,관악구,인헌동주민센터,남부순환로246가길 20,운영,2016,,19,2026-06-30,2026_h1,,2317.0,2026,2026-06-30,6,True,False,ok,,386.1666666666667
STAT_74d2efca893f,관악구,남현동 주민센터,남현1가길 29,운영,2014,,19,2026-06-30,2026_h1,,661.0,2026,2026-06-30,6,True,False,ok,,110.16666666666667
STAT_aa17782bb666,관악구,청룡동 주민센터,쑥고개로 44,운영,2014,,19,2026-06-30,2026_h1,,592.0,2026,2026-06-30,6,True,False,ok,,98.66666666666667
STAT_739bf0c4ecec,관악구,조원동주민센터,조원로12길 25,운영,2013,,19,2026-06-30,2026_h1,,633.0,2026,2026-06-30,6,True,False,ok,,105.5
STAT_b0a304140bbb,관악구,신사동자치회관,조원로 151-1,운영,2013,,26,2026-06-30,2026_h1,,734.0,2026,2026-06-30,6,True,False,ok,,122.33333333333333
STAT_760a24d827b5,관악구,행운동주민센터,행운1길 43,운영,2013,,26,2026-06-30,2026_h1,,1985.0,2026,2026-06-30,6,True,False,ok,,330.8333333333333
STAT_b467abb13ad2,관악구,미성동자치회관,난곡로 52길 16,철거,,2023,,2026-06-30,2026_h1,,,2026,2026-06-30,6,True,False,ok,,
STAT_cb297e1d13e2,관악구,관악구청,관악로 145,운영,2018,,19,2026-06-30,2026_h1,,1913.0,2026,2026-06-30,6,True,False,ok,,318.8333333333333
STAT_f1828ad4a155,관악구,국사봉 체육관,국회단지길 144 51,운영,2024,,,2026-06-30,2026_h1,,56.0,2026,2026-06-30,6,True,False,ok,,9.333333333333334
STAT_fd7dad718d33,관악구,신림여성회관,대학길 64,운영,2018,,12,2026-06-30,2026_h1,,486.0,2026,2026-06-30,6,True,False,ok,,81.0
STAT_ed2495e74c89,관악구,현대오일뱅크_관악셀프주유소,남부순환로 1520,철거,2019,2024,12,2026-06-30,2026_h1,,,2026,2026-06-30,6,True,False,ok,,
STAT_e2c06f7250be,서초구,양재1동민원분소,남부순환로 2610,운영,2020,,12,2026-06-30,2026_h1,0.3272196668707098,720.0,2026,2026-06-30,6,True,False,ok,32.72196668707098,120.0
STAT_5f1d756f00d5,서초구,양재2동주민센터,강남대로12길 44,운영,2015,,19,2026-06-30,2026_h1,,1163.0,2026,2026-06-30,6,True,False,ok,,193.83333333333334
STAT_465a64adf765,서초구,언구비 공영주차장,강남대로83길 55,운영,,,19,2026-06-30,2026_h1,,1500.0,2026,2026-06-30,6,True,False,ok,,250.0
STAT_1c2f11d66857,서초구,방배열린문화센터,방배로 173,운영,2014,,19,2026-06-30,2026_h1,,2204.0,2026,2026-06-30,6,True,False,ok,,367.3333333333333
STAT_18a2f9da394e,서초구,방배2동 주민센터,청두곶길 36,운영,2014,,19,2026-06-30,2026_h1,,656.0,2026,2026-06-30,6,True,False,ok,,109.33333333333333
STAT_fc2875410dda,서초구,방음언덕형 공영주차장,주흥3길 34,철거,,2023,,2026-06-30,2026_h1,,,2026,2026-06-30,6,True,False,ok,,
STAT_c30d9a40d4f3,서초구,양재공영주차장,양재천로 125-10,운영,,,,2026-06-30,2026_h1,,295.0,2026,2026-06-30,6,True,False,ok,,49.166666666666664
STAT_dc1b29d184b4,서초구,서초꿈나무라이온스 보금자리,언남10길 48,운영,2013,,12,2026-06-30,2026_h1,,482.0,2026,2026-06-30,6,True,False,ok,,80.33333333333333
STAT_85943aef4c38,강남구,역삼청소년수련관,논현로64길 7,운영,2019,,12,2026-06-30,2026_h1,0.39551012948908,458.0,2026,2026-06-30,6,True,False,ok,39.551012948907996,76.33333333333333
STAT_6518099b70e6,강남구,대치2동 주민센터,영동대로65길 24,운영,2017,,19,2026-06-30,2026_h1,,1736.0,2026,2026-06-30,6,True,False,ok,,289.3333333333333
STAT_2b28404d36cc,강남구,도곡1동 주민센터,도곡로18길 57,운영,2017,,19,2026-06-30,2026_h1,,448.0,2026,2026-06-30,6,True,False,ok,,74.66666666666667
STAT_62092e77fe91,강남구,논현1동주민센터,학동로20길 25,운영,2015,,19,2026-06-30,2026_h1,,1412.0,2026,2026-06-30,6,True,False,ok,,235.33333333333334
STAT_e06c1f8676b7,강남구,대치4동 주민센터,도곡로77길 23,운영,2014,,47,2026-06-30,2026_h1,,5481.0,2026,2026-06-30,6,True,False,ok,,913.5
STAT_3dc9d927646b,강남구,도곡2동주민센터,남부순환로378길 34-9,운영,2013,,26,2026-06-30,2026_h1,,1874.0,2026,2026-06-30,6,True,False,ok,,312.3333333333333
STAT_178da6eefa25,강남구,일원1동주민센터,양재대로55길 14,철거,2018,2023,19,2026-06-30,2026_h1,,,2026,2026-06-30,6,True,False,ok,,
STAT_03addec1b766,강남구,역삼1동 주민센터,역삼로7길 16,운영,2020,,19,2026-06-30,2026_h1,,1633.0,2026,2026-06-30,6,True,False,ok,,272.1666666666667
STAT_9dcc8bc338db,강남구,현대오일뱅크_신사현대점,도산대로 163,철거,2019,2025,12,2026-06-30,2026_h1,,,2026,2026-06-30,6,True,False,ok,,
STAT_fdc8088d2280,송파구,가락2동치안센터,오금로46길 55,운영,,,12,2026-06-30,2026_h1,0.38523996891462936,646.0,2026,2026-06-30,6,True,False,ok,38.523996891462936,107.66666666666667
STAT_c6fcda5233f0,송파구,삼전지구대,백제고분로 238,운영,2021,,12,2026-06-30,2026_h1,,130.0,2026,2026-06-30,6,True,False,ok,,21.666666666666668
STAT_3d8d555688c0,송파구,장지동 주민센터,새말로19길 6,철거,2017,2025,19,2026-06-30,2026_h1,,,2026,2026-06-30,6,True,False,ok,,
STAT_dd23b99ed730,송파구,거여2동주민센터,거마로2길 19,운영,2016,,19,2026-06-30,2026_h1,,1570.0,2026,2026-06-30,6,True,False,ok,,261.6666666666667
STAT_a95b9e0fb955,송파구,마천2동주민센터,마천로 287,운영,2021,,19,2026-06-30,2026_h1,,1301.0,2026,2026-06-30,6,True,False,ok,,216.83333333333334
STAT_90806d728341,송파구,석촌동주민센터,백제고분로37길 16,운영,2015,,19,2026-06-30,2026_h1,,2283.0,2026,2026-06-30,6,True,False,ok,,380.5
STAT_214fb25fa781,송파구,송파노인종합복지관,백제고분로32길 41,운영,2014,,19,2026-06-30,2026_h1,,1271.0,2026,2026-06-30,6,True,False,ok,,211.83333333333334
STAT_5e9e07ce50c5,송파구,여의도 순복음송파교회,마천로 17,운영,2014,,19,2026-06-30,2026_h1,,1175.0,2026,2026-06-30,6,True,False,ok,,195.83333333333334
STAT_bee805484f91,송파구,송파여성 문화회관,백제고분로42길 5,운영,2013,,33,2026-06-30,2026_h1,,3120.0,2026,2026-06-30,6,True,False,ok,,520.0
STAT_3e86236a82a9,송파구,거여1동주민센터,오금로53길 32,운영,2013,,19,2026-06-30,2026_h1,,725.0,2026,2026-06-30,6,True,False,ok,,120.83333333333333
STAT_f7f629d29cd0,송파구,문정1동 주민센터,동남로 116,운영,2018,,19,2026-06-30,2026_h1,,1923.0,2026,2026-06-30,6,True,False,ok,,320.5
STAT_21833b1ab987,강동구,강동구 평생학습관(명일동 공영주차장),구천면로 395,운영,,,12,2026-06-30,2026_h1,0.25275421773723983,1143.0,2026,2026-06-30,6,True,False,ok,25.275421773723984,190.5
STAT_43f52127c80f,강동구,천호 청소년 문화의집,천중로 61,운영,2023,,12,2026-06-30,2026_h1,,216.0,2026,2026-06-30,6,True,False,ok,,36.0
STAT_72c009707087,강동구,둔촌역전통시장공영주차장,성내동 417-34,운영,2021,,19,2026-06-30,2026_h1,,435.0,2026,2026-06-30,6,True,False,ok,,72.5
STAT_7e6e3efd79db,강동구,2001아울렛천호점,구천면로 189,철거,2016,2026,19,2026-06-30,2026_h1,,,2026,2026-06-30,6,True,False,ok,,
STAT_d00fab07a6f6,강동구,강일동주민센터,아리수로93길 9-14,운영,2026,,19,2026-06-30,2026_h1,,4.0,2026,2026-06-30,6,True,False,ok,,0.6666666666666666
STAT_debabdac3ce2,강동구,길동주민센터,길동 228-10,운영,2015,,12,2026-06-30,2026_h1,,626.0,2026,2026-06-30,6,True,False,ok,,104.33333333333333
STAT_5049cc7dcee3,강동구,성내1동 주민센터,성내로 13,운영,2014,,19,2026-06-30,2026_h1,,1821.0,2026,2026-06-30,6,True,False,ok,,303.5
STAT_3bf669c51a40,강동구,암사2동 주민센터,상암로3길 28,운영,2014,,19,2026-06-30,2026_h1,,1031.0,2026,2026-06-30,6,True,False,ok,,171.83333333333334
STAT_7b79614c1bf0,강동구,강동구민회관,상암로 168,운영,2014,,19,2026-06-30,2026_h1,,1809.0,2026,2026-06-30,6,True,False,ok,,301.5
STAT_a6d8c6945079,강동구,강동구립암사도서관,고덕로20길 42,운영,2013,,19,2026-06-30,2026_h1,,116.0,2026,2026-06-30,6,True,False,ok,,19.333333333333332
STAT_0e13e54ef4ed,강동구,강동구립해공도서관,올림픽로 702,운영,2021,,12,2026-06-30,2026_h1,,793.0,2026,2026-06-30,6,True,False,ok,,132.16666666666666
STAT_d812ffe286cc,강동구,구립안말경로당,풍성로45길 11,운영,2023,,12,2026-06-30,2026_h1,,61.0,2026,2026-06-30,6,True,False,ok,,10.166666666666666
